# Generated by low-poly.com
mtllib miyoo.mtl
o Body2
v -35.389999 21.63345 11.060769
v -35.389999 23.583761 0
v -35.778229 21.586344 11.033573
v -35.778229 23.53186 0
v -36.139999 21.44824 10.95384
v -36.139999 23.3797 0
v -36.450661 21.228552 10.827001
v -36.450661 23.137644 0
v -36.689037 20.942245 10.661703
v -36.689037 22.822191 0
v -36.83889 20.608835 10.469208
v -36.83889 22.454838 0
v -36.889999 20.251041 10.262636
v -36.889999 22.060621 0
v -36.889999 16.200001 13.661863
v -36.863544 16.200001 14.028008
v -36.785107 16.200001 14.381237
v -36.657455 16.200001 14.70909
v -36.485092 16.200001 15
v -36.253979 16.512884 15
v -35.98682 16.746187 15
v -35.843163 16.829815 15
v -35.694767 16.890181 15
v -35.543186 16.926655 15
v -35.389999 16.938856 15
v -26.389999 23.583761 0
v -26.389999 21.63345 11.060769
v -26.389999 16.938856 15
v -25.936836 16.829815 15
v -26.085232 16.890181 15
v -25.793179 16.746187 15
v -25.526022 16.512884 15
v -25.294909 16.200001 15
v -26.236814 16.926655 15
v -24.889999 22.060621 0
v -24.941111 22.454838 0
v -24.889999 20.251041 10.262636
v -24.941111 20.608835 10.469208
v -25.090961 22.822191 0
v -25.090961 20.942245 10.661703
v -25.32934 23.137644 0
v -25.32934 21.228552 10.827001
v -25.639999 23.3797 0
v -25.639999 21.44824 10.95384
v -26.001772 23.53186 0
v -26.001772 21.586344 11.033573
v -25.122545 16.200001 14.70909
v -24.994896 16.200001 14.381237
v -24.916456 16.200001 14.028008
v -24.889999 16.200001 13.661863
v -34.389999 21.94656 0
v -35.800278 21.777052 0
v -36.889999 21.383909 0
v -24.889999 21.94656 0
v -24.889999 20.024429 1.185056
v -24.889999 18.417189 2.771157
v -24.889999 17.206789 4.677429
v -24.889999 16.454947 6.806672
v -24.889999 16.200001 9.050318
v -20.889999 21.63345 11.060769
v -20.889999 23.583761 0
v -21.278229 21.586344 11.033573
v -21.278229 23.53186 0
v -21.639999 21.44824 10.95384
v -21.639999 23.3797 0
v -21.950661 21.228552 10.827001
v -21.950661 23.137644 0
v -22.189037 20.942245 10.661703
v -22.189037 22.822191 0
v -22.338888 20.608835 10.469208
v -22.338888 22.454838 0
v -22.389999 20.251041 10.262636
v -22.389999 22.060621 0
v -22.389999 16.200001 13.661863
v -22.363543 16.200001 14.028008
v -22.285105 16.200001 14.381237
v -22.157454 16.200001 14.70909
v -21.985092 16.200001 15
v -21.753979 16.512884 15
v -21.48682 16.746187 15
v -21.343164 16.829815 15
v -21.194769 16.890181 15
v -21.043184 16.926655 15
v -20.889999 16.938856 15
v -10.441111 22.454838 0
v -10.39 22.060621 0
v -22.389999 21.94656 0
v -10.39 21.94656 0
v -10.590962 22.822191 0
v -10.82934 23.137644 0
v -11.14 23.3797 0
v -11.89 23.583761 0
v -11.501771 23.53186 0
v -11.89 21.63345 11.060769
v -11.89 16.938856 15
v -11.436836 16.829815 15
v -11.585232 16.890181 15
v -11.293179 16.746187 15
v -11.026022 16.512884 15
v -10.794908 16.200001 15
v -11.736815 16.926655 15
v -10.39 20.251041 10.262636
v -10.441111 20.608835 10.469208
v -10.590962 20.942245 10.661703
v -10.82934 21.228552 10.827001
v -11.14 21.44824 10.95384
v -11.501771 21.586344 11.033573
v -10.622546 16.200001 14.70909
v -10.494895 16.200001 14.381237
v -10.416457 16.200001 14.028008
v -10.39 16.200001 13.661863
v -10.39 20.024429 1.185056
v -10.39 18.417189 2.771158
v -10.39 17.206789 4.67743
v -10.39 16.454947 6.806673
v -10.39 16.200001 9.050318
v 11.89 21.631418 11.072286
v 11.89 23.58173 0.011517
v 11.501771 21.584314 11.04509
v 11.501771 23.529831 0.011517
v 11.14 21.446211 10.965356
v 11.14 23.377668 0.011517
v 10.82934 21.226521 10.838518
v 10.82934 23.135612 0.011517
v 10.590962 20.940214 10.673219
v 10.590962 22.82016 0.011517
v 10.441111 20.606804 10.480724
v 10.441111 22.452808 0.011517
v 10.39 20.24901 10.274152
v 10.39 22.05859 0.011517
v 10.39 16.200001 13.671676
v 10.416541 16.200001 14.038394
v 10.495223 16.200001 14.392136
v 10.623264 16.200001 14.720382
v 10.796131 16.200001 15.011517
v 11.027119 16.512054 15.011517
v 11.293999 16.744711 15.011517
v 11.437476 16.8281 15.011517
v 11.58567 16.888292 15.011517
v 11.737038 16.92466 15.011517
v 11.89 16.936825 15.011517
v 22.338888 22.452808 0.011517
v 22.389999 22.05859 0.011517
v 10.39 21.92214 0.011517
v 22.389999 21.92214 0.011517
v 22.189037 22.82016 0.011517
v 21.950661 23.135612 0.011517
v 21.639999 23.377668 0.011517
v 20.889999 23.58173 0.011517
v 21.278229 23.529831 0.011517
v 20.889999 21.631418 11.072286
v 20.889999 16.936825 15.011517
v 21.342524 16.8281 15.011517
v 21.19433 16.888292 15.011517
v 21.486 16.744711 15.011517
v 21.75288 16.512054 15.011517
v 21.98387 16.200001 15.011517
v 21.042961 16.92466 15.011517
v 22.389999 20.24901 10.274152
v 22.338888 20.606804 10.480724
v 22.189037 20.940214 10.673219
v 21.950661 21.226521 10.838518
v 21.639999 21.446211 10.965356
v 21.278229 21.584314 11.04509
v 22.156736 16.200001 14.720382
v 22.284777 16.200001 14.392136
v 22.363459 16.200001 14.038394
v 22.389999 16.200001 13.671676
v 22.389999 20.007456 1.198413
v 22.389999 18.407026 2.783773
v 22.389999 17.20207 4.687144
v 22.389999 16.453737 6.811935
v 22.389999 16.200001 9.050318
v 26.389999 21.631418 11.072286
v 26.389999 23.58173 0.011517
v 26.001772 21.584314 11.04509
v 26.001772 23.529831 0.011517
v 25.639999 21.446211 10.965356
v 25.639999 23.377668 0.011517
v 25.32934 21.226521 10.838518
v 25.32934 23.135612 0.011517
v 25.090961 20.940214 10.673219
v 25.090961 22.82016 0.011517
v 24.941111 20.606804 10.480724
v 24.941111 22.452808 0.011517
v 24.889999 20.24901 10.274152
v 24.889999 22.05859 0.011517
v 24.889999 16.200001 13.671676
v 24.91654 16.200001 14.038394
v 24.995222 16.200001 14.392136
v 25.123264 16.200001 14.720382
v 25.296131 16.200001 15.011517
v 25.527119 16.512054 15.011517
v 25.793999 16.744711 15.011517
v 25.937475 16.8281 15.011517
v 26.08567 16.888292 15.011517
v 26.237038 16.92466 15.011517
v 26.389999 16.936825 15.011517
v 24.889999 21.92214 0.011517
v 34.389999 21.92214 0.011517
v 36.450661 23.135612 0.011517
v 36.689037 22.82016 0.011517
v 36.83889 22.452808 0.011517
v 36.889999 22.05859 0.011517
v 35.389999 23.58173 0.011517
v 36.139999 23.377668 0.011517
v 35.778229 23.529831 0.011517
v 36.889999 21.363771 0.011517
v 35.801685 21.753601 0.011517
v 35.389999 21.631418 11.072286
v 35.389999 16.936825 15.011517
v 35.842525 16.8281 15.011517
v 35.694328 16.888292 15.011517
v 35.986 16.744711 15.011517
v 36.25288 16.512054 15.011517
v 36.483868 16.200001 15.011517
v 35.542961 16.92466 15.011517
v 36.889999 20.24901 10.274152
v 36.83889 20.606804 10.480724
v 36.689037 20.940214 10.673219
v 36.450661 21.226521 10.838518
v 36.139999 21.446211 10.965356
v 35.778229 21.584314 11.04509
v 36.656734 16.200001 14.720382
v 36.784779 16.200001 14.392136
v 36.863461 16.200001 14.038394
v 36.889999 16.200001 13.671676
v 36.889999 21.285486 0.056866
v 36.889999 19.181271 1.688552
v 36.889999 17.566053 3.804281
v 36.889999 16.547766 6.265172
v 36.889999 16.287577 7.571047
v 36.889999 16.200001 8.902249
v 36.889999 21.501978 -0.102721
v 36.889999 21.830128 -0.24
v 36.889999 21.67552 -0.307242
v 36.889999 21.741047 -0.424238
v 36.889999 21.78982 -0.549321
v 36.889999 21.819902 -0.679748
v 36.889999 21.830128 -0.813272
v -16.889999 -1.65 -14.16
v -16.889999 -1.844114 -14.185556
v -16.631182 -1.65 -14.194074
v -15.924074 -1.65 -14.901181
v -16.023975 -1.65 -14.66
v -15.990481 -2.025 -15.16
v -15.89 -1.65 -15.16
v -15.915556 -1.844114 -15.16
v -16.445887 -2.374444 -15.16
v -16.64852 -2.4 -15.095295
v -16.639999 -2.4 -15.16
v -16.889999 -2.18033 -14.37967
v -16.389999 -1.65 -14.293975
v -16.182894 -1.65 -14.452893
v -16.577499 -2.299519 -14.618734
v -16.109671 -2.18033 -15.16
v -16.264999 -2.299519 -15.16
v -16.889999 -2.4 -14.91
v -16.825294 -2.4 -14.918519
v -16.764999 -2.4 -14.943494
v -16.713223 -2.4 -14.983223
v -16.673494 -2.4 -15.035
v -16.639999 -2.4 -20.16
v -16.445887 -2.374444 -20.16
v -16.264999 -2.299519 -20.16
v -16.109671 -2.18033 -20.16
v -15.990481 -2.025 -20.16
v -15.915556 -1.844114 -20.16
v -15.89 -1.65 -20.16
v -14.89 -2.4 -21.91
v -14.89 -2.374444 -21.715885
v -15.342933 -2.4 -21.85037
v -15.765 -2.4 -21.675545
v -16.405544 -2.4 -21.035
v -16.127438 -2.4 -21.397436
v -16.58037 -2.4 -20.612932
v -15.855926 -1.65 -20.418819
v -14.89 -2.299519 -21.535
v -15.499835 -2.18033 -21.216265
v -14.89 -2.18033 -21.379669
v -14.89 -2.025 -21.260481
v -14.89 -1.844114 -21.185556
v -15.148819 -1.65 -21.125925
v -15.39 -1.65 -21.026026
v -15.597107 -1.65 -20.867107
v -14.89 -1.65 -21.16
v -15.756025 -1.65 -20.66
v -9.89 -2.4 -21.91
v -9.89 -2.374444 -21.715885
v -9.89 -2.299519 -21.535
v -9.89 -2.18033 -21.379669
v -9.89 -2.025 -21.260481
v -9.89 -1.844114 -21.185556
v -9.89 -1.65 -21.16
v -9.64 -2.4 -22.16
v -9.445886 -2.374444 -22.16
v -9.648519 -2.4 -22.095295
v -9.673494 -2.4 -22.035
v -9.713223 -2.4 -21.983223
v -9.765 -2.4 -21.943495
v -9.825295 -2.4 -21.918518
v -9.631181 -1.65 -21.194075
v -9.265 -2.299519 -22.16
v -9.10967 -2.18033 -22.16
v -8.990481 -2.025 -22.16
v -9.182893 -1.65 -21.452892
v -8.915556 -1.844114 -22.16
v -8.89 -1.65 -22.16
v -8.924074 -1.65 -21.90118
v -9.023975 -1.65 -21.66
v -9.39 -1.65 -21.293976
v -9.64 -2.4 -27.16
v -9.445886 -2.374444 -27.16
v -9.265 -2.299519 -27.16
v -9.10967 -2.18033 -27.16
v -8.990481 -2.025 -27.16
v -8.915556 -1.844114 -27.16
v -8.89 -1.65 -27.16
v -9.89 -2.4 -27.41
v -9.89 -2.374444 -27.604115
v -9.825295 -2.4 -27.401482
v -9.765 -2.4 -27.376507
v -9.713223 -2.4 -27.336777
v -9.673494 -2.4 -27.285
v -9.648519 -2.4 -27.224705
v -8.924074 -1.65 -27.418819
v -9.89 -2.299519 -27.785
v -9.89 -2.18033 -27.940331
v -9.89 -2.025 -28.059519
v -9.182893 -1.65 -27.867107
v -9.023975 -1.65 -27.66
v -9.89 -1.844114 -28.134443
v -9.631181 -1.65 -28.125925
v -9.89 -1.65 -28.16
v -9.39 -1.65 -28.026026
v -14.89 -2.4 -27.41
v -14.89 -2.374444 -27.604115
v -14.89 -2.299519 -27.785
v -14.89 -2.18033 -27.940331
v -14.89 -2.025 -28.059519
v -14.89 -1.844114 -28.134443
v -14.89 -1.65 -28.16
v -16.639999 -2.4 -29.16
v -16.445887 -2.374444 -29.16
v -16.58037 -2.4 -28.707067
v -16.405544 -2.4 -28.285
v -15.342933 -2.4 -27.469629
v -15.148819 -1.65 -28.194075
v -16.264999 -2.299519 -29.16
v -16.080786 -2.299519 -28.4725
v -16.127438 -2.4 -27.922564
v -15.765 -2.4 -27.644457
v -16.109671 -2.18033 -29.16
v -15.990481 -2.025 -29.16
v -15.915556 -1.844114 -29.16
v -15.756025 -1.65 -28.66
v -15.597107 -1.65 -28.452892
v -15.89 -1.65 -29.16
v -15.855926 -1.65 -28.90118
v -15.39 -1.65 -28.293976
v -16.639999 -2.4 -34.16
v -16.445887 -2.374444 -34.16
v -16.264999 -2.299519 -34.16
v -16.109671 -2.18033 -34.16
v -15.990481 -2.025 -34.16
v -15.915556 -1.844114 -34.16
v -15.89 -1.65 -34.16
v -16.889999 -2.4 -34.41
v -16.889999 -2.374444 -34.604115
v -16.825294 -2.4 -34.401482
v -16.764999 -2.4 -34.376507
v -16.713223 -2.4 -34.336777
v -16.673494 -2.4 -34.285
v -16.64852 -2.4 -34.224705
v -16.110994 -2.025 -34.60976
v -15.924074 -1.65 -34.418819
v -16.889999 -2.299519 -34.785
v -16.889999 -2.18033 -34.940331
v -16.889999 -2.025 -35.059521
v -16.889999 -1.844114 -35.134445
v -16.631182 -1.65 -35.125927
v -16.889999 -1.65 -35.16
v -16.389999 -1.65 -35.026024
v -16.182894 -1.65 -34.867107
v -16.023975 -1.65 -34.66
v -21.889999 -2.4 -34.41
v -21.889999 -2.374444 -34.604115
v -21.889999 -2.299519 -34.785
v -21.889999 -2.18033 -34.940331
v -21.889999 -2.025 -35.059521
v -21.889999 -1.844114 -35.134445
v -21.889999 -1.65 -35.16
v -22.139999 -2.4 -34.16
v -22.334114 -2.374444 -34.16
v -22.131481 -2.4 -34.224705
v -22.106506 -2.4 -34.285
v -22.066776 -2.4 -34.336777
v -22.014999 -2.4 -34.376507
v -21.954704 -2.4 -34.401482
v -22.148819 -1.65 -35.125927
v -22.514999 -2.299519 -34.16
v -22.67033 -2.18033 -34.16
v -22.669006 -2.025 -34.60976
v -22.789518 -2.025 -34.16
v -22.389999 -1.65 -35.026024
v -22.597107 -1.65 -34.867107
v -22.864445 -1.844114 -34.16
v -22.889999 -1.65 -34.16
v -22.855927 -1.65 -34.418819
v -22.756025 -1.65 -34.66
v -22.139999 -2.4 -29.16
v -22.334114 -2.374444 -29.16
v -22.514999 -2.299519 -29.16
v -22.67033 -2.18033 -29.16
v -22.789518 -2.025 -29.16
v -22.864445 -1.844114 -29.16
v -22.889999 -1.65 -29.16
v -23.889999 -2.4 -27.41
v -23.889999 -2.374444 -27.604115
v -23.437067 -2.4 -27.469629
v -22.374456 -2.4 -28.285
v -22.652563 -2.4 -27.922564
v -22.199631 -2.4 -28.707067
v -22.833735 -2.18033 -28.550165
v -23.023975 -1.65 -28.66
v -22.924074 -1.65 -28.90118
v -23.889999 -2.299519 -27.785
v -23.014999 -2.4 -27.644457
v -23.889999 -2.18033 -27.940331
v -23.631182 -1.65 -28.194075
v -23.889999 -2.025 -28.059519
v -23.889999 -1.844114 -28.134443
v -23.389999 -1.65 -28.293976
v -23.182894 -1.65 -28.452892
v -23.889999 -1.65 -28.16
v -28.889999 -2.4 -27.41
v -28.889999 -2.374444 -27.604115
v -28.889999 -2.299519 -27.785
v -28.889999 -2.18033 -27.940331
v -28.889999 -2.025 -28.059519
v -28.889999 -1.844114 -28.134443
v -28.889999 -1.65 -28.16
v -29.139999 -2.4 -27.16
v -29.334114 -2.374444 -27.16
v -29.131481 -2.4 -27.224705
v -29.106506 -2.4 -27.285
v -29.066776 -2.4 -27.336777
v -29.014999 -2.4 -27.376507
v -28.954704 -2.4 -27.401482
v -29.148819 -1.65 -28.125925
v -29.514999 -2.299519 -27.16
v -29.331942 -2.299519 -27.601942
v -29.67033 -2.18033 -27.16
v -29.389999 -1.65 -28.026026
v -29.789518 -2.025 -27.16
v -29.756025 -1.65 -27.66
v -29.864445 -1.844114 -27.16
v -29.889999 -1.65 -27.16
v -29.855927 -1.65 -27.418819
v -29.597107 -1.65 -27.867107
v -29.139999 -2.4 -22.16
v -29.334114 -2.374444 -22.16
v -29.514999 -2.299519 -22.16
v -29.67033 -2.18033 -22.16
v -29.789518 -2.025 -22.16
v -29.864445 -1.844114 -22.16
v -29.889999 -1.65 -22.16
v -28.889999 -2.4 -21.91
v -28.889999 -2.374444 -21.715885
v -28.954704 -2.4 -21.918518
v -29.014999 -2.4 -21.943495
v -29.066776 -2.4 -21.983223
v -29.106506 -2.4 -22.035
v -29.131481 -2.4 -22.095295
v -29.565786 -2.18033 -21.769835
v -29.855927 -1.65 -21.90118
v -28.889999 -2.299519 -21.535
v -28.889999 -2.18033 -21.379669
v -28.889999 -2.025 -21.260481
v -29.597107 -1.65 -21.452892
v -29.756025 -1.65 -21.66
v -28.889999 -1.844114 -21.185556
v -28.889999 -1.65 -21.16
v -29.148819 -1.65 -21.194075
v -29.389999 -1.65 -21.293976
v -23.889999 -2.4 -21.91
v -23.889999 -2.374444 -21.715885
v -23.889999 -2.299519 -21.535
v -23.889999 -2.18033 -21.379669
v -23.889999 -2.025 -21.260481
v -23.889999 -1.844114 -21.185556
v -23.889999 -1.65 -21.16
v -22.139999 -2.4 -20.16
v -22.334114 -2.374444 -20.16
v -22.199631 -2.4 -20.612932
v -22.514999 -2.299519 -20.16
v -22.374456 -2.4 -21.035
v -22.652563 -2.4 -21.397436
v -23.437067 -2.4 -21.85037
v -23.631182 -1.65 -21.125925
v -23.027563 -2.18033 -21.022436
v -23.014999 -2.4 -21.675545
v -22.67033 -2.18033 -20.16
v -22.789518 -2.025 -20.16
v -23.182894 -1.65 -20.867107
v -22.864445 -1.844114 -20.16
v -22.889999 -1.65 -20.16
v -22.924074 -1.65 -20.418819
v -23.389999 -1.65 -21.026026
v -23.023975 -1.65 -20.66
v -22.139999 -2.4 -15.16
v -22.334114 -2.374444 -15.16
v -22.514999 -2.299519 -15.16
v -22.67033 -2.18033 -15.16
v -22.789518 -2.025 -15.16
v -22.864445 -1.844114 -15.16
v -22.889999 -1.65 -15.16
v -21.889999 -2.4 -14.91
v -21.889999 -2.374444 -14.715886
v -21.954704 -2.4 -14.918519
v -22.014999 -2.4 -14.943494
v -22.274614 -2.374444 -14.937943
v -22.066776 -2.4 -14.983223
v -22.106506 -2.4 -15.035
v -22.131481 -2.4 -15.095295
v -22.855927 -1.65 -14.901181
v -21.889999 -2.299519 -14.535
v -21.889999 -2.18033 -14.37967
v -22.526056 -2.025 -14.523944
v -21.889999 -2.025 -14.260481
v -22.756025 -1.65 -14.66
v -22.389999 -1.65 -14.293975
v -21.889999 -1.844114 -14.185556
v -21.889999 -1.65 -14.16
v -22.148819 -1.65 -14.194074
v -22.597107 -1.65 -14.452893
v -22.889999 0 -34.16
v -22.889999 0 -29.16
v -22.924074 0 -28.90118
v -23.023975 0 -28.66
v -23.182894 0 -28.452892
v -23.389999 0 -28.293976
v -23.631182 0 -28.194075
v -23.889999 0 -28.16
v -28.889999 0 -28.16
v -29.148819 0 -28.125925
v -29.389999 0 -28.026026
v -29.597107 0 -27.867107
v -29.756025 0 -27.66
v -29.855927 0 -27.418819
v -29.889999 0 -27.16
v -29.889999 0 -22.16
v -29.855927 0 -21.90118
v -29.756025 0 -21.66
v -29.597107 0 -21.452892
v -29.389999 0 -21.293976
v -29.148819 0 -21.194075
v -28.889999 0 -21.16
v -23.889999 0 -21.16
v -23.631182 0 -21.125925
v -23.389999 0 -21.026026
v -23.182894 0 -20.867107
v -23.023975 0 -20.66
v -22.924074 0 -20.418819
v -22.889999 0 -20.16
v -22.889999 0 -15.16
v -22.855927 0 -14.901181
v -22.756025 0 -14.66
v -22.597107 0 -14.452893
v -22.389999 0 -14.293975
v -22.148819 0 -14.194074
v -21.889999 0 -14.16
v -16.889999 0 -14.16
v -16.631182 0 -14.194074
v -16.389999 0 -14.293975
v -16.182894 0 -14.452893
v -16.023975 0 -14.66
v -15.924074 0 -14.901181
v -15.89 0 -15.16
v -15.89 0 -20.16
v -15.855926 0 -20.418819
v -15.756025 0 -20.66
v -15.597107 0 -20.867107
v -15.39 0 -21.026026
v -15.148819 0 -21.125925
v -14.89 0 -21.16
v -36.889999 0 53.040001
v 35.75 0 52.540001
v 36.889999 0 53.040001
v 36.267639 0 52.471851
v 36.75 0 52.272053
v -37.278229 0 52.988888
v -36.75 0 52.272053
v -36.267639 0 52.471851
v -35.75 0 52.540001
v -37.164215 0 51.954212
v -37.639999 0 52.839039
v -37.950661 0 52.600658
v -37.482052 0 51.540001
v -38.189037 0 52.290001
v -38.33889 0 51.92823
v -38.389999 0 51.540001
v -37.68185 0 51.057636
v -37.75 0 50.540001
v -37.75 0 -3.26
v -38.389999 0 -51.540001
v -37.68185 0 -3.777638
v -37.482052 0 -4.26
v -37.164215 0 -4.674214
v -38.33889 0 -51.92823
v -38.189037 0 -52.290001
v -37.950661 0 -52.600658
v -37.639999 0 -52.839039
v -37.278229 0 -52.988888
v -36.889999 0 -53.040001
v -22.756025 0 -34.66
v -22.855927 0 -34.418819
v 24.389999 0 -53.040001
v -10.262993 0 -48.020123
v -10.519267 0 -47.988224
v -10.758826 0 -47.891758
v 28.013468 0 -52.562962
v 22.075394 0 -36.325394
v 21.262501 0 -36.94915
v 20.315865 0 -37.341259
v 22.69915 0 -35.512501
v 31.389999 0 -51.164356
v 34.289494 0 -48.939495
v 23.091259 0 -34.565865
v 36.514355 0 -46.040001
v 28.705866 0 -28.45126
v 37.912964 0 -42.663467
v 38.389999 0 -39.040001
v 38.389999 0 51.540001
v 37.75 0 -3.26
v 37.68185 0 -3.777638
v 37.482052 0 -4.26
v 38.33889 0 51.92823
v 37.482052 0 51.540001
v 37.68185 0 51.057636
v 37.75 0 50.540001
v 38.189037 0 52.290001
v 37.950661 0 52.600658
v 37.164215 0 51.954212
v 37.639999 0 52.839039
v 37.278229 0 52.988888
v 37.164215 0 -4.674214
v 31.615 0 -24.66
v 31.481258 0 -25.675865
v 31.481258 0 -23.644135
v 36.75 0 -4.992051
v 36.267639 0 -5.191852
v 31.089149 0 -22.6975
v 35.75 0 -5.26
v 30.465393 0 -21.884605
v 29.6525 0 -21.260851
v 28.705866 0 -20.86874
v 23.091259 0 -15.644135
v 27.690001 0 -20.735001
v 23.225 0 -16.66
v 26.674135 0 -20.86874
v 23.091259 0 -17.675865
v 25.727501 0 -21.260851
v 22.69915 0 -18.622499
v 24.914606 0 -21.884605
v 22.075394 0 -19.435394
v 24.29085 0 -22.6975
v 21.262501 0 -20.059151
v 23.898741 0 -23.644135
v 20.315865 0 -20.45126
v 23.764999 0 -24.66
v 20.315865 0 -29.758741
v 23.898741 0 -25.675865
v 21.262501 0 -30.15085
v 24.29085 0 -26.622499
v 22.075394 0 -30.774607
v 24.914606 0 -27.435394
v 22.69915 0 -31.5875
v 25.727501 0 -28.059151
v 23.091259 0 -32.534134
v 26.674135 0 -28.45126
v 23.225 0 -33.549999
v 27.690001 0 -28.584999
v -35.75 0 -5.26
v 0 0 -7.5
v 0.647048 0 -7.585186
v 1.25 0 -7.834937
v -36.267639 0 -5.191852
v -36.75 0 -4.992051
v 20.315865 0 -12.868741
v 19.299999 0 -12.735
v 18.284136 0 -12.868741
v 1.767767 0 -8.232233
v 17.3375 0 -13.26085
v 2.165064 0 -8.75
v 16.524607 0 -13.884606
v 2.414815 0 -9.352953
v 15.90085 0 -14.6975
v 2.5 0 -10
v 15.508741 0 -15.644135
v 9.784135 0 -20.86874
v 10.8 0 -20.735001
v 21.262501 0 -13.26085
v 22.075394 0 -13.884606
v 22.69915 0 -14.6975
v 19.299999 0 -20.584999
v 19.299999 0 -29.625
v 18.284136 0 -29.758741
v 18.284136 0 -20.45126
v 14.725 0 -24.66
v 14.591259 0 -23.644135
v 17.3375 0 -20.059151
v 16.524607 0 -19.435394
v 14.19915 0 -22.6975
v 15.90085 0 -18.622499
v 13.575394 0 -21.884605
v 15.508741 0 -17.675865
v 12.7625 0 -21.260851
v 11.815865 0 -20.86874
v 15.375 0 -16.66
v 7.008741 0 -23.644135
v 0 0 -12.5
v 6.875 0 -24.66
v -8.89 0 -22.16
v -8.89 0 -27.16
v 7.40085 0 -22.6975
v 1.25 0 -12.165064
v 0.647048 0 -12.414815
v 1.767767 0 -11.767767
v 8.024606 0 -21.884605
v 2.165064 0 -11.25
v 8.8375 0 -21.260851
v 2.414815 0 -10.647048
v 14.591259 0 -25.675865
v 17.3375 0 -30.15085
v 14.19915 0 -26.622499
v 16.524607 0 -30.774607
v 13.575394 0 -27.435394
v 15.90085 0 -31.5875
v 12.7625 0 -28.059151
v 15.508741 0 -32.534134
v 11.815865 0 -28.45126
v 15.375 0 -33.549999
v 10.8 0 -28.584999
v 15.508741 0 -34.565865
v 5.405793 0 -42.606819
v 5.647184 0 -43.014141
v 9.784135 0 -28.45126
v 5.269304 0 -42.426624
v 5.095829 0 -42.281689
v 8.8375 0 -28.059151
v 4.894234 0 -42.179417
v 4.674819 0 -42.125042
v 8.024606 0 -27.435394
v 4.448797 0 -42.121334
v 4.227717 0 -42.168488
v 7.40085 0 -26.622499
v 4.022877 0 -42.264091
v -3.904171 0 -42.281689
v -3.730696 0 -42.426624
v 7.008741 0 -25.675865
v -8.924074 0 -27.418819
v -4.105766 0 -42.179417
v -9.023975 0 -27.66
v -4.325181 0 -42.125042
v -4.551203 0 -42.121334
v -9.182893 0 -27.867107
v -4.772283 0 -42.168488
v -9.39 0 -28.026026
v -4.977123 0 -42.264091
v -9.631181 0 -28.125925
v -9.89 0 -28.16
v 31.089149 0 -26.622499
v 30.465393 0 -27.435394
v 29.6525 0 -28.059151
v 19.299999 0 -37.474998
v 18.284136 0 -37.341259
v 17.3375 0 -36.94915
v 16.524607 0 -36.325394
v 5.776686 0 -43.666576
v 5.719551 0 -43.884762
v 5.614973 0 -44.084599
v 5.46827 0 -44.255913
v 5.78347 0 -43.441132
v 15.90085 0 -35.512501
v 5.739558 0 -43.219902
v -3.260442 0 -43.219902
v -1.94013 0 -45.919571
v -3.21653 0 -43.441132
v -3.223314 0 -43.666576
v 5.286906 0 -44.389992
v -0.768641 0 -47.886166
v -1.007095 0 -47.985332
v -1.262993 0 -48.020123
v -1.519267 0 -47.988224
v -10.007095 0 -47.985332
v -1.758826 0 -47.891758
v -9.768641 0 -47.886166
v -1.965693 0 -47.73716
v -2.12607 0 -47.53474
v -2.274921 0 -47.286728
v -2.378461 0 -47.048779
v -3.713094 0 -44.389992
v -2.41729 0 -46.792202
v -2.388793 0 -46.534271
v -2.294888 0 -46.292358
v -3.53173 0 -44.255913
v -2.1419 0 -46.082752
v -3.385027 0 -44.084599
v -3.280449 0 -43.884762
v -10.94013 0 -45.919571
v -15.924074 0 -34.418819
v -16.023975 0 -34.66
v -3.594207 0 -42.606819
v -3.352816 0 -43.014141
v -10.965693 0 -47.73716
v -11.12607 0 -47.53474
v -11.274921 0 -47.286728
v -11.378461 0 -47.048779
v -22.148819 0 -35.125927
v -22.389999 0 -35.026024
v -21.889999 0 -35.16
v -11.41729 0 -46.792202
v -16.889999 0 -35.16
v -11.388793 0 -46.534271
v -11.294888 0 -46.292358
v -11.1419 0 -46.082752
v -16.389999 0 -35.026024
v -16.631182 0 -35.125927
v -16.182894 0 -34.867107
v -2.414815 0 -9.352953
v -2.5 0 -10
v -9.89 0 -21.16
v -2.165064 0 -8.75
v -1.767767 0 -8.232233
v -1.25 0 -7.834937
v -0.647048 0 -7.585186
v -0.647048 0 -12.414815
v -1.25 0 -12.165064
v -8.924074 0 -21.90118
v -1.767767 0 -11.767767
v -9.023975 0 -21.66
v -2.165064 0 -11.25
v -9.182893 0 -21.452892
v -9.39 0 -21.293976
v -2.414815 0 -10.647048
v -9.631181 0 -21.194075
v -15.89 0 -34.16
v -14.89 0 -28.16
v -15.89 0 -29.16
v -15.148819 0 -28.194075
v -15.39 0 -28.293976
v -15.597107 0 -28.452892
v -15.756025 0 -28.66
v -15.855926 0 -28.90118
v -22.597107 0 -34.867107
v 19.299999 -1.4 -29.625
v 18.284136 -1.4 -29.758741
v 19.299999 -1.658819 -29.659075
v 20.315865 -1.4 -29.758741
v 23.091259 -1.4 -34.565865
v 23.225 -1.4 -33.549999
v 22.961849 -1.9 -34.531189
v 22.69915 -1.4 -35.512501
v 15.508741 -1.4 -34.565865
v 15.90085 -1.4 -35.512501
v 15.638151 -1.9 -34.531189
v 15.375 -1.4 -33.549999
v 20.057047 -2.4 -30.724667
v 20.240059 -2.107107 -30.041655
v 19.299999 -2.4 -30.625
v 19.299999 -2.365926 -30.36618
v 18.542953 -2.4 -30.724667
v 17.8375 -2.4 -31.016876
v 17.483948 -2.107107 -30.404503
v 17.231712 -2.4 -31.481712
v 19.299999 -2.4 -36.474998
v 18.542953 -2.4 -36.375332
v 19.299999 -2.266025 -36.974998
v 20.057047 -2.4 -36.375332
v 22.225 -2.4 -33.549999
v 22.125334 -2.4 -34.307045
v 22.932108 -2.107107 -33.549999
v 22.125334 -2.4 -32.792953
v 21.368286 -2.4 -31.481712
v 21.833124 -2.4 -32.087502
v 21.721842 -2.266025 -31.128159
v 20.762501 -2.4 -31.016876
v 19.299999 -1.9 -29.758974
v 21.262501 -1.4 -30.15085
v 22.075394 -1.4 -30.774607
v 22.69915 -1.4 -31.5875
v 22.583124 -1.9 -31.654488
v 23.091259 -1.4 -32.534134
v 22.808346 -2.107107 -32.609943
v 22.583124 -1.9 -35.445515
v 22.075394 -1.4 -36.325394
v 19.299999 -1.4 -37.474998
v 20.315865 -1.4 -37.341259
v 18.284136 -1.4 -37.341259
v 18.31881 -1.9 -37.211849
v 17.3375 -1.4 -36.94915
v 16.524607 -1.4 -36.325394
v 16.878159 -2.266025 -35.97184
v 16.016876 -1.9 -35.445515
v 15.667893 -2.107107 -33.549999
v 15.508741 -1.4 -32.534134
v 15.791654 -2.107107 -32.609943
v 15.90085 -1.4 -31.5875
v 16.524607 -1.4 -30.774607
v 16.731712 -2.107107 -30.981712
v 17.3375 -1.4 -30.15085
v 18.359941 -2.107107 -30.041655
v 19.299999 -2.107107 -29.917892
v 21.012501 -2.266025 -36.516136
v 21.262501 -1.4 -36.94915
v 19.299999 -2.266025 -30.125
v 21.833124 -2.4 -35.012501
v 16.766876 -2.4 -35.012501
v 16.474667 -2.4 -32.792953
v 21.368286 -2.4 -35.618286
v 20.762501 -2.4 -36.083122
v 17.8375 -2.4 -36.083122
v 17.231712 -2.4 -35.618286
v 16.474667 -2.4 -34.307045
v 16.375 -2.4 -33.549999
v 16.766876 -2.4 -32.087502
v 10.8 -1.4 -20.735001
v 9.784135 -1.4 -20.86874
v 10.8 -1.658819 -20.769073
v 11.815865 -1.4 -20.86874
v 14.591259 -1.4 -25.675865
v 14.725 -1.4 -24.66
v 14.461849 -1.9 -25.64119
v 14.19915 -1.4 -26.622499
v 9.3375 -2.4 -27.193125
v 8.731713 -2.4 -26.728287
v 8.983947 -2.107107 -27.805496
v 10.042954 -2.4 -27.485332
v 11.557046 -2.4 -27.485332
v 10.8 -2.4 -27.584999
v 11.740058 -2.107107 -28.168346
v 12.2625 -2.4 -27.193125
v 12.5125 -2.266025 -27.626137
v 12.868287 -2.4 -26.728287
v 13.625333 -2.4 -25.417046
v 13.333124 -2.4 -26.122499
v 14.108296 -2.266025 -25.546455
v 13.725 -2.4 -24.66
v 12.868287 -2.4 -22.591713
v 13.333124 -2.4 -23.1975
v 13.221841 -2.266025 -22.238159
v 12.2625 -2.4 -22.126877
v 12.5125 -2.266025 -21.693863
v 11.557046 -2.4 -21.834667
v 10.8 -2.4 -21.735001
v 10.8 -2.365926 -21.476181
v 10.042954 -2.4 -21.834667
v 9.913545 -2.266025 -21.351704
v 9.3375 -2.4 -22.126877
v 10.8 -1.9 -20.868975
v 12.7625 -1.4 -21.260851
v 13.575394 -1.4 -21.884605
v 14.19915 -1.4 -22.6975
v 13.945497 -2.107107 -22.843946
v 14.591259 -1.4 -23.644135
v 14.591025 -1.9 -24.66
v 13.945497 -2.107107 -26.476053
v 13.575394 -1.4 -27.435394
v 13.368287 -2.107107 -27.228287
v 12.7625 -1.4 -28.059151
v 11.815865 -1.4 -28.45126
v 10.8 -1.4 -28.584999
v 9.784135 -1.4 -28.45126
v 9.859942 -2.107107 -28.168346
v 8.8375 -1.4 -28.059151
v 8.024606 -1.4 -27.435394
v 8.231713 -2.107107 -27.228287
v 7.40085 -1.4 -26.622499
v 7.654503 -2.107107 -26.476053
v 7.008741 -1.4 -25.675865
v 8.024606 -1.4 -21.884605
v 7.40085 -1.4 -22.6975
v 8.231713 -2.107107 -22.091713
v 8.8375 -1.4 -21.260851
v 8.983947 -2.107107 -21.514503
v 10.8 -2.107107 -21.027893
v 6.875 -1.4 -24.66
v 7.491704 -2.266025 -23.773544
v 7.008741 -1.4 -23.644135
v 10.8 -2.266025 -21.235001
v 13.625333 -2.4 -23.902954
v 8.266876 -2.4 -26.122499
v 7.974667 -2.4 -25.417046
v 7.875 -2.4 -24.66
v 7.974667 -2.4 -23.902954
v 8.266876 -2.4 -23.1975
v 8.731713 -2.4 -22.591713
v 19.299999 -1.4 -12.735
v 18.284136 -1.4 -12.868741
v 19.299999 -1.658819 -12.769074
v 20.315865 -1.4 -12.868741
v 22.075394 -1.4 -13.884606
v 21.262501 -1.4 -13.26085
v 21.980659 -1.9 -13.97934
v 22.69915 -1.4 -14.6975
v 20.315865 -1.4 -20.45126
v 21.262501 -1.4 -20.059151
v 20.281191 -1.9 -20.32185
v 19.299999 -1.4 -20.584999
v 19.299999 -2.4 -13.735
v 20.057047 -2.4 -13.834667
v 19.299999 -2.365926 -13.476181
v 18.542953 -2.4 -13.834667
v 16.375 -2.4 -16.66
v 16.474667 -2.4 -15.902954
v 15.667893 -2.107107 -16.66
v 16.474667 -2.4 -17.417046
v 15.991704 -2.266025 -17.546455
v 16.766876 -2.4 -18.122499
v 19.299999 -2.4 -19.584999
v 18.542953 -2.4 -19.485332
v 19.299999 -2.266025 -20.084999
v 20.057047 -2.4 -19.485332
v 19.299999 -1.9 -12.868975
v 21.012501 -2.266025 -13.693863
v 22.583124 -1.9 -14.764487
v 23.091259 -1.4 -15.644135
v 22.808346 -2.107107 -15.719942
v 23.225 -1.4 -16.66
v 22.69915 -1.4 -18.622499
v 23.091259 -1.4 -17.675865
v 22.583124 -1.9 -18.555513
v 22.075394 -1.4 -19.435394
v 18.284136 -1.4 -20.45126
v 16.524607 -1.4 -19.435394
v 17.3375 -1.4 -20.059151
v 16.619341 -1.9 -19.34066
v 15.90085 -1.4 -18.622499
v 16.154503 -2.107107 -18.476053
v 15.508741 -1.4 -17.675865
v 15.375 -1.4 -16.66
v 15.508741 -1.4 -15.644135
v 16.524607 -1.4 -13.884606
v 15.90085 -1.4 -14.6975
v 16.619341 -1.9 -13.97934
v 17.3375 -1.4 -13.26085
v 17.404488 -1.9 -13.376876
v 19.299999 -2.107107 -13.027893
v 22.608295 -2.266025 -17.546455
v 21.012501 -2.266025 -19.626137
v 17.483948 -2.107107 -19.805496
v 16.154503 -2.107107 -14.843947
v 18.413546 -2.266025 -13.351704
v 19.299999 -2.266025 -13.235
v 21.368286 -2.4 -14.591713
v 21.833124 -2.4 -15.1975
v 21.833124 -2.4 -18.122499
v 17.8375 -2.4 -19.193125
v 17.231712 -2.4 -18.728287
v 17.231712 -2.4 -14.591713
v 20.762501 -2.4 -14.126876
v 22.125334 -2.4 -15.902954
v 22.225 -2.4 -16.66
v 22.125334 -2.4 -17.417046
v 21.368286 -2.4 -18.728287
v 20.762501 -2.4 -19.193125
v 16.766876 -2.4 -15.1975
v 17.8375 -2.4 -14.126876
v 23.898741 -1.4 -23.644135
v 23.764999 -1.4 -24.66
v 24.028151 -1.9 -23.67881
v 24.29085 -1.4 -22.6975
v 27.690001 -1.4 -20.735001
v 26.674135 -1.4 -20.86874
v 27.690001 -1.658819 -20.769073
v 28.705866 -1.4 -20.86874
v 29.6525 -1.4 -21.260851
v 29.585512 -1.9 -21.376877
v 30.465393 -1.4 -21.884605
v 30.370661 -1.9 -21.97934
v 31.089149 -1.4 -22.6975
v 31.481258 -1.4 -25.675865
v 31.615 -1.4 -24.66
v 31.351849 -1.9 -25.64119
v 31.089149 -1.4 -26.622499
v 27.690001 -2.4 -27.584999
v 26.932955 -2.4 -27.485332
v 27.690001 -2.266025 -28.084999
v 28.447046 -2.4 -27.485332
v 30.223124 -2.4 -26.122499
v 29.758287 -2.4 -26.728287
v 30.656137 -2.266025 -26.372499
v 30.515333 -2.4 -25.417046
v 27.690001 -2.4 -21.735001
v 28.447046 -2.4 -21.834667
v 27.690001 -2.365926 -21.476181
v 26.932955 -2.4 -21.834667
v 27.690001 -1.9 -20.868975
v 28.67119 -1.9 -20.998152
v 30.835497 -2.107107 -22.843946
v 31.481258 -1.4 -23.644135
v 31.198345 -2.107107 -23.719942
v 30.465393 -1.4 -27.435394
v 27.690001 -1.4 -28.584999
v 28.705866 -1.4 -28.45126
v 26.674135 -1.4 -28.45126
v 25.727501 -1.4 -28.059151
v 25.873947 -2.107107 -27.805496
v 24.914606 -1.4 -27.435394
v 24.29085 -1.4 -26.622499
v 24.544502 -2.107107 -26.476053
v 23.898741 -1.4 -25.675865
v 25.727501 -1.4 -21.260851
v 24.914606 -1.4 -21.884605
v 25.794487 -1.9 -21.376877
v 27.690001 -2.107107 -21.027893
v 30.258287 -2.107107 -27.228287
v 29.6525 -1.4 -28.059151
v 28.576454 -2.266025 -27.968296
v 26.749943 -2.107107 -28.168346
v 24.057894 -2.107107 -24.66
v 25.121714 -2.107107 -22.091713
v 26.803545 -2.266025 -21.351704
v 27.690001 -2.266025 -21.235001
v 29.4025 -2.266025 -21.693863
v 24.864668 -2.4 -23.902954
v 29.1525 -2.4 -22.126877
v 29.758287 -2.4 -22.591713
v 30.223124 -2.4 -23.1975
v 30.515333 -2.4 -23.902954
v 30.615 -2.4 -24.66
v 29.1525 -2.4 -27.193125
v 26.227501 -2.4 -27.193125
v 25.621714 -2.4 -26.728287
v 25.156876 -2.4 -26.122499
v 24.864668 -2.4 -25.417046
v 24.764999 -2.4 -24.66
v 25.156876 -2.4 -23.1975
v 25.621714 -2.4 -22.591713
v 26.227501 -2.4 -22.126877
v -4.213094 -1 -43.523968
v -3.990437 -0.965926 -43.392014
v -4.454485 -1 -43.116646
v -4.024346 -0.866025 -42.861732
v -3.782955 -0.866025 -43.269054
v -3.604786 -0.707107 -43.163467
v -3.468071 -0.5 -43.082447
v -3.623521 -0.258819 -42.624191
v -3.382129 -0.258819 -43.031513
v -4.589754 -0.965926 -42.895988
v -10.417492 -1 -46.772125
v -10.55276 -0.965926 -46.551468
v -10.678811 -0.866025 -46.345848
v -4.715804 -0.866025 -42.690369
v -10.787053 -0.707107 -46.169277
v -4.824046 -0.707107 -42.513798
v -10.87011 -0.5 -46.033791
v -4.907103 -0.5 -42.378311
v -10.922322 -0.258819 -45.94862
v -4.959315 -0.258819 -42.29314
v -4.213932 -0.686343 -42.430302
v -10.268641 -1 -47.020142
v -10.49056 -0.965926 -47.153328
v -10.639411 -0.965926 -46.905315
v -10.697356 -0.866025 -47.277439
v -10.846206 -0.866025 -47.029427
v -10.874935 -0.707107 -47.384018
v -11.023786 -0.707107 -47.136005
v -11.011197 -0.5 -47.465797
v -11.160047 -0.5 -47.217785
v -11.096854 -0.258819 -47.517208
v -11.245705 -0.258819 -47.269192
v -11.104305 -0.686814 -46.534271
v -4.083684 -0.965926 -43.748112
v -10.139232 -0.965926 -47.244286
v -3.963094 -0.866025 -43.956982
v -10.018641 -0.866025 -47.453152
v -3.85954 -0.707107 -44.136341
v -9.915088 -0.707107 -47.632511
v -3.780081 -0.5 -44.273968
v -9.835628 -0.5 -47.770142
v -3.730131 -0.258819 -44.360485
v -9.785678 -0.258819 -47.856655
v -10.519267 -0.684539 -47.704678
v -3.52905 -0.684043 -43.777287
v 4.786906 -1 -43.523968
v 5.009563 -0.965926 -43.392014
v 4.545515 -1 -43.116646
v 4.975654 -0.866025 -42.861732
v 5.217045 -0.866025 -43.269054
v 5.395214 -0.707107 -43.163467
v 5.531929 -0.5 -43.082447
v 5.376479 -0.258819 -42.624191
v 5.617871 -0.258819 -43.031513
v -1.417492 -1 -46.772125
v -1.55276 -0.965926 -46.551468
v 4.410246 -0.965926 -42.895988
v -1.678811 -0.866025 -46.345848
v 4.284196 -0.866025 -42.690369
v -1.787053 -0.707107 -46.169277
v 4.175954 -0.707107 -42.513798
v -1.87011 -0.5 -46.033791
v 4.092897 -0.5 -42.378311
v -1.922322 -0.258819 -45.94862
v 4.040685 -0.258819 -42.29314
v 5.031272 -0.437047 -42.359657
v -1.268641 -1 -47.020142
v -1.49056 -0.965926 -47.153328
v -1.639411 -0.965926 -46.905315
v -1.697356 -0.866025 -47.277439
v -1.846206 -0.866025 -47.029427
v -1.874935 -0.707107 -47.384018
v -2.023786 -0.707107 -47.136005
v -2.011197 -0.5 -47.465797
v -2.160047 -0.5 -47.217785
v -2.096854 -0.258819 -47.517208
v -2.245705 -0.258819 -47.269192
v -2.258663 -0.485651 -46.534271
v 4.916316 -0.965926 -43.748112
v -1.139232 -0.965926 -47.244286
v 5.036906 -0.866025 -43.956982
v -1.018641 -0.866025 -47.453152
v 5.14046 -0.707107 -44.136341
v -0.915088 -0.707107 -47.632511
v 5.219919 -0.5 -44.273968
v -0.835628 -0.5 -47.770142
v 5.269869 -0.258819 -44.360485
v -0.785678 -0.258819 -47.856655
v -1.519267 -0.684539 -47.704678
v 5.538544 -0.433958 -44.020679
v -2.414815 0.3 -9.352953
v -2.5 0.3 -10
v -2.414815 0.3 -10.647048
v -2.165064 0.3 -11.25
v -1.767767 0.3 -11.767767
v -1.25 0.3 -12.165064
v -0.647048 0.3 -12.414815
v 0 0.3 -12.5
v 0.647048 0.3 -12.414815
v 1.25 0.3 -12.165064
v 1.767767 0.3 -11.767767
v 2.165064 0.3 -11.25
v 2.414815 0.3 -10.647048
v 2.5 0.3 -10
v 2.414815 0.3 -9.352953
v 2.165064 0.3 -8.75
v 1.767767 0.3 -8.232233
v 1.25 0.3 -7.834937
v 0.647048 0.3 -7.585186
v 0 0.3 -7.5
v -0.647048 0.3 -7.585186
v -1.25 0.3 -7.834937
v -1.767767 0.3 -8.232233
v -2.165064 0.3 -8.75
v 26.883751 10.648171 -53.831253
v 27.075022 10.629437 -53.797699
v 26.883751 10.648171 -49.040001
v 27.383751 10.514196 -49.040001
v 27.264477 10.572859 -53.762005
v 27.438988 10.479547 -53.726841
v 27.749777 10.148171 -49.040001
v 27.588415 10.357709 -53.695038
v 27.711323 10.209055 -53.667667
v 27.80645 10.033694 -53.645748
v 27.864487 9.842116 -53.632065
v 27.883751 9.648171 -49.040001
v 27.883751 9.648171 -53.627449
v 25.224697 10.648171 -54.016758
v 24.389999 10.648171 -54.040001
v 19.583752 10.648171 -49.040001
v 19.583752 10.648171 -54.040001
v 26.056807 10.648171 -53.947105
v 27.883751 8.498171 -53.627449
v 27.883751 8.498171 -49.040001
v 27.864487 8.304226 -53.632065
v 27.849676 8.239352 -49.040001
v 27.80645 8.112648 -53.645748
v 27.749777 7.998171 -49.040001
v 27.711323 7.937287 -53.667667
v 27.590858 7.791064 -49.040001
v 27.588415 7.788633 -53.695038
v 27.438988 7.666795 -53.726841
v 27.383751 7.632146 -49.040001
v 27.264477 7.573483 -53.762005
v 27.14257 7.532245 -49.040001
v 27.075022 7.516905 -53.797699
v 26.883751 7.498171 -49.040001
v 26.883751 7.498171 -53.831253
v 26.056807 7.498378 -53.947105
v 25.224697 7.498587 -54.016758
v 24.389999 7.498796 -54.040001
v 19.583752 7.5 -54.040001
v 19.583752 7.5 -49.040001
v 19.324932 7.534074 -49.040001
v 19.324932 7.534074 -54.040001
v 19.083752 7.633975 -49.040001
v 19.083752 7.633975 -54.040001
v 18.876644 7.792893 -49.040001
v 18.876644 7.792893 -54.040001
v 18.717726 8 -49.040001
v 18.717726 8 -54.040001
v 18.617825 8.241181 -49.040001
v 18.617825 8.241181 -54.040001
v 18.583752 8.5 -49.040001
v 18.583752 8.5 -54.040001
v 18.583752 9.648171 -54.040001
v 18.583752 9.648171 -49.040001
v 18.617825 9.90699 -49.040001
v 18.617825 9.90699 -54.040001
v 18.717726 10.148171 -49.040001
v 18.717726 10.148171 -54.040001
v 18.876644 10.355278 -49.040001
v 18.876644 10.355278 -54.040001
v 19.083752 10.514196 -49.040001
v 19.083752 10.514196 -54.040001
v 19.324932 10.614097 -49.040001
v 19.324932 10.614097 -54.040001
v 5.583751 10.498171 -54.040001
v 5.583751 7.498171 -54.040001
v 5.583751 10.498171 -49.040001
v 5.583751 7.498171 -49.040001
v -5.416249 7.498171 -54.040001
v -5.416249 7.498171 -49.040001
v -5.416249 10.498171 -54.040001
v -5.416249 10.498171 -49.040001
v -26.914816 9.352953 -49.040001
v -26.914816 9.352953 -54.040001
v -27 10 -49.040001
v -27 10 -54.040001
v -26.914816 10.647048 -49.040001
v -26.914816 10.647048 -54.040001
v -26.665064 11.25 -49.040001
v -26.665064 11.25 -54.040001
v -26.267767 11.767767 -49.040001
v -26.267767 11.767767 -54.040001
v -25.75 12.165064 -49.040001
v -25.75 12.165064 -54.040001
v -25.147049 12.414815 -49.040001
v -25.147049 12.414815 -54.040001
v -24.5 12.5 -49.040001
v -24.5 12.5 -54.040001
v -23.852953 12.414815 -49.040001
v -23.852953 12.414815 -54.040001
v -23.25 12.165064 -49.040001
v -23.25 12.165064 -54.040001
v -22.732233 11.767767 -49.040001
v -22.732233 11.767767 -54.040001
v -22.334936 11.25 -49.040001
v -22.334936 11.25 -54.040001
v -22.085186 10.647048 -49.040001
v -22.085186 10.647048 -54.040001
v -22 10 -49.040001
v -22 10 -54.040001
v -22.085186 9.352953 -49.040001
v -22.085186 9.352953 -54.040001
v -22.334936 8.75 -49.040001
v -22.334936 8.75 -54.040001
v -22.732233 8.232233 -49.040001
v -22.732233 8.232233 -54.040001
v -23.25 7.834937 -49.040001
v -23.25 7.834937 -54.040001
v -23.852953 7.585186 -49.040001
v -23.852953 7.585186 -54.040001
v -24.5 7.5 -49.040001
v -24.5 7.5 -54.040001
v -25.147049 7.585186 -49.040001
v -25.147049 7.585186 -54.040001
v -25.75 7.834937 -49.040001
v -25.75 7.834937 -54.040001
v -26.267767 8.232233 -49.040001
v -26.267767 8.232233 -54.040001
v -26.665064 8.75 -49.040001
v -26.665064 8.75 -54.040001
v 24.389999 17.5 -54.040001
v 24.389999 1 -54.040001
v -36.889999 1 -54.040001
v -36.889999 17.5 -54.040001
v 22 4.01002 54.040001
v 26.000002 4.01002 54.040001
v 22 4.01002 54.240002
v 26.000002 4.01002 54.240002
v 20.004906 5.87002 54.240002
v 20.004906 5.87002 54.040001
v 20.101643 5.380545 54.240002
v 20.101643 5.380545 54.040001
v 20.316526 4.930245 54.240002
v 20.316526 4.930245 54.040001
v 20.636183 4.547147 54.240002
v 20.636183 4.547147 54.040001
v 21.040716 4.255092 54.240002
v 21.040716 4.255092 54.040001
v 21.504953 4.072257 54.240002
v 21.504953 4.072257 54.040001
v 22 7.73002 54.240002
v 22 7.73002 54.040001
v 21.504953 7.667784 54.240002
v 21.504953 7.667784 54.040001
v 21.040716 7.484949 54.240002
v 21.040716 7.484949 54.040001
v 20.636183 7.192894 54.240002
v 20.636183 7.192894 54.040001
v 20.316526 6.809796 54.240002
v 20.316526 6.809796 54.040001
v 20.101643 6.359496 54.240002
v 20.101643 6.359496 54.040001
v 26.000002 7.73002 54.040001
v 26.000002 7.73002 54.240002
v 27.995094 5.87002 54.240002
v 27.995094 5.87002 54.040001
v 27.898357 6.359496 54.240002
v 27.898357 6.359496 54.040001
v 27.683475 6.809796 54.240002
v 27.683475 6.809796 54.040001
v 27.363819 7.192894 54.240002
v 27.363819 7.192894 54.040001
v 26.959284 7.484949 54.240002
v 26.959284 7.484949 54.040001
v 26.495047 7.667784 54.240002
v 26.495047 7.667784 54.040001
v 26.495047 4.072257 54.240002
v 26.495047 4.072257 54.040001
v 26.959284 4.255092 54.240002
v 26.959284 4.255092 54.040001
v 27.363819 4.547147 54.240002
v 27.363819 4.547147 54.040001
v 27.683475 4.930245 54.240002
v 27.683475 4.930245 54.040001
v 27.898357 5.380545 54.240002
v 27.898357 5.380545 54.040001
v -39.389999 8 41
v -39.389999 8 28.800001
v -40.09 8 41
v -40.09 8 28.800001
v -40.09 4 41
v -39.389999 4 41
v -40.09 4.068148 41.517639
v -39.389999 4.068148 41.517639
v -40.09 4.267949 42
v -39.389999 4.267949 42
v -40.09 4.585787 42.414215
v -39.389999 4.585787 42.414215
v -40.09 5 42.732052
v -39.389999 5 42.732052
v -40.09 5.482362 42.93185
v -39.389999 5.482362 42.93185
v -40.09 6 43
v -39.389999 6 43
v -40.09 6.517638 42.93185
v -39.389999 6.517638 42.93185
v -40.09 7 42.732052
v -39.389999 7 42.732052
v -40.09 7.414214 42.414215
v -39.389999 7.414214 42.414215
v -40.09 7.732051 42
v -39.389999 7.732051 42
v -40.09 7.931852 41.517639
v -39.389999 7.931852 41.517639
v -39.389999 4 28.800001
v -40.09 4 28.800001
v -40.09 7.931852 28.282364
v -39.389999 7.931852 28.282364
v -40.09 7.732051 27.800001
v -39.389999 7.732051 27.800001
v -40.09 7.414214 27.385786
v -39.389999 7.414214 27.385786
v -40.09 7 27.067949
v -39.389999 7 27.067949
v -40.09 6.517638 26.868149
v -39.389999 6.517638 26.868149
v -40.09 6 26.800001
v -39.389999 6 26.800001
v -40.09 5.482362 26.868149
v -39.389999 5.482362 26.868149
v -40.09 5 27.067949
v -39.389999 5 27.067949
v -40.09 4.585787 27.385786
v -39.389999 4.585787 27.385786
v -40.09 4.267949 27.800001
v -39.389999 4.267949 27.800001
v -40.09 4.068148 28.282364
v -39.389999 4.068148 28.282364
v 37.538628 21.384087 -0.746325
v 38.646832 19.325579 0.843137
v 38.685364 18.955763 1.260659
v 38.894615 18.208197 2.100126
v 38.655254 18.290909 2.157797
v 38.456589 19.928976 0.326703
v 38.544807 19.721453 0.475879
v 38.421246 20.223808 0.029887
v 38.327984 20.141228 0.217776
v 38.15379 20.35391 0.150661
v 37.938606 20.562088 0.115577
v 39.09993 18.077709 2.009145
v 38.105297 20.845711 -0.645109
v 39.257355 17.908251 1.890991
v 39.35627 17.71125 1.753635
v 39.292908 18.480558 0.615565
v 39.150661 19.029762 0.172542
v 38.918488 19.619637 -0.205003
v 38.571411 20.241419 -0.479318
v 39.389999 17.5 1.606342
v 39.389999 16.530209 3.218467
v 39.109192 17.046171 3.740143
v 39.256023 15.7 8.651844
v 39.194206 15.904592 7.101629
v 39.097107 15.907107 8.651844
v 38.889999 16.066025 8.651844
v 38.429585 16.339155 6.939402
v 38.481037 16.747646 5.265502
v 38.549023 17.409281 3.66844
v 38.389999 16.200001 8.651844
v 38.648819 16.165926 8.651844
v 39.355927 15.458819 8.651844
v 39.389999 15.353071 6.77813
v 39.389999 15.2 8.651844
v 39.389999 15.802412 4.952066
v 39.298927 16.059725 5.530778
v 38.389999 16.200001 51.540001
v 38.648819 16.165926 51.540001
v 38.889999 16.066025 51.540001
v 39.097107 15.907107 51.540001
v 39.256023 15.7 51.540001
v 39.355927 15.458819 51.540001
v 39.389999 15.2 51.540001
v 36.889999 16.200001 53.040001
v 36.889999 16.165926 53.29882
v 37.278229 16.200001 52.988888
v 37.639999 16.200001 52.839039
v 37.889999 16.066025 53.272053
v 37.950661 16.200001 52.600658
v 38.189037 16.200001 52.290001
v 38.821854 16.066025 52.057636
v 38.33889 16.200001 51.92823
v 39.304813 15.2 52.18705
v 36.889999 16.066025 53.540001
v 38.801411 15.907107 52.643555
v 36.889999 15.907107 53.747108
v 36.889999 15.7 53.906025
v 38.139999 15.2 53.705063
v 38.563034 15.7 53.213032
v 39.055065 15.2 52.790001
v 36.889999 15.458819 54.005924
v 36.889999 15.2 54.040001
v 37.537048 15.2 53.954815
v 38.657768 15.2 53.307766
v -36.889999 16.200001 53.040001
v -36.889999 16.165926 53.29882
v -36.889999 16.066025 53.540001
v -36.889999 15.907107 53.747108
v -36.889999 15.7 53.906025
v -36.889999 15.458819 54.005924
v -36.889999 15.2 54.040001
v -38.389999 16.200001 51.540001
v -38.648819 16.165926 51.540001
v -38.33889 16.200001 51.92823
v -38.189037 16.200001 52.290001
v -37.950661 16.200001 52.600658
v -38.133675 16.165926 52.783672
v -37.639999 16.200001 52.839039
v -37.278229 16.200001 52.988888
v -37.537048 15.2 53.954815
v -38.889999 16.066025 51.540001
v -38.801411 15.907107 52.643555
v -37.993553 15.907107 53.451412
v -39.097107 15.907107 51.540001
v -38.657768 15.2 53.307766
v -39.256023 15.7 51.540001
v -39.355927 15.458819 51.540001
v -39.304813 15.2 52.18705
v -39.055065 15.2 52.790001
v -38.139999 15.2 53.705063
v -39.389999 15.2 51.540001
v -38.389999 16.200001 8.651844
v -38.648819 16.165926 8.651844
v -38.889999 16.066025 8.651844
v -39.097107 15.907107 8.651844
v -39.256023 15.7 8.651844
v -39.355927 15.458819 8.651844
v -39.389999 15.2 8.651844
v -38.655254 18.290909 2.157797
v -38.894615 18.208197 2.100126
v -38.550468 17.408501 3.666171
v -38.480644 16.748171 5.265923
v -39.036674 16.526737 5.192425
v -38.429707 16.338848 6.938905
v -39.013531 16.124147 6.903801
v -39.389999 15.352733 6.777673
v -39.389999 15.802988 4.952178
v -39.389999 17.5 1.606342
v -39.389999 16.52935 3.21743
v -39.35627 17.71125 1.753635
v -39.281628 16.932617 3.423269
v -39.09993 18.077709 2.009145
v -39.257355 17.908251 1.890991
v -38.153782 20.353909 0.150676
v -37.93856 20.562094 0.115635
v -38.347294 20.213135 0.127294
v -38.32777 20.141254 0.218064
v -38.45639 19.929005 0.326975
v -38.544601 19.721422 0.476121
v -38.685364 18.955757 1.260666
v -38.91848 19.619642 -0.205002
v -38.817879 19.489338 0.454682
v -36.889999 21.830128 -0.813272
v -37.538593 21.384111 -0.746333
v -36.889999 21.81992 -0.67985
v -36.889999 21.789925 -0.549654
v -36.889999 21.675787 -0.307644
v -36.889999 21.741199 -0.424561
v -36.889999 21.285486 0.056866
v -36.889999 21.502159 -0.102905
v -39.292908 18.480555 0.615568
v -38.105274 20.845758 -0.645072
v -38.571396 20.241442 -0.479299
v -39.150642 19.029718 0.172614
v -38.646648 19.325548 0.843358
v -36.889999 19.183754 1.686054
v -37.858379 19.509159 1.076376
v -36.889999 17.566809 3.802965
v -36.889999 16.548027 6.264193
v -36.889999 16.287611 7.570791
v -36.889999 16.200001 8.902249
v 24.889999 16.200001 9.050318
v 10.39 16.200001 9.050318
v -22.389999 16.200001 9.050318
v 36.53027 22.018766 -0.24
v 36.156414 22.177584 -0.24
v 35.790974 21.935856 -0.076014
v 35.780708 22.119856 -0.159864
v 35.770901 22.305531 -0.24
v 37.78503 19.5329 1.082746
v 34.389999 22.112986 -0.076364
v -22.389999 20.024429 1.185056
v -22.389999 18.417189 2.771158
v -22.389999 17.206789 4.67743
v -22.389999 16.454947 6.806673
v 10.39 20.007456 1.198413
v 10.39 18.407026 2.783773
v 10.39 17.20207 4.687144
v 10.39 16.453737 6.811935
v 24.889999 20.007456 1.198413
v 24.889999 18.407026 2.783773
v 24.889999 17.20207 4.687144
v 24.889999 16.453737 6.811935
v -34.389999 22.129419 -0.083705
v 34.389999 22.305634 -0.160215
v -34.389999 22.313923 -0.163716
v 34.389999 22.5 -0.24
v -34.389999 22.5 -0.24
v 34.855686 22.478266 -0.24
v 35.317322 22.413256 -0.24
v -34.855686 22.478266 -0.24
v -35.317322 22.413256 -0.24
v -35.79007 21.951639 -0.083383
v -35.780277 22.127819 -0.163393
v -35.770901 22.305531 -0.24
v -36.889999 21.830128 -0.24
v -36.53027 22.018766 -0.24
v -36.156414 22.177584 -0.24
v -39.304813 17.5 -52.18705
v -39.389999 17.5 -51.540001
v -39.293926 18.475452 -51.491962
v -38.791821 19.187578 -52.566029
v -39.009399 19.413418 -51.349697
v -38.547348 20.277851 -51.118675
v -38.088078 20.579205 -51.996452
v -37.925533 21.035534 -50.807766
v -35.113239 22.429712 -49.763241
v -35.153793 22.429058 -49.722557
v -34.389999 22.5 -49.040001
v -36.561619 21.93898 -50.773319
v -35.274471 22.419252 -49.59996
v -35.194199 22.427097 -49.68177
v -37.16785 21.657349 -50.428925
v -36.303417 22.119398 -49.996708
v -35.234428 22.423828 -49.640896
v -35.365452 22.403927 -49.527725
v -35.34671 22.119398 -50.953419
v -35.62669 22.203201 -50.663326
v -34.877728 22.403927 -50.015453
v -34.918861 22.414911 -49.954716
v -36.503857 21.568399 -51.813286
v -35.778927 21.657349 -51.817852
v -36.157768 21.035534 -52.575535
v -36.468674 20.277851 -53.19735
v -36.699699 19.413418 -53.659397
v -37.566895 19.913588 -53.197147
v -38.113907 19.20664 -53.306637
v -37.537048 17.5 -53.954815
v -38.657768 17.5 -53.307766
v -38.139999 17.5 -53.705063
v -36.841965 18.475452 -53.943928
v -39.055065 17.5 -52.790001
v -38.11459 19.968164 -52.764587
v -35.063126 22.42872 -49.813156
v -35.015133 22.425922 -49.860603
v -34.967033 22.421318 -49.907803
v -37.319065 21.161917 -51.969067
v 36.889999 21.830128 -39.040001
v 37.925533 21.035534 -39.040001
v 38.720127 20 -39.040001
v 39.219627 18.794094 -39.040001
v 39.389999 17.5 -39.040001
v 35.684093 22.32963 -39.040001
v 34.389999 22.5 -39.040001
v 24.389999 18.794094 -53.869629
v 28.272285 17.5 -53.528889
v 28.228189 18.794094 -53.364323
v 31.889999 17.5 -52.03038
v 31.804815 18.794094 -51.882835
v 34.996601 17.5 -49.646603
v 34.876129 18.794094 -49.526131
v 37.380383 17.5 -46.540001
v 37.232838 18.794094 -46.454815
v 38.878887 17.5 -42.922287
v 38.714321 18.794094 -42.878189
v 38.231838 20 -42.748909
v 37.464321 21.035534 -42.543255
v 36.464073 21.830128 -42.275238
v 35.299259 22.32963 -41.963127
v 34.049259 22.5 -41.628189
v 24.389999 20 -53.370129
v 28.098909 20 -52.88184
v 31.555063 20 -51.450253
v 34.52293 20 -49.172932
v 36.800255 20 -46.205063
v 24.389999 21.035534 -52.575535
v 27.893253 21.035534 -52.114323
v 31.157766 21.035534 -50.762115
v 33.961067 21.035534 -48.611069
v 36.112118 21.035534 -45.807766
v 24.389999 21.830128 -51.540001
v 27.625238 21.830128 -51.114075
v 30.639999 21.830128 -49.865318
v 33.228836 21.830128 -47.878834
v 35.215317 21.830128 -45.290001
v 24.389999 22.32963 -50.334095
v 27.313128 22.32963 -49.949257
v 30.037048 22.32963 -48.820972
v 32.376129 22.32963 -47.026131
v 34.170975 22.32963 -44.68705
v 24.389999 22.5 -49.040001
v 26.978189 22.5 -48.699257
v 29.389999 22.5 -47.700253
v 31.461067 22.5 -46.111069
v 33.050255 22.5 -44.040001
v -39.389999 1 -51.540001
v -39.389999 1 51.540001
v -39.304813 1 -52.18705
v -39.055065 1 -52.790001
v -38.657768 1 -53.307766
v -38.139999 1 -53.705063
v -37.537048 1 -53.954815
v 31.889999 1 -52.03038
v 28.272285 1 -53.528889
v 34.996601 1 -49.646603
v 37.380383 1 -46.540001
v 38.878887 1 -42.922287
v 39.389999 1 -39.040001
v 39.389999 1 51.540001
v 36.889999 1 54.040001
v -36.889999 1 54.040001
v 36.889999 0.741181 54.005924
v -36.889999 0.741181 54.005924
v 36.889999 0.5 53.906025
v -36.889999 0.5 53.906025
v 36.889999 0.292893 53.747108
v -36.889999 0.292893 53.747108
v 36.889999 0.133975 53.540001
v -36.889999 0.133975 53.540001
v 36.889999 0.034074 53.29882
v -36.889999 0.034074 53.29882
v 38.648819 0.034074 51.540001
v 38.622051 0.133975 52.540001
v 37.769409 0.034074 53.063183
v 37.993553 0.292893 53.451412
v 37.537048 1 53.954815
v 38.889999 0.133975 51.540001
v 39.097107 0.292893 51.540001
v 38.563034 0.5 53.213032
v 39.055065 1 52.790001
v 39.256023 0.5 51.540001
v 39.355927 0.741181 51.540001
v 39.304813 1 52.18705
v 38.139999 1 53.705063
v 38.657768 1 53.307766
v 38.648819 0.034074 -39.040001
v 38.889999 0.133975 -39.040001
v 39.097107 0.292893 -39.040001
v 39.256023 0.5 -39.040001
v 39.355927 0.741181 -39.040001
v 24.389999 0.034074 -53.29882
v 28.142876 0.133975 -53.045925
v 38.595974 0.292893 -42.846478
v 24.389999 0.133975 -53.540001
v 34.789494 0.292893 -49.439495
v 24.389999 0.292893 -53.747108
v 31.743553 0.292893 -51.77673
v 37.264355 0.5 -46.473015
v 24.389999 0.5 -53.906025
v 24.389999 0.741181 -54.005924
v -36.889999 0.034074 -53.29882
v -36.889999 0.133975 -53.540001
v -36.889999 0.292893 -53.747108
v -36.889999 0.5 -53.906025
v -36.889999 0.741181 -54.005924
v -38.648819 0.034074 -51.540001
v -38.413181 0.034074 -52.419411
v -37.993553 0.292893 -53.451412
v -38.889999 0.133975 -51.540001
v -39.097107 0.292893 -51.540001
v -38.801411 0.292893 -52.643555
v -39.256023 0.5 -51.540001
v -39.355927 0.741181 -51.540001
v -38.648819 0.034074 51.540001
v -38.889999 0.133975 51.540001
v -39.097107 0.292893 51.540001
v -39.256023 0.5 51.540001
v -39.355927 0.741181 51.540001
v -37.889999 0.133975 53.272053
v -38.622051 0.133975 52.540001
v -39.304813 1 52.18705
v -38.563034 0.5 53.213032
v -39.055065 1 52.790001
v -37.537048 1 53.954815
v -38.139999 1 53.705063
v -38.657768 1 53.307766
v -37.505051 -0.2 -3.26
v -37.505051 -0.2 50.540001
v -37.561619 -0.193517 -3.26
v -37.561619 -0.193517 50.540001
v -37.61525 -0.174402 -3.26
v -37.61525 -0.174402 50.540001
v -37.663166 -0.143649 -3.26
v -37.663166 -0.143649 50.540001
v -37.702881 -0.102852 -3.26
v -37.702881 -0.102852 50.540001
v -37.732334 -0.054126 -3.26
v -37.732334 -0.054126 50.540001
v -35.75 -0.2 52.295052
v -35.75 -0.193517 52.351616
v -36.204243 -0.2 52.235249
v -37.445248 -0.2 50.99424
v -35.75 -0.174402 52.405251
v -35.75 -0.143649 52.453163
v -37.26992 -0.2 51.417526
v -35.75 -0.102852 52.492882
v -36.991009 -0.2 51.78101
v -36.627525 -0.2 52.059917
v -35.75 -0.054126 52.522335
v -35.75 -0.054126 -5.242334
v -37.445248 -0.2 -3.714241
v -35.75 -0.102852 -5.21288
v -35.75 -0.143649 -5.173165
v -36.991009 -0.2 -4.501008
v -37.26992 -0.2 -4.137526
v -35.75 -0.174402 -5.125249
v -36.627525 -0.2 -4.779919
v -35.75 -0.193517 -5.071617
v -36.204243 -0.2 -4.955249
v -35.75 -0.2 -5.015051
v 35.75 -0.2 52.295052
v 35.75 -0.193517 52.351616
v 35.75 -0.174402 52.405251
v 35.75 -0.143649 52.453163
v 35.75 -0.102852 52.492882
v 35.75 -0.054126 52.522335
v 35.75 -0.054126 -5.242334
v 35.75 -0.102852 -5.21288
v 35.75 -0.143649 -5.173165
v 35.75 -0.174402 -5.125249
v 35.75 -0.193517 -5.071617
v 35.75 -0.2 -5.015051
v 37.505051 -0.2 50.540001
v 37.561619 -0.193517 50.540001
v 37.445248 -0.2 50.99424
v 36.204243 -0.2 52.235249
v 37.61525 -0.174402 50.540001
v 36.627525 -0.2 52.059917
v 37.663166 -0.143649 50.540001
v 37.702881 -0.102852 50.540001
v 37.26992 -0.2 51.417526
v 36.991009 -0.2 51.78101
v 37.732334 -0.054126 50.540001
v 37.732334 -0.054126 -3.26
v 36.204243 -0.2 -4.955249
v 37.702881 -0.102852 -3.26
v 36.991009 -0.2 -4.501008
v 37.663166 -0.143649 -3.26
v 37.445248 -0.2 -3.714241
v 37.61525 -0.174402 -3.26
v 37.26992 -0.2 -4.137526
v 36.627525 -0.2 -4.779919
v 37.561619 -0.193517 -3.26
v 37.505051 -0.2 -3.26
vt -0.695409 1.11781
vt 0.427731 1.11781
vt -0.693549 1.07854
vt 0.42683 1.07854
vt -0.688095 1.03927
vt 0.424187 1.03927
vt -0.679418 1
vt 0.419984 1
vt -0.668111 0.96073
vt 0.414506 0.96073
vt -0.654944 0.92146
vt 0.408127 0.92146
vt -0.640814 0.88219
vt 0.401282 0.88219
vt -0.577586 0.88219
vt -0.601121 0.910405
vt -0.04876 0.88219
vt -0.034629 0.92146
vt -0.623826 0.938619
vt -0.021462 0.96073
vt -0.6449 0.966834
vt -0.010155 1
vt -0.663599 0.995048
vt -0.639631 1.025738
vt -0.001479 1.03927
vt -0.621759 1.056429
vt 0.003975 1.07854
vt -0.615353 1.071774
vt -0.610728 1.087119
vt -0.607934 1.102465
vt 0.005836 1.11781
vt -0.607 1.11781
vt -0.727244 1.45
vt 0.395896 1.45
vt -0.727244 0.55
vt 0.395896 0.55
vt -0.15 1.306418
vt 0.75 1.306418
vt -0.15 0.693582
vt 0.75 0.693582
vt 0.134682 0.927334
vt 0.119523 0.930982
vt 0.15 0.926114
vt 1.095316 0.937018
vt 1.080477 0.930982
vt 0.104684 0.937018
vt 1.109682 0.945381
vt 0.090318 0.945381
vt 1.136398 0.968712
vt 0.063602 0.968712
vt 1.159509 1
vt 0.040491 1
vt 1.065318 0.927334
vt 1.05 0.926114
vt -1.139888 0.88219
vt -1.146733 0.92146
vt -0.097792 0.88219
vt -0.083662 0.92146
vt -1.153112 0.96073
vt -0.070495 0.96073
vt -1.15859 1
vt -0.059187 1
vt -1.162793 1.03927
vt -0.050511 1.03927
vt -1.165435 1.07854
vt -0.045057 1.07854
vt -1.166337 1.11781
vt -0.043197 1.11781
vt 0.124909 1.11781
vt 0.125844 1.102465
vt -0.487926 1.11781
vt -0.486066 1.07854
vt 0.128638 1.087119
vt 0.133262 1.071774
vt 0.139668 1.056429
vt -0.480612 1.03927
vt 0.15754 1.025738
vt -0.471936 1
vt 0.181509 0.995048
vt 0.162809 0.966834
vt -0.460629 0.96073
vt 0.141735 0.938619
vt -0.447461 0.92146
vt 0.11903 0.910405
vt -0.433331 0.88219
vt 0.095495 0.88219
vt 1.194889 0.374516
vt 0.95 0.425344
vt 1.2 0.413938
vt 1.091028 0.442295
vt 1.2 0.481609
vt 1.179904 0.337781
vt 0.020096 0.337781
vt 0.005111 0.374516
vt 0.043934 0.306236
vt 1.156066 0.306236
vt 0.15 0.261624
vt 1.05 0.261624
vt 1.125 0.28203
vt 1.088823 0.266814
vt 0.111177 0.266814
vt 0.075 0.28203
vt 0 0.413938
vt 0 0.425344
vt 1.5 0.413938
vt 0.473736 0.594896
vt 1.5 0.425344
vt 1.381494 0.617557
vt 1.222884 0.778281
vt 1.032257 0.899321
vt 0.819333 0.974505
vt 0.594968 1
vt 0.133814 1
vt -0.695409 1.11781
vt 0.427731 1.11781
vt -0.693549 1.07854
vt 0.42683 1.07854
vt -0.688095 1.03927
vt 0.424187 1.03927
vt -0.679418 1
vt 0.419984 1
vt -0.668111 0.96073
vt 0.414506 0.96073
vt -0.654944 0.92146
vt 0.408127 0.92146
vt -0.640814 0.88219
vt 0.401282 0.88219
vt -0.577586 0.88219
vt -0.601121 0.910405
vt -0.04876 0.88219
vt -0.034629 0.92146
vt -0.623826 0.938619
vt -0.021462 0.96073
vt -0.6449 0.966834
vt -0.010155 1
vt -0.663599 0.995048
vt -0.639631 1.025738
vt -0.001479 1.03927
vt -0.621759 1.056429
vt 0.003975 1.07854
vt -0.615353 1.071774
vt -0.610728 1.087119
vt -0.607934 1.102465
vt 0.005836 1.11781
vt -0.607 1.11781
vt 1.194889 0.374516
vt 0.005111 0.374516
vt 1.2 0.413938
vt 0 0.413938
vt 1.2 0.425344
vt 0 0.425344
vt 0.020096 0.337781
vt 1.179904 0.337781
vt 0.043934 0.306236
vt 1.156066 0.306236
vt 0.075 0.28203
vt 1.125 0.28203
vt 0.15 0.261624
vt 1.05 0.261624
vt 1.088823 0.266814
vt 0.111177 0.266814
vt -0.727244 1.45
vt 0.395896 1.45
vt -0.727244 0.55
vt 0.395896 0.55
vt -0.15 1.306418
vt 0.75 1.306418
vt -0.15 0.693582
vt 0.75 0.693582
vt 0.134682 0.927334
vt 0.119523 0.930982
vt 0.15 0.926114
vt 1.095316 0.937018
vt 1.080477 0.930982
vt 0.104684 0.937018
vt 1.109682 0.945381
vt 0.090318 0.945381
vt 1.136398 0.968712
vt 0.063602 0.968712
vt 1.159509 1
vt 0.040491 1
vt 1.065318 0.927334
vt 1.05 0.926114
vt -1.139888 0.88219
vt -1.146733 0.92146
vt -0.097792 0.88219
vt -0.083662 0.92146
vt -1.153112 0.96073
vt -0.070495 0.96073
vt -1.15859 1
vt -0.059187 1
vt -1.162793 1.03927
vt -0.050511 1.03927
vt -1.165435 1.07854
vt -0.045057 1.07854
vt -1.166337 1.11781
vt -0.043197 1.11781
vt 0.124909 1.11781
vt 0.125844 1.102465
vt -0.487926 1.11781
vt -0.486066 1.07854
vt 0.128638 1.087119
vt 0.133262 1.071774
vt 0.139668 1.056429
vt -0.480612 1.03927
vt 0.15754 1.025738
vt -0.471936 1
vt 0.181509 0.995048
vt 0.162809 0.966834
vt -0.460629 0.96073
vt 0.141735 0.938619
vt -0.447461 0.92146
vt 0.11903 0.910405
vt -0.433331 0.88219
vt 0.095495 0.88219
vt 1.5 0.413938
vt 0.473736 0.594896
vt 1.5 0.425344
vt 1.381494 0.617557
vt 1.222884 0.778281
vt 1.032257 0.899321
vt 0.819333 0.974505
vt 0.594968 1
vt 0.133814 1
vt -0.695436 1.11781
vt 0.427704 1.11781
vt -0.693575 1.07854
vt 0.426803 1.07854
vt -0.688121 1.03927
vt 0.424161 1.03927
vt -0.679445 1
vt 0.419958 1
vt -0.668138 0.96073
vt 0.41448 0.96073
vt -0.65497 0.92146
vt 0.408101 0.92146
vt -0.64084 0.88219
vt 0.401255 0.88219
vt -0.577398 0.88219
vt -0.600971 0.910449
vt -0.048838 0.88219
vt -0.034707 0.92146
vt -0.623709 0.938709
vt -0.02154 0.96073
vt -0.644808 0.966968
vt -0.010233 1
vt -0.663522 0.995227
vt -0.639617 1.025873
vt -0.001556 1.03927
vt -0.621794 1.056518
vt 0.003898 1.07854
vt -0.615406 1.071841
vt -0.610795 1.087164
vt -0.608009 1.102487
vt 0.005758 1.11781
vt -0.607078 1.11781
vt 1.194889 0.374719
vt 0.005111 0.374719
vt 1.2 0.414141
vt 0 0.414141
vt 1.2 0.427786
vt 0 0.427786
vt 0.020096 0.337984
vt 1.179904 0.337984
vt 0.043934 0.306439
vt 1.156066 0.306439
vt 0.075 0.282233
vt 1.125 0.282233
vt 0.15 0.261827
vt 1.05 0.261827
vt 1.088823 0.267017
vt 0.111177 0.267017
vt -0.727226 1.45
vt 0.395914 1.45
vt -0.727226 0.55
vt 0.395914 0.55
vt -0.15 1.306418
vt 0.75 1.306418
vt -0.15 0.693582
vt 0.75 0.693582
vt 0.134704 0.927534
vt 0.119567 0.931171
vt 0.15 0.926317
vt 1.095252 0.93719
vt 1.080433 0.931171
vt 0.104748 0.93719
vt 1.1096 0.945529
vt 0.0904 0.945529
vt 1.136288 0.968795
vt 0.063712 0.968795
vt 1.159387 1
vt 0.040613 1
vt 1.065296 0.927534
vt 1.05 0.926317
vt -1.139861 0.88219
vt -1.146707 0.92146
vt -0.097766 0.88219
vt -0.083635 0.92146
vt -1.153086 0.96073
vt -0.070468 0.96073
vt -1.158563 1
vt -0.059161 1
vt -1.162767 1.03927
vt -0.050485 1.03927
vt -1.165409 1.07854
vt -0.045031 1.07854
vt -1.16631 1.11781
vt -0.04317 1.11781
vt 0.124987 1.11781
vt 0.125919 1.102487
vt -0.487849 1.11781
vt -0.485988 1.07854
vt 0.128705 1.087164
vt 0.133316 1.071841
vt 0.139704 1.056518
vt -0.480534 1.03927
vt 0.157526 1.025873
vt -0.471858 1
vt 0.181431 0.995227
vt 0.162717 0.966968
vt -0.460551 0.96073
vt 0.141618 0.938709
vt -0.447384 0.92146
vt 0.11888 0.910449
vt -0.433253 0.88219
vt 0.095308 0.88219
vt 1.5 0.414141
vt 0.473736 0.595099
vt 1.5 0.427786
vt 1.38131 0.619254
vt 1.222774 0.779297
vt 1.032437 0.899793
vt 0.819958 0.974626
vt 0.59612 1
vt 0.133984 1
vt -0.695436 1.11781
vt 0.427704 1.11781
vt -0.693575 1.07854
vt 0.426803 1.07854
vt -0.688121 1.03927
vt 0.424161 1.03927
vt -0.679445 1
vt 0.419958 1
vt -0.668138 0.96073
vt 0.41448 0.96073
vt -0.65497 0.92146
vt 0.408101 0.92146
vt -0.64084 0.88219
vt 0.401255 0.88219
vt -0.577398 0.88219
vt -0.600971 0.910449
vt -0.048838 0.88219
vt -0.034707 0.92146
vt -0.623709 0.938709
vt -0.02154 0.96073
vt -0.644808 0.966968
vt -0.010233 1
vt -0.663522 0.995227
vt -0.639617 1.025873
vt -0.001556 1.03927
vt -0.621794 1.056518
vt 0.003898 1.07854
vt -0.615406 1.071841
vt -0.610795 1.087164
vt -0.608009 1.102487
vt 0.005758 1.11781
vt -0.607078 1.11781
vt 1.2 0.427786
vt 1.2 0.414141
vt 0.25 0.427786
vt 1.194889 0.374719
vt 1.179904 0.337984
vt 1.156066 0.306439
vt 0.043934 0.306439
vt 0.020096 0.337984
vt 0.005111 0.374719
vt 0 0.414141
vt 1.125 0.282233
vt 1.05 0.261827
vt 0.15 0.261827
vt 0.075 0.282233
vt 0.111177 0.267017
vt 1.088823 0.267017
vt 0 0.483623
vt 0.108831 0.44464
vt -0.727226 1.45
vt 0.395914 1.45
vt -0.727226 0.55
vt 0.395914 0.55
vt -0.15 1.306418
vt 0.75 1.306418
vt -0.15 0.693582
vt 0.75 0.693582
vt 0.134704 0.927534
vt 0.119567 0.931171
vt 0.15 0.926317
vt 1.095252 0.93719
vt 1.080433 0.931171
vt 0.104748 0.93719
vt 1.1096 0.945529
vt 0.0904 0.945529
vt 1.136288 0.968795
vt 0.063712 0.968795
vt 1.159387 1
vt 0.040613 1
vt 1.065296 0.927534
vt 1.05 0.926317
vt -1.139861 0.88219
vt -1.146707 0.92146
vt -0.097766 0.88219
vt -0.083635 0.92146
vt -1.153086 0.96073
vt -0.070468 0.96073
vt -1.158563 1
vt -0.059161 1
vt -1.162767 1.03927
vt -0.050485 1.03927
vt -1.165409 1.07854
vt -0.045031 1.07854
vt -1.16631 1.11781
vt -0.04317 1.11781
vt 0.124987 1.11781
vt 0.125919 1.102487
vt -0.487849 1.11781
vt -0.485988 1.07854
vt 0.128705 1.087164
vt 0.133316 1.071841
vt 0.139704 1.056518
vt -0.480534 1.03927
vt 0.157526 1.025873
vt -0.471858 1
vt 0.181431 0.995227
vt 0.162717 0.966968
vt -0.460551 0.96073
vt 0.141618 0.938709
vt -0.447384 0.92146
vt 0.11888 0.910449
vt -0.433253 0.88219
vt 0.095308 0.88219
vt 1.5 0.483623
vt 1.5 0.414141
vt 1.495465 0.491451
vt 0.473736 0.595099
vt 1.332296 0.701873
vt 1.120724 0.863395
vt 0.874634 0.965224
vt 0.744047 0.991242
vt 0.610927 1
vt 0.133984 1
vt 1.511424 0.469802
vt 1.525152 0.436987
vt 1.531876 0.452448
vt 1.543575 0.445895
vt 1.556084 0.441018
vt 1.569126 0.43801
vt 1.582479 0.436987
vt 0 1
vt 0.019635 1
vt 0 0.979571
vt 0 0.897855
vt 0 0.918284
vt 0.03927 0.877426
vt 0 0.877426
vt 0.019635 0.877426
vt 0.098175 0.877426
vt 0.11781 0.897855
vt 0.11781 0.877426
vt 0.058905 1
vt 0 0.959142
vt 0 0.938713
vt 0.07854 0.959142
vt 0.058905 0.877426
vt 0.07854 0.877426
vt 0.11781 1
vt 0.11781 0.979571
vt 0.11781 0.959142
vt 0.11781 0.938713
vt 0.11781 0.918284
vt -0.775 1.058905
vt -0.275 1.058905
vt -0.775 1.03927
vt -0.275 1.03927
vt -0.775 1.019635
vt -0.275 1.019635
vt -0.775 1
vt -0.275 1
vt -0.775 0.980365
vt -0.275 0.980365
vt -0.775 0.96073
vt -0.275 0.96073
vt -0.775 0.941095
vt -0.275 0.941095
vt -0.11781 1
vt -0.137445 1
vt -0.11781 1.031931
vt -0.11781 1.063862
vt -0.11781 1.127724
vt -0.11781 1.095793
vt -0.11781 1.159654
vt -0.11781 1.191585
vt -0.137445 1.191585
vt -0.15708 1.191585
vt -0.176715 1.191585
vt -0.19635 1.191585
vt -0.215984 1.191585
vt -0.235619 1.159654
vt -0.235619 1.191585
vt -0.15708 1
vt -0.176715 1.063862
vt -0.176715 1
vt -0.19635 1
vt -0.215984 1
vt -0.235619 1.031931
vt -0.235619 1.063862
vt -0.235619 1.095793
vt -0.235619 1
vt -0.235619 1.127724
vt -0.075 1.058905
vt 0.425 1.058905
vt -0.075 1.03927
vt 0.425 1.03927
vt -0.075 1.019635
vt 0.425 1.019635
vt -0.075 1
vt 0.425 1
vt -0.075 0.980365
vt 0.425 0.980365
vt -0.075 0.96073
vt 0.425 0.96073
vt -0.075 0.941095
vt 0.425 0.941095
vt 0.11781 0.877426
vt 0.098175 0.877426
vt 0.11781 0.897855
vt 0.11781 0.918284
vt 0.11781 0.938713
vt 0.11781 0.959142
vt 0.11781 0.979571
vt 0.098175 1
vt 0.11781 1
vt 0.019635 1
vt 0.03927 1
vt 0 0.979571
vt 0 1
vt 0.07854 0.877426
vt 0.07854 1
vt 0.058905 0.877426
vt 0.058905 1
vt 0.03927 0.877426
vt 0 0.938713
vt 0.019635 0.877426
vt 0 0.877426
vt 0 0.897855
vt 0 0.918284
vt 0 0.959142
vt -0.425 1.058905
vt 0.075 1.058905
vt -0.425 1.03927
vt 0.075 1.03927
vt -0.425 1.019635
vt 0.075 1.019635
vt -0.425 1
vt 0.075 1
vt -0.425 0.980365
vt 0.075 0.980365
vt -0.425 0.96073
vt 0.075 0.96073
vt -0.425 0.941095
vt 0.075 0.941095
vt 0.11781 1.245148
vt 0.098175 1.245148
vt 0.11781 1.265577
vt 0.11781 1.286006
vt 0.11781 1.306435
vt 0.098175 1.367722
vt 0.11781 1.326864
vt 0.11781 1.347293
vt 0.11781 1.367722
vt 0.058905 1.367722
vt 0.07854 1.367722
vt 0.03927 1.367722
vt 0 1.347293
vt 0.019635 1.367722
vt 0 1.367722
vt 0.07854 1.245148
vt 0.058905 1.245148
vt 0.03927 1.245148
vt 0 1.306435
vt 0 1.326864
vt 0.019635 1.245148
vt 0 1.265577
vt 0 1.245148
vt 0 1.286006
vt -0.775 1.058905
vt -0.275 1.058905
vt -0.775 1.03927
vt -0.275 1.03927
vt -0.775 1.019635
vt -0.275 1.019635
vt -0.775 1
vt -0.275 1
vt -0.775 0.980365
vt -0.275 0.980365
vt -0.775 0.96073
vt -0.275 0.96073
vt -0.775 0.941095
vt -0.275 0.941095
vt -0.11781 1.191585
vt -0.137445 1.191585
vt -0.11781 1.223516
vt -0.11781 1.255447
vt -0.11781 1.383171
vt -0.11781 1.35124
vt -0.137445 1.383171
vt -0.15708 1.383171
vt -0.176715 1.383171
vt -0.19635 1.383171
vt -0.215984 1.383171
vt -0.235619 1.35124
vt -0.235619 1.383171
vt -0.15708 1.191585
vt -0.15708 1.255447
vt -0.11781 1.287378
vt -0.11781 1.319309
vt -0.176715 1.191585
vt -0.19635 1.191585
vt -0.215984 1.191585
vt -0.235619 1.255447
vt -0.235619 1.287378
vt -0.235619 1.191585
vt -0.235619 1.223516
vt -0.235619 1.319309
vt -0.075 1.058905
vt 0.425 1.058905
vt -0.075 1.03927
vt 0.425 1.03927
vt -0.075 1.019635
vt 0.425 1.019635
vt -0.075 1
vt 0.425 1
vt -0.075 0.980365
vt 0.425 0.980365
vt -0.075 0.96073
vt 0.425 0.96073
vt -0.075 0.941095
vt 0.425 0.941095
vt 0.11781 1.245148
vt 0.098175 1.245148
vt 0.11781 1.265577
vt 0.11781 1.286006
vt 0.11781 1.306435
vt 0.11781 1.326864
vt 0.11781 1.347293
vt 0.098175 1.367722
vt 0.11781 1.367722
vt 0.07854 1.367722
vt 0.03927 1.326864
vt 0.058905 1.367722
vt 0.019635 1.367722
vt 0.03927 1.367722
vt 0 1.347293
vt 0 1.367722
vt 0.07854 1.245148
vt 0.058905 1.245148
vt 0.03927 1.245148
vt 0.019635 1.245148
vt 0 1.265577
vt 0 1.245148
vt 0 1.286006
vt 0 1.306435
vt 0 1.326864
vt -0.425 1.058905
vt 0.075 1.058905
vt -0.425 1.03927
vt 0.075 1.03927
vt -0.425 1.019635
vt 0.075 1.019635
vt -0.425 1
vt 0.075 1
vt -0.425 0.980365
vt 0.075 0.980365
vt -0.425 0.96073
vt 0.075 0.96073
vt -0.425 0.941095
vt 0.075 0.941095
vt 0.11781 1.122574
vt 0.098175 1.122574
vt 0.11781 1.143003
vt 0.11781 1.163432
vt 0.11781 1.183861
vt 0.11781 1.20429
vt 0.098175 1.245148
vt 0.11781 1.224719
vt 0.11781 1.245148
vt 0.058905 1.245148
vt 0.07854 1.245148
vt 0.019635 1.245148
vt 0.03927 1.245148
vt 0 1.224719
vt 0 1.245148
vt 0.07854 1.122574
vt 0.058905 1.122574
vt 0.03927 1.163432
vt 0.03927 1.122574
vt 0 1.20429
vt 0 1.183861
vt 0.019635 1.122574
vt 0 1.122574
vt 0 1.143003
vt 0 1.163432
vt -0.775 1.058905
vt -0.275 1.058905
vt -0.775 1.03927
vt -0.275 1.03927
vt -0.775 1.019635
vt -0.275 1.019635
vt -0.775 1
vt -0.275 1
vt -0.775 0.980365
vt -0.275 0.980365
vt -0.775 0.96073
vt -0.275 0.96073
vt -0.775 0.941095
vt -0.275 0.941095
vt -0.11781 1.383171
vt -0.137445 1.383171
vt -0.11781 1.415101
vt -0.11781 1.510894
vt -0.11781 1.478963
vt -0.11781 1.542825
vt -0.11781 1.574756
vt -0.137445 1.574756
vt -0.176715 1.510894
vt -0.15708 1.574756
vt -0.176715 1.574756
vt -0.19635 1.574756
vt -0.235619 1.510894
vt -0.215984 1.574756
vt -0.235619 1.542825
vt -0.235619 1.574756
vt -0.15708 1.383171
vt -0.11781 1.447032
vt -0.176715 1.383171
vt -0.235619 1.415101
vt -0.19635 1.383171
vt -0.215984 1.383171
vt -0.235619 1.447032
vt -0.235619 1.478963
vt -0.235619 1.383171
vt -0.075 1.058905
vt 0.425 1.058905
vt -0.075 1.03927
vt 0.425 1.03927
vt -0.075 1.019635
vt 0.425 1.019635
vt -0.075 1
vt 0.425 1
vt -0.075 0.980365
vt 0.425 0.980365
vt -0.075 0.96073
vt 0.425 0.96073
vt -0.075 0.941095
vt 0.425 0.941095
vt 0.11781 1.122574
vt 0.098175 1.122574
vt 0.11781 1.143003
vt 0.11781 1.163432
vt 0.11781 1.183861
vt 0.11781 1.20429
vt 0.098175 1.245148
vt 0.11781 1.224719
vt 0.11781 1.245148
vt 0.07854 1.245148
vt 0.03927 1.245148
vt 0.058905 1.245148
vt 0 1.224719
vt 0.019635 1.245148
vt 0 1.245148
vt 0.07854 1.122574
vt 0.07854 1.183861
vt 0.058905 1.122574
vt 0 1.20429
vt 0.03927 1.122574
vt 0 1.163432
vt 0.019635 1.122574
vt 0 1.122574
vt 0 1.143003
vt 0 1.183861
vt -0.425 1.058905
vt 0.075 1.058905
vt -0.425 1.03927
vt 0.075 1.03927
vt -0.425 1.019635
vt 0.075 1.019635
vt -0.425 1
vt 0.075 1
vt -0.425 0.980365
vt 0.075 0.980365
vt -0.425 0.96073
vt 0.075 0.96073
vt -0.425 0.941095
vt 0.075 0.941095
vt 0.11781 1
vt 0.098175 1
vt 0.11781 1.020429
vt 0.11781 1.040858
vt 0.098175 1.122574
vt 0.11781 1.061287
vt 0.11781 1.081716
vt 0.11781 1.102145
vt 0.11781 1.122574
vt 0.07854 1.122574
vt 0.058905 1.081716
vt 0.058905 1.122574
vt 0.019635 1.122574
vt 0.03927 1.122574
vt 0 1.102145
vt 0 1.122574
vt 0.07854 1
vt 0.058905 1
vt 0.03927 1
vt 0 1.061287
vt 0 1.081716
vt 0.019635 1
vt 0 1
vt 0 1.020429
vt 0 1.040858
vt -0.775 1.058905
vt -0.275 1.058905
vt -0.775 1.03927
vt -0.275 1.03927
vt -0.775 1.019635
vt -0.275 1.019635
vt -0.775 1
vt -0.275 1
vt -0.775 0.980365
vt -0.275 0.980365
vt -0.775 0.96073
vt -0.275 0.96073
vt -0.775 0.941095
vt -0.275 0.941095
vt -0.11781 0.808415
vt -0.137445 0.808415
vt -0.11781 0.840346
vt -0.15708 0.808415
vt -0.11781 0.872276
vt -0.11781 0.904207
vt -0.11781 1
vt -0.11781 0.968069
vt -0.137445 1
vt -0.15708 1
vt -0.19635 1
vt -0.176715 1
vt -0.235619 0.968069
vt -0.215984 1
vt -0.235619 1
vt -0.176715 0.904207
vt -0.11781 0.936138
vt -0.176715 0.808415
vt -0.19635 0.808415
vt -0.235619 0.904207
vt -0.215984 0.808415
vt -0.235619 0.808415
vt -0.235619 0.840346
vt -0.235619 0.936138
vt -0.235619 0.872276
vt -0.075 1.058905
vt 0.425 1.058905
vt -0.075 1.03927
vt 0.425 1.03927
vt -0.075 1.019635
vt 0.425 1.019635
vt -0.075 1
vt 0.425 1
vt -0.075 0.980365
vt 0.425 0.980365
vt -0.075 0.96073
vt 0.425 0.96073
vt -0.075 0.941095
vt 0.425 0.941095
vt 0.11781 1
vt 0.098175 1
vt 0.11781 1.020429
vt 0.11781 1.040858
vt 0.098175 1.081716
vt 0.11781 1.061287
vt 0.11781 1.081716
vt 0.11781 1.102145
vt 0.11781 1.122574
vt 0.098175 1.122574
vt 0.07854 1.122574
vt 0.058905 1.122574
vt 0.03927 1.122574
vt 0 1.102145
vt 0.019635 1.122574
vt 0 1.122574
vt 0.07854 1
vt 0.058905 1
vt 0.03927 1.061287
vt 0.03927 1
vt 0 1.081716
vt 0 1.040858
vt 0.019635 1
vt 0 1
vt 0 1.020429
vt 0 1.061287
vt 0.075 0.941095
vt -0.425 0.941095
vt 0.075 0.96073
vt -0.425 0.96073
vt 0.075 1
vt -0.425 0.980365
vt -0.425 1
vt -0.425 1.019635
vt -0.425 1.03927
vt 0.075 1.058905
vt -0.425 1.058905
vt 0.6 0.835
vt 0.1 0.835
vt 0.6 1
vt 0.1 1
vt 0 1.07854
vt 0.165 1.07854
vt 0 1.05236
vt 0.165 1.05236
vt 0 1.02618
vt 0.165 1.02618
vt 0 1
vt 0.165 1
vt 0 0.97382
vt 0.165 0.97382
vt 0 0.94764
vt 0.165 0.94764
vt 0 0.92146
vt 0.165 0.92146
vt 0.6 0.835
vt 0.1 0.835
vt 0.6 1
vt 0.1 1
vt 0 0.92146
vt -0.165 0.92146
vt 0 0.94764
vt -0.165 0.94764
vt 0 0.97382
vt -0.165 0.97382
vt 0 1
vt -0.165 1
vt 0 1.02618
vt -0.165 1.02618
vt 0 1.05236
vt -0.165 1.05236
vt 0 1.07854
vt -0.165 1.07854
vt 0.6 0.835
vt 0.1 0.835
vt 0.6 1
vt 0.1 1
vt 0 0.92146
vt -0.165 0.92146
vt 0 0.94764
vt -0.165 0.94764
vt 0 0.97382
vt -0.165 0.97382
vt 0 1
vt -0.165 1
vt 0 1.02618
vt -0.165 1.02618
vt 0 1.05236
vt -0.165 1.05236
vt 0 1.07854
vt -0.165 1.07854
vt 0.6 0.835
vt 0.1 0.835
vt 0.6 1
vt 0.1 1
vt 0 1.07854
vt 0.165 1.07854
vt 0 1.05236
vt 0.165 1.05236
vt 0 1.02618
vt 0.165 1.02618
vt 0 1
vt 0.165 1
vt 0 0.97382
vt 0.165 0.97382
vt 0 0.94764
vt 0.165 0.94764
vt 0 0.92146
vt 0.165 0.92146
vt 0.6 0.835
vt 0.1 0.835
vt 0.6 1
vt 0.1 1
vt 0 0.92146
vt -0.165 0.92146
vt 0 0.94764
vt -0.165 0.94764
vt 0 0.97382
vt -0.165 0.97382
vt 0 1
vt -0.165 1
vt 0 1.02618
vt -0.165 1.02618
vt 0 1.05236
vt -0.165 1.05236
vt 0 1.07854
vt -0.165 1.07854
vt 0.6 0.835
vt 0.1 0.835
vt 0.6 1
vt 0.1 1
vt 0 0.92146
vt -0.165 0.92146
vt 0 0.94764
vt -0.165 0.94764
vt 0 0.97382
vt -0.165 0.97382
vt 0 1
vt -0.165 1
vt 0 1.02618
vt -0.165 1.02618
vt 0 1.05236
vt -0.165 1.05236
vt 0 1.07854
vt -0.165 1.07854
vt -0.95647 0.725852
vt -0.9625 0.728349
vt -0.95 0.725
vt -0.967678 0.732322
vt -0.971651 0.7375
vt -0.974148 0.74353
vt -0.975 0.75
vt -0.45 0.725
vt -0.975 1.25
vt -0.95 1.275
vt -0.95647 1.274148
vt -0.9625 1.271651
vt -0.967678 1.267678
vt -0.971651 1.2625
vt -0.974148 1.25647
vt -0.45 1.275
vt -0.404707 1.280963
vt -0.404707 0.719037
vt -0.3625 1.298446
vt -0.3625 0.701554
vt -0.326256 1.326256
vt -0.326256 0.673744
vt 0.326256 1.326256
vt 0.326256 0.673744
vt 0.3625 0.701554
vt 0.3625 1.298446
vt 0.404707 0.719037
vt 0.404707 1.280963
vt 0.45 0.725
vt 0.45 1.275
vt 0.95 1.275
vt 0.298446 1.3625
vt -0.298446 1.3625
vt 0.280963 1.404707
vt -0.280963 1.404707
vt 0.275 1.45
vt -0.275 1.45
vt 0.275 1.95
vt 0.25 1.975
vt 0.25647 1.974148
vt -0.275 1.95
vt -0.25 1.975
vt -0.25647 1.974148
vt -0.2625 1.971651
vt -0.267678 1.967678
vt -0.271651 1.9625
vt -0.274148 1.95647
vt 0.2625 1.971651
vt 0.267678 1.967678
vt 0.271651 1.9625
vt 0.274148 1.95647
vt 0.975 1.25
vt 0.95647 1.274148
vt 0.9625 1.271651
vt 0.967678 1.267678
vt 0.971651 1.2625
vt 0.974148 1.25647
vt 0.975 0.75
vt 0.95 0.725
vt 0.974148 0.74353
vt 0.971651 0.7375
vt 0.967678 0.732322
vt 0.9625 0.728349
vt 0.95647 0.725852
vt -0.298446 0.6375
vt 0.298446 0.6375
vt -0.280963 0.595293
vt 0.280963 0.595293
vt -0.275 0.55
vt 0.275 0.55
vt -0.275 0.05
vt -0.25 0.025
vt -0.274148 0.04353
vt -0.271651 0.0375
vt -0.267678 0.032322
vt -0.2625 0.028349
vt -0.25647 0.025852
vt 0.275 0.05
vt 0.25 0.025
vt 0.274148 0.04353
vt 0.271651 0.0375
vt 0.267678 0.032322
vt 0.2625 0.028349
vt 0.25647 0.025852
vt 0 1.07854
vt 0.165 1.07854
vt 0 1.05236
vt 0.165 1.05236
vt 0 1.02618
vt 0.165 1.02618
vt 0 1
vt 0.165 1
vt 0 0.97382
vt 0.165 0.97382
vt 0 0.94764
vt 0.165 0.94764
vt 0 0.92146
vt 0.165 0.92146
vt 3.689 6.304
vt -3.575 6.254
vt -3.689 6.304
vt -3.626764 6.247185
vt -3.675 6.227205
vt 3.727823 6.298889
vt 3.675 6.227205
vt 3.626764 6.247185
vt 3.575 6.254
vt 3.716421 6.195421
vt 3.764 6.283904
vt 3.795066 6.260066
vt 3.748205 6.154
vt 3.818904 6.229
vt 3.833889 6.192823
vt 3.839 6.154
vt 3.768185 6.105764
vt 3.775 6.054
vt 3.775 0.674
vt 3.839 -4.154
vt 3.768185 0.622236
vt 3.748205 0.574
vt 3.716421 0.532579
vt 2.989 -1.716
vt 2.989 -1.216
vt 3.833889 -4.192823
vt 3.818904 -4.229
vt 3.795066 -4.260066
vt 3.764 -4.283904
vt 3.727823 -4.298889
vt 3.689 -4.304
vt 2.914882 -1.812593
vt 2.275603 -2.466
vt 2.285593 -2.441882
vt -2.439 -4.304
vt 1.026299 -3.802012
vt 1.051927 -3.798822
vt 1.075883 -3.789176
vt -2.801347 -4.256296
vt -2.207539 -2.632539
vt -2.12625 -2.694915
vt -2.031586 -2.734126
vt -2.269915 -2.55125
vt -3.139 -4.116436
vt -3.428949 -3.893949
vt -2.309126 -2.456586
vt -3.651436 -3.604
vt -2.870586 -1.845126
vt -3.791296 -3.266347
vt -3.839 -2.904
vt -3.839 6.154
vt -3.775 0.674
vt -3.768185 0.622236
vt -3.748205 0.574
vt -3.833889 6.192823
vt -3.748205 6.154
vt -3.768185 6.105764
vt -3.775 6.054
vt -3.818904 6.229
vt -3.795066 6.260066
vt -3.716421 6.195421
vt -3.764 6.283904
vt -3.727823 6.298889
vt -3.716421 0.532579
vt -3.1615 -1.466
vt -3.148126 -1.567586
vt -3.148126 -1.364414
vt -3.675 0.500795
vt -3.626764 0.480815
vt -3.108915 -1.26975
vt -3.575 0.474
vt -3.046539 -1.188461
vt -2.96525 -1.126085
vt -2.870586 -1.086874
vt -2.309126 -0.564414
vt -2.769 -1.0735
vt -2.3225 -0.666
vt -2.667414 -1.086874
vt -2.309126 -0.767586
vt -2.57275 -1.126085
vt -2.269915 -0.86225
vt -2.491461 -1.188461
vt -2.207539 -0.943539
vt -2.429085 -1.26975
vt -2.12625 -1.005915
vt -2.389874 -1.364414
vt -2.031586 -1.045126
vt -2.3765 -1.466
vt -2.031586 -1.975874
vt -2.389874 -1.567586
vt -2.12625 -2.015085
vt -2.429085 -1.66225
vt -2.207539 -2.077461
vt -2.491461 -1.743539
vt -2.269915 -2.15875
vt -2.57275 -1.805915
vt -2.309126 -2.253414
vt -2.667414 -1.845126
vt -2.3225 -2.355
vt -2.769 -1.8585
vt 3.575 0.474
vt 0 0.25
vt -0.064705 0.241481
vt -0.125 0.216506
vt 3.626764 0.480815
vt 2.975603 -1.166
vt 2.959711 -1.145289
vt 2.939 -1.129397
vt 2.985593 -1.190118
vt 3.675 0.500795
vt -2.031586 -0.286874
vt -1.93 -0.2735
vt -1.828414 -0.286874
vt -0.176777 0.176777
vt -1.73375 -0.326085
vt -0.216506 0.125
vt -1.652461 -0.388461
vt -0.241481 0.064705
vt -1.590085 -0.46975
vt -0.25 0
vt -1.550874 -0.564414
vt -0.978414 -1.086874
vt -1.08 -1.0735
vt -2.12625 -0.326085
vt -2.207539 -0.388461
vt -2.269915 -0.46975
vt -1.93 -1.0585
vt -1.93 -1.9625
vt -1.828414 -1.975874
vt -1.828414 -1.045126
vt -1.4725 -1.466
vt -1.459126 -1.364414
vt -1.73375 -1.005915
vt -1.652461 -0.943539
vt -1.419915 -1.26975
vt -1.590085 -0.86225
vt -1.357539 -1.188461
vt -1.550874 -0.767586
vt -1.27625 -1.126085
vt -1.181586 -1.086874
vt -1.5375 -0.666
vt -0.700874 -1.364414
vt 0 -0.25
vt -0.6875 -1.466
vt 0.889 -1.216
vt 0.889 -1.716
vt -0.740085 -1.26975
vt -0.125 -0.216506
vt -0.064705 -0.241481
vt -0.176777 -0.176777
vt -0.802461 -1.188461
vt -0.216506 -0.125
vt -0.88375 -1.126085
vt -0.241481 -0.064705
vt -1.459126 -1.567586
vt -1.73375 -2.015085
vt -1.419915 -1.66225
vt -1.652461 -2.077461
vt -1.357539 -1.743539
vt -1.590085 -2.15875
vt -1.27625 -1.805915
vt -1.550874 -2.253414
vt -1.181586 -1.845126
vt -1.5375 -2.355
vt -1.08 -1.8585
vt -1.550874 -2.456586
vt -0.540579 -3.260682
vt -0.564718 -3.301414
vt -0.978414 -1.845126
vt -0.52693 -3.242662
vt -0.509583 -3.228169
vt -0.88375 -1.805915
vt -0.489423 -3.217942
vt -0.467482 -3.212504
vt -0.802461 -1.743539
vt -0.44488 -3.212133
vt -0.422772 -3.216849
vt -0.740085 -1.66225
vt -0.402288 -3.226409
vt 0.390417 -3.228169
vt 0.37307 -3.242662
vt -0.700874 -1.567586
vt 0.892407 -1.741882
vt 0.410577 -3.217942
vt 0.902397 -1.766
vt 0.432518 -3.212504
vt 0.45512 -3.212133
vt 0.918289 -1.786711
vt 0.477228 -3.216849
vt 0.939 -1.802603
vt 0.497712 -3.226409
vt 0.963118 -1.812593
vt 0.989 -1.816
vt -3.108915 -1.66225
vt -3.046539 -1.743539
vt -2.96525 -1.805915
vt -1.93 -2.7475
vt -1.828414 -2.734126
vt -1.73375 -2.694915
vt -1.652461 -2.632539
vt -0.577669 -3.366657
vt -0.571955 -3.388476
vt -0.561497 -3.40846
vt -0.546827 -3.425591
vt -0.578347 -3.344113
vt -1.590085 -2.55125
vt -0.573956 -3.32199
vt 0.326044 -3.32199
vt 0.194013 -3.591957
vt 0.321653 -3.344113
vt 0.322331 -3.366657
vt -0.528691 -3.438999
vt 0.076864 -3.788617
vt 0.10071 -3.798533
vt 0.126299 -3.802012
vt 0.151927 -3.798822
vt 1.00071 -3.798533
vt 0.175883 -3.789176
vt 0.976864 -3.788617
vt 0.196569 -3.773716
vt 0.212607 -3.753474
vt 0.227492 -3.728673
vt 0.237846 -3.704878
vt 0.371309 -3.438999
vt 0.241729 -3.67922
vt 0.238879 -3.653427
vt 0.229489 -3.629236
vt 0.353173 -3.425591
vt 0.21419 -3.608275
vt 0.338503 -3.40846
vt 0.328045 -3.388476
vt 1.094013 -3.591957
vt 1.592407 -2.441882
vt 1.602397 -2.466
vt 0.359421 -3.260682
vt 0.335282 -3.301414
vt 1.096569 -3.773716
vt 1.112607 -3.753474
vt 1.127492 -3.728673
vt 1.137846 -3.704878
vt 2.214882 -2.512593
vt 2.239 -2.502603
vt 2.189 -2.516
vt 1.141729 -3.67922
vt 1.689 -2.516
vt 1.138879 -3.653427
vt 1.129489 -3.629236
vt 1.11419 -3.608275
vt 1.639 -2.502603
vt 1.663118 -2.512593
vt 1.618289 -2.486711
vt 0.241481 0.064705
vt 1.602397 -0.466
vt 0.25 0
vt 1.592407 -0.490118
vt 0.989 -1.116
vt 1.589 -0.516
vt 1.489 -1.116
vt 1.589 -1.016
vt 1.514882 -1.112593
vt 1.539 -1.102603
vt 1.559711 -1.086711
vt 1.575603 -1.066
vt 1.585593 -1.041882
vt 1.618289 -0.445289
vt 0.216506 0.125
vt 1.639 -0.429397
vt 1.663118 -0.419407
vt 0.176777 0.176777
vt 1.689 -0.416
vt 2.189 -0.416
vt 2.214882 -0.419407
vt 2.239 -0.429397
vt 2.259711 -0.445289
vt 2.275603 -0.466
vt 2.285593 -0.490118
vt 2.889 -1.116
vt 2.289 -0.516
vt 2.389 -1.116
vt 2.289 -1.016
vt 2.363118 -1.112593
vt 2.339 -1.102603
vt 0.125 0.216506
vt 0.064705 0.241481
vt 0.064705 -0.241481
vt 0.125 -0.216506
vt 0.892407 -1.190118
vt 0.176777 -0.176777
vt 0.902397 -1.166
vt 0.216506 -0.125
vt 0.918289 -1.145289
vt 0.939 -1.129397
vt 0.241481 -0.064705
vt 0.963118 -1.119407
vt 1.589 -2.416
vt 1.489 -1.816
vt 1.589 -1.916
vt 1.514882 -1.819407
vt 1.539 -1.829397
vt 1.559711 -1.845289
vt 1.575603 -1.866
vt 1.585593 -1.890118
vt 2.259711 -2.486711
vt 2.889 -1.816
vt 2.289 -2.416
vt 2.389 -1.816
vt 2.289 -1.916
vt 2.363118 -1.819407
vt 2.339 -1.829397
vt 2.318289 -1.845289
vt 2.302397 -1.866
vt 2.292407 -1.890118
vt 2.939 -1.802603
vt 2.959711 -1.786711
vt 2.975603 -1.766
vt 2.985593 -1.741882
vt 2.914882 -1.119407
vt 2.318289 -1.086711
vt 2.302397 -1.066
vt 2.292407 -1.041882
vt 0.6 0.835
vt 0.1 0.835
vt 0.6 1
vt 0.1 1
vt 0 0.92146
vt -0.165 0.92146
vt 0 0.94764
vt -0.165 0.94764
vt 0 0.97382
vt -0.165 0.97382
vt 0 1
vt -0.165 1
vt 0 1.02618
vt -0.165 1.02618
vt 0 1.05236
vt -0.165 1.05236
vt 0 1.07854
vt -0.165 1.07854
vt 0 0.92146
vt -0.165 0.92146
vt 0 0.94764
vt -0.165 0.94764
vt 0 0.97382
vt -0.165 0.97382
vt 0 1
vt -0.165 1
vt 0 1.02618
vt -0.165 1.02618
vt 0 1.05236
vt -0.165 1.05236
vt 0 1.07854
vt -0.165 1.07854
vt 0.6 0.835
vt 0.1 0.835
vt 0.6 1
vt 0.1 1
vt 0 1.07854
vt 0.165 1.07854
vt 0 1.05236
vt 0.165 1.05236
vt 0 1.02618
vt 0.165 1.02618
vt 0 1
vt 0.165 1
vt 0 0.97382
vt 0.165 0.97382
vt 0 0.94764
vt 0.165 0.94764
vt 0 0.92146
vt 0.165 0.92146
vt 0 0.92146
vt -0.165 0.92146
vt 0 0.94764
vt -0.165 0.94764
vt 0 0.97382
vt -0.165 0.97382
vt 0 1
vt -0.165 1
vt 0 1.02618
vt -0.165 1.02618
vt 0 1.05236
vt -0.165 1.05236
vt 0 1.07854
vt -0.165 1.07854
vt 0.6 0.835
vt 0.1 0.835
vt 0.6 1
vt 0.1 1
vt 0 0.92146
vt -0.165 0.92146
vt 0 0.94764
vt -0.165 0.94764
vt 0 0.97382
vt -0.165 0.97382
vt 0 1
vt -0.165 1
vt 0 1.02618
vt -0.165 1.02618
vt 0 1.05236
vt -0.165 1.05236
vt 0 1.07854
vt -0.165 1.07854
vt 0 2.14106
vt 0 2.045972
vt -0.02618 2.14106
vt 0 -0.14106
vt -0.02618 -0.14106
vt 0 -0.045972
vt 0 0.524558
vt 0 0.42947
vt -0.05236 0.524558
vt 0 0.619647
vt 0 1.475442
vt 0 1.380353
vt -0.05236 1.475442
vt 0 1.57053
vt -0.15708 -0.045972
vt -0.07854 -0.045972
vt -0.15708 -0.14106
vt -0.1309 -0.14106
vt -0.15708 2.14106
vt -0.1309 2.14106
vt -0.15708 2.045972
vt -0.15708 1.950883
vt -0.07854 1.950883
vt -0.15708 1.855795
vt -0.15708 1
vt -0.15708 1.095088
vt -0.10472 1
vt -0.15708 0.904912
vt -0.15708 0.42947
vt -0.15708 0.524558
vt -0.07854 0.42947
vt -0.15708 0.334382
vt -0.15708 0.144205
vt -0.15708 0.239293
vt -0.10472 0.144205
vt -0.15708 0.049117
vt -0.05236 -0.14106
vt 0 0.049117
vt 0 0.144205
vt 0 0.239293
vt -0.05236 0.239293
vt 0 0.334382
vt -0.07854 0.334382
vt -0.05236 0.619647
vt 0 0.714735
vt 0 1
vt 0 0.904912
vt 0 1.095088
vt -0.05236 1.095088
vt 0 1.190177
vt 0 1.285265
vt -0.10472 1.285265
vt -0.05236 1.380353
vt -0.07854 1.57053
vt 0 1.665618
vt -0.07854 1.665618
vt 0 1.760707
vt 0 1.855795
vt -0.07854 1.855795
vt 0 1.950883
vt -0.07854 2.045972
vt -0.05236 2.14106
vt -0.07854 -0.14106
vt -0.10472 0.809823
vt 0 0.809823
vt -0.07854 2.14106
vt -0.10472 -0.14106
vt -0.15708 0.619647
vt -0.15708 1.380353
vt -0.15708 1.665618
vt -0.10472 2.14106
vt -0.15708 0.714735
vt -0.15708 0.809823
vt -0.15708 1.190177
vt -0.15708 1.285265
vt -0.15708 1.475442
vt -0.15708 1.57053
vt -0.15708 1.760707
vt 0 2.130319
vt -0.14 2.130319
vt 0 2.233075
vt -0.14 2.233075
vt 0 -0.233075
vt -0.14 -0.233075
vt 0 -0.130319
vt -0.14 -0.130319
vt 0 -0.027563
vt -0.14 -0.027563
vt 0 0.075194
vt -0.14 0.075194
vt 0 0.17795
vt -0.14 0.17795
vt 0 0.280706
vt -0.14 0.280706
vt 0 0.383462
vt -0.14 0.383462
vt 0 0.486219
vt -0.14 0.486219
vt 0 0.588975
vt -0.14 0.588975
vt 0 0.691731
vt -0.14 0.691731
vt 0 0.794487
vt -0.14 0.794487
vt 0 0.897244
vt -0.14 0.897244
vt 0 1
vt -0.14 1
vt 0 1.102756
vt -0.14 1.102756
vt 0 1.205513
vt -0.14 1.205513
vt 0 1.308269
vt -0.14 1.308269
vt 0 1.411025
vt -0.14 1.411025
vt 0 1.513781
vt -0.14 1.513781
vt 0 1.616538
vt -0.14 1.616538
vt 0 1.719294
vt -0.14 1.719294
vt 0 1.82205
vt -0.14 1.82205
vt 0 1.924806
vt -0.14 1.924806
vt 0 2.027563
vt -0.14 2.027563
vt 0 0.7075
vt -0.075705 0.717467
vt 0.075705 0.717467
vt 0.14625 0.746688
vt -0.14625 0.746688
vt 0.206829 0.793171
vt -0.206829 0.793171
vt 0.253312 0.85375
vt -0.253312 0.85375
vt 0.282533 0.924295
vt -0.282533 0.924295
vt 0.2925 1
vt -0.2925 1
vt 0.282533 1.075705
vt -0.282533 1.075705
vt 0.253312 1.14625
vt -0.253312 1.14625
vt 0.206829 1.206829
vt -0.206829 1.206829
vt 0.14625 1.253312
vt -0.14625 1.253312
vt 0.075705 1.282533
vt -0.075705 1.282533
vt 0 1.2925
vt 0 2.14106
vt 0 2.045972
vt -0.02618 2.14106
vt 0 -0.14106
vt -0.02618 -0.14106
vt 0 -0.045972
vt 0 0.524558
vt 0 0.42947
vt -0.05236 0.524558
vt 0 0.619647
vt -0.15708 1.190177
vt -0.15708 1.285265
vt -0.07854 1.190177
vt -0.15708 1.095088
vt -0.15708 0.904912
vt -0.15708 1
vt -0.07854 0.904912
vt -0.15708 0.809823
vt -0.10472 0.809823
vt -0.15708 0.714735
vt -0.15708 0.524558
vt -0.15708 0.619647
vt -0.10472 0.524558
vt -0.15708 0.42947
vt -0.15708 0.144205
vt -0.15708 0.239293
vt -0.10472 0.144205
vt -0.15708 0.049117
vt -0.10472 0.049117
vt -0.15708 -0.045972
vt -0.15708 -0.14106
vt -0.1309 -0.14106
vt -0.15708 2.14106
vt -0.1309 2.14106
vt -0.15708 2.045972
vt -0.10472 2.045972
vt -0.15708 1.950883
vt -0.05236 -0.14106
vt 0 0.049117
vt 0 0.144205
vt 0 0.239293
vt -0.07854 0.239293
vt 0 0.334382
vt -0.05236 0.42947
vt -0.07854 0.619647
vt 0 0.714735
vt -0.07854 0.714735
vt 0 0.809823
vt 0 0.904912
vt 0 1
vt 0 1.095088
vt -0.07854 1.095088
vt 0 1.190177
vt 0 1.285265
vt -0.07854 1.285265
vt 0 1.380353
vt -0.07854 1.380353
vt 0 1.475442
vt 0 1.855795
vt 0 1.760707
vt -0.07854 1.855795
vt 0 1.950883
vt -0.07854 1.950883
vt -0.05236 2.14106
vt -0.07854 -0.14106
vt 0 1.57053
vt -0.10472 1.665618
vt 0 1.665618
vt -0.07854 2.14106
vt -0.10472 -0.14106
vt -0.10472 2.14106
vt -0.15708 0.334382
vt -0.15708 1.380353
vt -0.15708 1.475442
vt -0.15708 1.57053
vt -0.15708 1.665618
vt -0.15708 1.760707
vt -0.15708 1.855795
vt 0 2.130319
vt -0.14 2.130319
vt 0 2.233075
vt -0.14 2.233075
vt 0 -0.233075
vt -0.14 -0.233075
vt 0 -0.130319
vt -0.14 -0.130319
vt 0 -0.027563
vt -0.14 -0.027563
vt 0 0.075194
vt -0.14 0.075194
vt 0 0.17795
vt -0.14 0.17795
vt 0 0.280706
vt -0.14 0.280706
vt 0 0.383462
vt -0.14 0.383462
vt 0 0.486219
vt -0.14 0.486219
vt 0 0.588975
vt -0.14 0.588975
vt 0 0.691731
vt -0.14 0.691731
vt 0 0.794487
vt -0.14 0.794487
vt 0 0.897244
vt -0.14 0.897244
vt 0 1
vt -0.14 1
vt 0 1.102756
vt -0.14 1.102756
vt 0 1.205513
vt -0.14 1.205513
vt 0 1.308269
vt -0.14 1.308269
vt 0 1.411025
vt -0.14 1.411025
vt 0 1.513781
vt -0.14 1.513781
vt 0 1.616538
vt -0.14 1.616538
vt 0 1.719294
vt -0.14 1.719294
vt 0 1.82205
vt -0.14 1.82205
vt 0 1.924806
vt -0.14 1.924806
vt 0 2.027563
vt -0.14 2.027563
vt -0.282533 1.075705
vt 0.282533 1.075705
vt -0.2925 1
vt 0.2925 1
vt -0.282533 0.924295
vt 0.282533 0.924295
vt -0.253312 0.85375
vt 0.253312 0.85375
vt -0.206829 0.793171
vt 0.206829 0.793171
vt -0.14625 0.746688
vt 0.14625 0.746688
vt -0.075705 0.717467
vt 0.075705 0.717467
vt 0 0.7075
vt 0.253312 1.14625
vt -0.253312 1.14625
vt 0.206829 1.206829
vt -0.206829 1.206829
vt 0.14625 1.253312
vt -0.14625 1.253312
vt 0.075705 1.282533
vt -0.075705 1.282533
vt 0 1.2925
vt 0 2.14106
vt 0 2.045972
vt -0.02618 2.14106
vt 0 -0.14106
vt -0.02618 -0.14106
vt 0 -0.045972
vt 0 0.144205
vt 0 0.049117
vt -0.05236 0.144205
vt 0 0.239293
vt 0 0.904912
vt 0 0.809823
vt -0.05236 0.904912
vt 0 1
vt -0.15708 -0.14106
vt -0.15708 -0.045972
vt -0.1309 -0.14106
vt -0.15708 2.14106
vt -0.1309 2.14106
vt -0.15708 2.045972
vt -0.15708 1.57053
vt -0.15708 1.665618
vt -0.07854 1.57053
vt -0.15708 1.475442
vt -0.10472 1.475442
vt -0.15708 1.380353
vt -0.15708 1
vt -0.15708 1.095088
vt -0.10472 1
vt -0.15708 0.904912
vt -0.05236 -0.14106
vt -0.10472 0.049117
vt -0.05236 0.239293
vt 0 0.334382
vt -0.07854 0.334382
vt 0 0.42947
vt 0 0.619647
vt 0 0.524558
vt -0.05236 0.619647
vt 0 0.714735
vt 0 1.095088
vt 0 1.285265
vt 0 1.190177
vt -0.05236 1.285265
vt 0 1.380353
vt -0.07854 1.380353
vt 0 1.475442
vt 0 1.57053
vt 0 1.665618
vt 0 1.855795
vt 0 1.760707
vt -0.05236 1.855795
vt 0 1.950883
vt -0.05236 1.950883
vt -0.05236 2.14106
vt -0.07854 -0.14106
vt -0.10472 0.524558
vt -0.10472 0.809823
vt -0.07854 1.190177
vt -0.07854 1.760707
vt -0.10472 2.045972
vt -0.07854 2.14106
vt -0.10472 -0.14106
vt -0.15708 0.144205
vt -0.15708 0.239293
vt -0.15708 0.619647
vt -0.15708 1.190177
vt -0.15708 1.285265
vt -0.15708 1.855795
vt -0.10472 2.14106
vt -0.15708 0.049117
vt -0.15708 0.334382
vt -0.15708 0.42947
vt -0.15708 0.524558
vt -0.15708 0.714735
vt -0.15708 0.809823
vt -0.15708 1.760707
vt -0.15708 1.950883
vt 0 2.130319
vt -0.14 2.130319
vt 0 2.233075
vt -0.14 2.233075
vt 0 -0.233075
vt -0.14 -0.233075
vt 0 -0.130319
vt -0.14 -0.130319
vt 0 -0.027563
vt -0.14 -0.027563
vt 0 0.075194
vt -0.14 0.075194
vt 0 0.17795
vt -0.14 0.17795
vt 0 0.280706
vt -0.14 0.280706
vt 0 0.383462
vt -0.14 0.383462
vt 0 0.486219
vt -0.14 0.486219
vt 0 0.588975
vt -0.14 0.588975
vt 0 0.691731
vt -0.14 0.691731
vt 0 0.794487
vt -0.14 0.794487
vt 0 0.897244
vt -0.14 0.897244
vt 0 1
vt -0.14 1
vt 0 1.102756
vt -0.14 1.102756
vt 0 1.205513
vt -0.14 1.205513
vt 0 1.308269
vt -0.14 1.308269
vt 0 1.411025
vt -0.14 1.411025
vt 0 1.513781
vt -0.14 1.513781
vt 0 1.616538
vt -0.14 1.616538
vt 0 1.719294
vt -0.14 1.719294
vt 0 1.82205
vt -0.14 1.82205
vt 0 1.924806
vt -0.14 1.924806
vt 0 2.027563
vt -0.14 2.027563
vt 0 0.7075
vt -0.075705 0.717467
vt 0.075705 0.717467
vt 0.14625 0.746688
vt -0.14625 0.746688
vt 0.206829 0.793171
vt -0.206829 0.793171
vt 0.253312 0.85375
vt -0.253312 0.85375
vt 0.282533 0.924295
vt -0.282533 0.924295
vt 0.2925 1
vt -0.2925 1
vt 0.282533 1.075705
vt -0.282533 1.075705
vt 0.253312 1.14625
vt -0.253312 1.14625
vt 0.206829 1.206829
vt -0.206829 1.206829
vt 0.14625 1.253312
vt -0.14625 1.253312
vt 0.075705 1.282533
vt -0.075705 1.282533
vt 0 1.2925
vt 0 1.665618
vt 0 1.57053
vt -0.05236 1.665618
vt 0 1.760707
vt 0 2.14106
vt 0 2.045972
vt -0.02618 2.14106
vt 0 -0.14106
vt -0.02618 -0.14106
vt 0 -0.045972
vt 0 0.049117
vt -0.05236 0.049117
vt 0 0.144205
vt -0.05236 0.144205
vt 0 0.239293
vt 0 0.524558
vt 0 0.42947
vt -0.05236 0.524558
vt 0 0.619647
vt -0.15708 1
vt -0.15708 1.095088
vt -0.10472 1
vt -0.15708 0.904912
vt -0.15708 0.619647
vt -0.15708 0.714735
vt -0.10472 0.619647
vt -0.15708 0.524558
vt -0.15708 -0.14106
vt -0.15708 -0.045972
vt -0.1309 -0.14106
vt -0.15708 2.14106
vt -0.1309 2.14106
vt -0.15708 2.045972
vt -0.05236 -0.14106
vt -0.05236 -0.045972
vt -0.07854 0.239293
vt 0 0.334382
vt -0.07854 0.334382
vt 0 0.714735
vt 0 1
vt 0 0.904912
vt 0 1.095088
vt 0 1.190177
vt -0.07854 1.190177
vt 0 1.285265
vt 0 1.380353
vt -0.07854 1.380353
vt 0 1.475442
vt 0 1.950883
vt 0 1.855795
vt -0.05236 1.950883
vt -0.05236 2.14106
vt -0.07854 -0.14106
vt -0.07854 0.714735
vt 0 0.809823
vt -0.10472 0.904912
vt -0.07854 1.095088
vt -0.07854 1.57053
vt -0.07854 1.855795
vt -0.10472 2.045972
vt -0.07854 2.14106
vt -0.10472 -0.14106
vt -0.10472 0.049117
vt -0.15708 1.665618
vt -0.10472 2.14106
vt -0.15708 0.049117
vt -0.15708 0.144205
vt -0.15708 0.239293
vt -0.15708 0.334382
vt -0.15708 0.42947
vt -0.15708 0.809823
vt -0.15708 1.190177
vt -0.15708 1.285265
vt -0.15708 1.380353
vt -0.15708 1.475442
vt -0.15708 1.57053
vt -0.15708 1.760707
vt -0.15708 1.855795
vt -0.15708 1.950883
vt 0 2.130319
vt -0.14 2.130319
vt 0 2.233075
vt -0.14 2.233075
vt 0 -0.233075
vt -0.14 -0.233075
vt 0 -0.130319
vt -0.14 -0.130319
vt 0 -0.027563
vt -0.14 -0.027563
vt 0 0.075194
vt -0.14 0.075194
vt 0 0.17795
vt -0.14 0.17795
vt 0 0.280706
vt -0.14 0.280706
vt 0 0.383462
vt -0.14 0.383462
vt 0 0.486219
vt -0.14 0.486219
vt 0 0.588975
vt -0.14 0.588975
vt 0 0.691731
vt -0.14 0.691731
vt 0 0.794487
vt -0.14 0.794487
vt 0 0.897244
vt -0.14 0.897244
vt 0 1
vt -0.14 1
vt 0 1.102756
vt -0.14 1.102756
vt 0 1.205513
vt -0.14 1.205513
vt 0 1.308269
vt -0.14 1.308269
vt 0 1.411025
vt -0.14 1.411025
vt 0 1.513781
vt -0.14 1.513781
vt 0 1.616538
vt -0.14 1.616538
vt 0 1.719294
vt -0.14 1.719294
vt 0 1.82205
vt -0.14 1.82205
vt 0 1.924806
vt -0.14 1.924806
vt 0 2.027563
vt -0.14 2.027563
vt -0.282533 1.075705
vt 0.282533 1.075705
vt -0.2925 1
vt 0.2925 1
vt -0.282533 0.924295
vt 0.282533 0.924295
vt -0.253312 0.85375
vt 0.253312 0.85375
vt -0.206829 0.793171
vt 0.206829 0.793171
vt -0.14625 0.746688
vt 0.14625 0.746688
vt -0.075705 0.717467
vt 0.075705 0.717467
vt 0 0.7075
vt 0.253312 1.14625
vt -0.253312 1.14625
vt 0.206829 1.206829
vt -0.206829 1.206829
vt 0.14625 1.253312
vt -0.14625 1.253312
vt 0.075705 1.282533
vt -0.075705 1.282533
vt 0 1.2925
vt 0.012647 1.07854
vt 0.012647 1.05236
vt -0.0347 1.07854
vt -0.0347 1.02618
vt 0.012647 1.02618
vt 0.012647 1
vt 0.012647 0.97382
vt -0.0347 0.94764
vt 0.012647 0.94764
vt -0.0347 0.92146
vt 0.012647 0.92146
vt 0.172953 1.07854
vt 0.172953 1.05236
vt -0.526476 1.07854
vt -0.526476 1.05236
vt -0.526476 1.02618
vt 0.172953 1.02618
vt -0.526476 1
vt 0.172953 1
vt -0.526476 0.97382
vt 0.172953 0.97382
vt -0.526476 0.94764
vt 0.172953 0.94764
vt -0.526476 0.92146
vt 0.172953 0.92146
vt 0.054994 1.152467
vt 0.052918 1.12291
vt 0.032341 1.152467
vt 0.009687 1.152467
vt -0.012967 1.152467
vt -0.03562 1.152467
vt -0.058274 1.152467
vt -0.098084 1.105499
vt -0.080928 1.152467
vt -0.103581 1.152467
vt -0.044465 1.027786
vt -0.024294 1.076234
vt 0.04697 1.094689
vt 0.037854 1.068524
vt 0.026439 1.044398
vt 0.013568 1.021799
vt 0 1
vt -0.022147 1.07854
vt 0.006778 1.07854
vt -0.022147 1.05236
vt 0.006778 1.05236
vt -0.022147 1.02618
vt 0.006778 1.02618
vt -0.022147 1
vt 0.006778 1
vt -0.022147 0.97382
vt 0.006778 0.97382
vt -0.022147 0.94764
vt 0.006778 0.94764
vt -0.022147 0.92146
vt 0.006778 0.92146
vt 0.028031 1.305143
vt 0.054054 1.305143
vt 0.052022 1.275724
vt 0.026023 1.197219
vt 0.013359 1.174506
vt -0.022249 1.166086
vt 0 1.152572
vt -0.044037 1.181036
vt -0.064706 1.199349
vt -0.024016 1.228857
vt -0.08306 1.22403
vt 0.037243 1.221417
vt -0.096756 1.259128
vt -0.050039 1.305143
vt -0.102085 1.305143
vt -0.076062 1.305143
vt -0.024016 1.305143
vt 0.002008 1.305143
vt 0.046191 1.247582
vt -0.522557 1.07854
vt 0.176677 1.07854
vt -0.522557 1.05236
vt 0.176677 1.05236
vt -0.522557 1.02618
vt 0.176677 1.02618
vt -0.522557 1
vt 0.176677 1
vt -0.522557 0.97382
vt 0.176677 0.97382
vt -0.522557 0.94764
vt 0.176677 0.94764
vt -0.522557 0.92146
vt 0.176677 0.92146
vt -0.026462 0.847934
vt -0.05236 0.847934
vt -0.050404 0.876982
vt -0.025268 0.955115
vt -0.012977 0.977926
vt 0.022378 0.986735
vt 0 1
vt 0.044307 0.972042
vt 0.065139 0.953991
vt 0.025333 0.923967
vt -0.036137 0.930905
vt 0.083688 0.929524
vt 0.097591 0.894408
vt 0.05123 0.847934
vt 0.103025 0.847934
vt 0.077128 0.847934
vt -0.000565 0.847934
vt -0.044783 0.904857
vt 0.025333 0.847934
vt -0.053498 1
vt -0.051491 1.02921
vt -0.030896 1
vt -0.008293 1
vt 0.014309 1
vt 0.036912 1
vt 0.059515 1
vt 0.099089 1.047591
vt 0.082117 1
vt 0.10472 1
vt 0.084806 1.082912
vt 0.025611 1.075978
vt -0.045729 1.05718
vt -0.036881 1.08323
vt -0.025776 1.107361
vt -0.013234 1.13004
vt 0.022606 1.139072
vt 0 1.151956
vt 0.044783 1.124769
vt 0.065906 1.107104
vt 0.286081 0.804825
vt -0.31022 1.170373
vt 0.31022 0.845558
vt -0.295335 1.195175
vt 0.012647 1.07854
vt 0.012647 1.05236
vt -0.0347 1.07854
vt -0.0347 1.02618
vt 0.012647 1.02618
vt 0.012647 1
vt 0.012647 0.97382
vt -0.0347 0.94764
vt 0.012647 0.94764
vt -0.0347 0.92146
vt 0.012647 0.92146
vt -0.526476 1.07854
vt 0.172953 1.07854
vt -0.526476 1.05236
vt 0.172953 1.05236
vt -0.526476 1.02618
vt 0.172953 1.02618
vt -0.526476 1
vt 0.172953 1
vt -0.526476 0.97382
vt 0.172953 0.97382
vt -0.526476 0.94764
vt 0.172953 0.94764
vt -0.526476 0.92146
vt 0.172953 0.92146
vt 0.054994 1.152467
vt 0.052918 1.12291
vt 0.032341 1.152467
vt 0.009687 1.152467
vt -0.012967 1.152467
vt -0.050723 1.101645
vt -0.03562 1.152467
vt -0.058274 1.152467
vt -0.098084 1.105499
vt -0.080928 1.152467
vt -0.103581 1.152467
vt -0.044465 1.027786
vt 0.04697 1.094689
vt 0.037854 1.068524
vt 0.026439 1.044398
vt 0.013568 1.021799
vt 0 1
vt -0.022147 1.07854
vt 0.006778 1.07854
vt -0.022147 1.05236
vt 0.006778 1.05236
vt -0.022147 1.02618
vt 0.006778 1.02618
vt -0.022147 1
vt 0.006778 1
vt -0.022147 0.97382
vt 0.006778 0.97382
vt -0.022147 0.94764
vt 0.006778 0.94764
vt -0.022147 0.92146
vt 0.006778 0.92146
vt 0.028031 1.305143
vt 0.054054 1.305143
vt 0.052022 1.275724
vt 0.013359 1.174506
vt 0 1.152572
vt -0.022249 1.166086
vt -0.044037 1.181036
vt -0.064706 1.199349
vt -0.024016 1.254286
vt 0.037243 1.221417
vt 0.026023 1.197219
vt -0.08306 1.22403
vt -0.096756 1.259128
vt -0.050039 1.305143
vt -0.102085 1.305143
vt -0.076062 1.305143
vt 0.002008 1.305143
vt 0.046191 1.247582
vt -0.024016 1.305143
vt -0.522557 1.07854
vt 0.176677 1.07854
vt -0.522557 1.05236
vt 0.176677 1.05236
vt -0.522557 1.02618
vt 0.176677 1.02618
vt -0.522557 1
vt 0.176677 1
vt -0.522557 0.97382
vt 0.176677 0.97382
vt -0.522557 0.94764
vt 0.176677 0.94764
vt -0.522557 0.92146
vt 0.176677 0.92146
vt -0.026462 0.847934
vt -0.05236 0.847934
vt -0.050404 0.876982
vt -0.025268 0.955115
vt -0.012977 0.977926
vt 0.022378 0.986735
vt 0 1
vt 0.044307 0.972042
vt 0.065139 0.953991
vt 0.025333 0.923967
vt -0.036137 0.930905
vt 0.083688 0.929524
vt 0.097591 0.894408
vt 0.05123 0.847934
vt 0.103025 0.847934
vt 0.077128 0.847934
vt -0.000565 0.847934
vt -0.044783 0.904857
vt 0.025333 0.847934
vt -0.053498 1
vt -0.051491 1.02921
vt -0.030896 1
vt -0.008293 1
vt 0.014309 1
vt 0.05198 1.050652
vt 0.036912 1
vt 0.059515 1
vt 0.099089 1.047591
vt 0.082117 1
vt 0.10472 1
vt 0.084806 1.082912
vt -0.045729 1.05718
vt -0.036881 1.08323
vt -0.025776 1.107361
vt -0.013234 1.13004
vt 0.022606 1.139072
vt 0 1.151956
vt 0.044783 1.124769
vt 0.065906 1.107104
vt 0.286081 0.804825
vt -0.31022 1.170373
vt 0.31022 0.845558
vt -0.295335 1.195175
vt 0.03 1.719948
vt 0 1.719948
vt 0.03 1.785398
vt 0 1.785398
vt 0.03 0.214602
vt 0 0.214602
vt 0.03 0.280052
vt 0 0.280052
vt 0.03 0.345502
vt 0 0.345502
vt 0.03 0.410951
vt 0 0.410951
vt 0.03 0.476401
vt 0 0.476401
vt 0.03 0.541851
vt 0 0.541851
vt 0.03 0.607301
vt 0 0.607301
vt 0.03 0.672751
vt 0 0.672751
vt 0.03 0.738201
vt 0 0.738201
vt 0.03 0.80365
vt 0 0.80365
vt 0.03 0.8691
vt 0 0.8691
vt 0.03 0.93455
vt 0 0.93455
vt 0.03 1
vt 0 1
vt 0.03 1.06545
vt 0 1.06545
vt 0.03 1.1309
vt 0 1.1309
vt 0.03 1.19635
vt 0 1.19635
vt 0.03 1.261799
vt 0 1.261799
vt 0.03 1.327249
vt 0 1.327249
vt 0.03 1.392699
vt 0 1.392699
vt 0.03 1.458149
vt 0 1.458149
vt 0.03 1.523599
vt 0 1.523599
vt 0.03 1.589049
vt 0 1.589049
vt 0.03 1.654498
vt 0 1.654498
vt -0.241481 1.064705
vt 0.241481 1.064705
vt -0.25 1
vt 0.25 1
vt -0.241481 0.935295
vt 0.241481 0.935295
vt -0.216506 0.875
vt 0.216506 0.875
vt -0.176777 0.823223
vt 0.176777 0.823223
vt -0.125 0.783494
vt 0.125 0.783494
vt -0.064705 0.758519
vt 0.064705 0.758519
vt 0 0.75
vt 0.216506 1.125
vt -0.216506 1.125
vt 0.176777 1.176777
vt -0.176777 1.176777
vt 0.125 1.216506
vt -0.125 1.216506
vt 0.064705 1.241481
vt -0.064705 1.241481
vt 0 1.25
vt 0.6 0.835
vt 0.1 0.835
vt 0.6 1
vt 0.1 1
vt 0.6 0.835
vt 0.1 0.835
vt 0.6 1
vt 0.1 1
vt 0.6 0.835
vt 0.1 0.835
vt 0.6 1
vt 0.1 1
vt 0.020875 1
vt 0.02423 1.019251
vt 0.5 1
vt 0.5 1.05236
vt 0.0278 1.039058
vt 0.031316 1.058882
vt 0.5 1.10472
vt 0.034496 1.078195
vt 0.037233 1.097516
vt 0.039425 1.117502
vt 0.040794 1.137556
vt 0.5 1.15708
vt 0.041255 1.15708
vt -0.165905 0.997676
vt 0 0.5
vt -0.249375 1
vt -0.73 0.5
vt -0.73 1
vt -0.082694 0.99071
vt 0 0.979125
vt -0.115 0.958745
vt 0 0.958745
vt -0.115 0.5
vt 0 0.5
vt 0.041255 1
vt 0.040794 1.019524
vt 0.5 1
vt 0.5 1.02618
vt 0.039425 1.039577
vt 0.5 1.05236
vt 0.037233 1.059563
vt 0.5 1.07854
vt 0.034496 1.078884
vt 0.031316 1.098197
vt 0.5 1.10472
vt 0.0278 1.118022
vt 0.5 1.1309
vt 0.02423 1.137829
vt 0.5 1.15708
vt 0.020875 1.15708
vt -0.73 0.979125
vt -0.647306 0.99071
vt -0.73 0.5
vt -0.564095 0.997676
vt -0.480625 1
vt 0 1
vt 0 0.5
vt 0.5 1
vt 0.5 1.02618
vt 0 1.02618
vt 0.5 1.05236
vt 0 1.05236
vt 0.5 1.07854
vt 0 1.07854
vt 0.5 1.10472
vt 0 1.10472
vt 0.5 1.1309
vt 0 1.1309
vt 0.5 1.15708
vt 0 1.15708
vt -0.114817 1
vt 0 1
vt -0.114817 0.5
vt 0 0.5
vt 0.5 1
vt 0.5 1.02618
vt 0 1.02618
vt 0.5 1.05236
vt 0 1.05236
vt 0.5 1.07854
vt 0 1.07854
vt 0.5 1.10472
vt 0 1.10472
vt 0.5 1.1309
vt 0 1.1309
vt 0.5 1.15708
vt 0 1.15708
vt -0.461593 1.083382
vt -0.365 1.1575
vt -0.465 1.0575
vt 0.365 1.1575
vt 0.465 1.0575
vt 0.451603 1.1075
vt 0.415 1.144103
vt -0.451603 1.1075
vt -0.435711 1.128211
vt -0.415 1.144103
vt -0.390882 1.154093
vt -0.465 0.942683
vt 0.465 0.9425
vt -0.365 0.842683
vt 0.365 0.8425
vt 0.461593 0.916618
vt 0.451603 0.8925
vt 0.435711 0.871789
vt 0.415 0.855897
vt 0.390882 0.845907
vt -0.390882 0.84609
vt -0.415 0.85608
vt -0.435711 0.871972
vt -0.451603 0.892683
vt -0.461593 0.916801
vt -0.3 1
vt 0 1
vt -0.3 0.5
vt 0 0.5
vt -1.1 1
vt 0 1
vt -1.1 0.5
vt 0 0.5
vt -0.3 1
vt 0 1
vt -0.3 0.5
vt 0 0.5
vt -1.1 1
vt 0 1
vt -1.1 0.5
vt 0 0.5
vt 0.55 0.85
vt -0.55 0.85
vt 0.55 1.15
vt -0.55 1.15
vt 0.5 1.719948
vt 0 1.719948
vt 0.5 1.785398
vt 0 1.785398
vt 0.5 0.214602
vt 0 0.214602
vt 0.5 0.280052
vt 0 0.280052
vt 0.5 0.345502
vt 0 0.345502
vt 0.5 0.410951
vt 0 0.410951
vt 0.5 0.476401
vt 0 0.476401
vt 0.5 0.541851
vt 0 0.541851
vt 0.5 0.607301
vt 0 0.607301
vt 0.5 0.672751
vt 0 0.672751
vt 0.5 0.738201
vt 0 0.738201
vt 0.5 0.80365
vt 0 0.80365
vt 0.5 0.8691
vt 0 0.8691
vt 0.5 0.93455
vt 0 0.93455
vt 0.5 1
vt 0 1
vt 0.5 1.06545
vt 0 1.06545
vt 0.5 1.1309
vt 0 1.1309
vt 0.5 1.19635
vt 0 1.19635
vt 0.5 1.261799
vt 0 1.261799
vt 0.5 1.327249
vt 0 1.327249
vt 0.5 1.392699
vt 0 1.392699
vt 0.5 1.458149
vt 0 1.458149
vt 0.5 1.523599
vt 0 1.523599
vt 0.5 1.589049
vt 0 1.589049
vt 0.5 1.654498
vt 0 1.654498
vt -0.241481 1.064705
vt 0.241481 1.064705
vt -0.25 1
vt 0.25 1
vt -0.241481 0.935295
vt 0.241481 0.935295
vt -0.216506 0.875
vt 0.216506 0.875
vt -0.176777 0.823223
vt 0.176777 0.823223
vt -0.125 0.783494
vt 0.125 0.783494
vt -0.064705 0.758519
vt 0.064705 0.758519
vt 0 0.75
vt 0.216506 1.125
vt -0.216506 1.125
vt 0.176777 1.176777
vt -0.176777 1.176777
vt 0.125 1.216506
vt -0.125 1.216506
vt 0.064705 1.241481
vt -0.064705 1.241481
vt 0 1.25
vt 0 -0.064817
vt 0.480625 -0.064817
vt 0 -0.75
vt 0.506507 -0.06141
vt 1.880625 -0.049817
vt 0.530625 -0.05142
vt 0.551336 -0.035528
vt 0.567227 -0.014817
vt 0.577217 0.009301
vt 0.580625 0.035183
vt 0.580625 0.15
vt 1.880625 0.250183
vt 0.577217 0.175882
vt 0.567227 0.2
vt 0.551336 0.220711
vt 0.530625 0.236603
vt 0.506507 0.246593
vt 0 0.9
vt 0.480625 0.25
vt 0 0.25012
vt 2.980625 0.250183
vt 6.128 0.9
vt 4.889 0.25
vt 4.953705 0.241481
vt 5.014 0.216506
vt 5.065777 0.176777
vt 5.105506 0.125
vt 5.130481 0.064705
vt 5.139 0
vt 6.128 -0.75
vt 5.130481 -0.064705
vt 5.105506 -0.125
vt 5.065777 -0.176777
vt 5.014 -0.216506
vt 4.953705 -0.241481
vt 4.889 -0.25
vt 4.824295 -0.241481
vt 2.980625 -0.049817
vt 4.824295 0.241481
vt 4.764 0.216506
vt 4.712223 0.176777
vt 4.672494 0.125
vt 4.647519 0.064705
vt 4.639 0
vt 4.647519 -0.064705
vt 4.672494 -0.125
vt 4.712223 -0.176777
vt 4.764 -0.216506
vt 0 1
vt 0.4 1
vt 0 0.98
vt 0.4 0.98
vt -0.02 0.985989
vt 0 0.985989
vt -0.02 0.935964
vt 0 0.935964
vt -0.02 0.885939
vt 0 0.885939
vt -0.02 0.835915
vt 0 0.835915
vt -0.02 0.78589
vt 0 0.78589
vt -0.02 0.735865
vt 0 0.735865
vt -0.02 0.685841
vt 0 0.685841
vt -0.02 1
vt 0 1
vt -0.02 0.949975
vt 0 0.949975
vt -0.02 0.899951
vt 0 0.899951
vt -0.02 0.849926
vt 0 0.849926
vt -0.02 0.799901
vt 0 0.799901
vt -0.02 0.749877
vt 0 0.749877
vt -0.02 0.699852
vt 0 0.699852
vt 0 1
vt 0.4 1
vt 0 0.98
vt 0.4 0.98
vt -0.02 0.985989
vt 0 0.985989
vt -0.02 0.935964
vt 0 0.935964
vt -0.02 0.885939
vt 0 0.885939
vt -0.02 0.835915
vt 0 0.835915
vt -0.02 0.78589
vt 0 0.78589
vt -0.02 0.735865
vt 0 0.735865
vt -0.02 0.685841
vt 0 0.685841
vt -0.02 1
vt 0 1
vt -0.02 0.949975
vt 0 0.949975
vt -0.02 0.899951
vt 0 0.899951
vt -0.02 0.849926
vt 0 0.849926
vt -0.02 0.799901
vt 0 0.799901
vt -0.02 0.749877
vt 0 0.749877
vt -0.02 0.699852
vt 0 0.699852
vt -0.249505 0.820224
vt -0.295928 0.838507
vt -0.2 0.814
vt -0.336382 0.867713
vt -0.368347 0.906022
vt 0.389836 0.951052
vt -0.389836 0.951052
vt 0.399509 1
vt -0.399509 1
vt 0.389836 1.048948
vt -0.389836 1.048948
vt 0.368347 1.093978
vt 0.2 1.186
vt 0.336382 1.132287
vt 0.295928 1.161493
vt 0.249505 1.179776
vt -0.368347 1.093978
vt -0.2 1.186
vt -0.336382 1.132287
vt -0.295928 1.161493
vt -0.249505 1.179776
vt 0.368347 0.906022
vt 0.2 0.814
vt 0.336382 0.867713
vt 0.295928 0.838507
vt 0.249505 0.820224
vt 0 1
vt 1.22 1
vt 0 0.93
vt 1.22 0.93
vt -0.07 1
vt 0 1
vt -0.07 0.94764
vt 0 0.94764
vt -0.07 0.89528
vt 0 0.89528
vt -0.07 0.84292
vt 0 0.84292
vt -0.07 0.79056
vt 0 0.79056
vt -0.07 0.738201
vt 0 0.738201
vt -0.07 0.685841
vt 0 0.685841
vt -0.07 0.633481
vt 0 0.633481
vt -0.07 0.581121
vt 0 0.581121
vt -0.07 0.528761
vt 0 0.528761
vt -0.07 0.476401
vt 0 0.476401
vt -0.07 0.424041
vt 0 0.424041
vt -0.07 0.371681
vt 0 0.371681
vt 0 1
vt 1.22 1
vt 0 0.93
vt 1.22 0.93
vt -0.07 1
vt 0 1
vt -0.07 0.94764
vt 0 0.94764
vt -0.07 0.89528
vt 0 0.89528
vt -0.07 0.84292
vt 0 0.84292
vt -0.07 0.79056
vt 0 0.79056
vt -0.07 0.738201
vt 0 0.738201
vt -0.07 0.685841
vt 0 0.685841
vt -0.07 0.633481
vt 0 0.633481
vt -0.07 0.581121
vt 0 0.581121
vt -0.07 0.528761
vt 0 0.528761
vt -0.07 0.476401
vt 0 0.476401
vt -0.07 0.424041
vt 0 0.424041
vt -0.07 0.371681
vt 0 0.371681
vt -0.193185 1.661764
vt -0.173205 1.71
vt -0.2 1.61
vt -0.141421 1.751421
vt -0.1 1.783205
vt -0.051764 1.803185
vt -0.051764 0.196815
vt -0.1 0.216795
vt -0.141421 0.248579
vt -0.2 0.39
vt -0.173205 0.29
vt -0.193185 0.338236
vt 0 0.19
vt 0 1.81
vt 0.051764 1.803185
vt 0.051764 0.196815
vt 0.1 1.783205
vt 0.1 0.216795
vt 0.2 1.61
vt 0.141421 0.248579
vt 0.2 0.39
vt 0.173205 0.29
vt 0.193185 0.338236
vt 0.141421 1.751421
vt 0.173205 1.71
vt 0.193185 1.661764
vt -0.077798 0.852825
vt -0.077784 0.919415
vt -0.067794 0.918018
vt -0.057877 0.915763
vt -0.048021 0.912668
vt 0 0.573876
vt 0 0.511491
vt -0.015559 0.386719
vt 0 0.386719
vt 0 0.667455
vt 0 0.636262
vt -0.022569 0.708659
vt 0 0.698648
vt 0 0.729841
vt 0 0.761034
vt -0.000001 0.885816
vt -0.019045 0.89871
vt -0.03112 0.386719
vt -0.077798 0.786238
vt -0.03828 0.908775
vt -0.046678 0.386719
vt -0.06224 0.386719
vt -0.077798 0.519892
vt -0.077798 0.586479
vt -0.077798 0.653065
vt -0.077798 0.719652
vt -0.077798 0.386719
vt 0 0.466603
vt 0 0.288804
vt -0.029591 0.288804
vt -0.059187 0.288804
vt -0.079954 0.489516
vt -0.088776 0.288804
vt -0.049321 1
vt -0.061265 0.845114
vt -0.073982 1
vt -0.098642 1
vt -0.147963 0.822201
vt -0.147963 0.644402
vt -0.147963 0.288804
vt -0.147963 0.466603
vt -0.118373 0.288804
vt -0.147963 1
vt -0.123306 1
vt -0.024657 1
vt 0 0.822201
vt 0 1
vt 0 0.644402
vt -0.042576 0.690228
vt 3.056816 0.92146
vt -1.232 0.92146
vt 3.056816 0.94764
vt -1.232 0.94764
vt 3.056816 0.97382
vt -1.232 0.97382
vt 3.056816 1
vt -1.232 1
vt 3.056816 1.02618
vt -1.232 1.02618
vt 3.056816 1.05236
vt -1.232 1.05236
vt 3.056816 1.07854
vt -1.232 1.07854
vt 0.15708 1.693383
vt 0.1309 1.693383
vt 0.15708 1.751165
vt 0.15708 1.808947
vt 0.10472 1.808947
vt 0.15708 1.866729
vt 0.15708 1.924511
vt 0.10472 1.982293
vt 0.15708 1.982293
vt 0.15708 2.040075
vt 0.1309 2.040075
vt 0.10472 2.040075
vt 0.07854 2.040075
vt 0 1.982293
vt 0.05236 2.040075
vt 0.02618 2.040075
vt 0 2.040075
vt 0.10472 1.693383
vt 0.07854 1.924511
vt 0.07854 1.693383
vt 0.05236 1.693383
vt 0 1.808947
vt 0.05236 1.866729
vt 0 1.924511
vt 0.02618 1.693383
vt 0 1.693383
vt 0 1.751165
vt 0 1.866729
vt 5.5335 0.92146
vt -1.8445 0.92146
vt 5.5335 0.94764
vt -1.8445 0.94764
vt 5.5335 0.97382
vt -1.8445 0.97382
vt 5.5335 1
vt -1.8445 1
vt 5.5335 1.02618
vt -1.8445 1.02618
vt 5.5335 1.05236
vt -1.8445 1.05236
vt 5.5335 1.07854
vt -1.8445 1.07854
vt 0.15708 1.346692
vt 0.1309 1.346692
vt 0.15708 1.404473
vt 0.15708 1.462255
vt 0.15708 1.520037
vt 0.1309 1.520037
vt 0.15708 1.577819
vt 0.15708 1.635601
vt 0.15708 1.693383
vt 0.1309 1.693383
vt 0.10472 1.693383
vt 0.07854 1.693383
vt 0 1.635601
vt 0.05236 1.693383
vt 0.02618 1.693383
vt 0 1.693383
vt 0.10472 1.346692
vt 0.07854 1.462255
vt 0.07854 1.577819
vt 0.07854 1.346692
vt 0 1.520037
vt 0.05236 1.346692
vt 0.02618 1.346692
vt 0 1.404473
vt 0 1.462255
vt 0 1.577819
vt 0 1.346692
vt 6.386 0.92146
vt 2.097184 0.92146
vt 6.386 0.94764
vt 2.097184 0.94764
vt 6.386 0.97382
vt 2.097184 0.97382
vt 6.386 1
vt 2.097184 1
vt 6.386 1.02618
vt 2.097184 1.02618
vt 6.386 1.05236
vt 2.097184 1.05236
vt 6.386 1.07854
vt 2.097184 1.07854
vt 0 0.288903
vt -0.02959 0.288903
vt 0 0.466677
vt 0 0.644451
vt -0.061236 0.644451
vt 0 0.822226
vt -0.061236 0.822226
vt 0 1
vt -0.024657 1
vt -0.049321 1
vt -0.073981 1
vt -0.098641 1
vt -0.147962 0.822226
vt -0.147962 0.644451
vt -0.147962 0.288903
vt -0.147962 0.466677
vt -0.118372 0.288903
vt -0.098641 0.466677
vt -0.059186 0.288903
vt -0.088776 0.288903
vt -0.147962 1
vt -0.123305 1
vt -0.077798 0.729839
vt -0.077798 0.761032
vt -0.068028 0.707795
vt -0.077798 0.698647
vt -0.077798 0.667454
vt -0.077798 0.636261
vt -0.077798 0.386719
vt -0.077798 0.51149
vt -0.06224 0.386719
vt -0.046678 0.386719
vt 0 0.653065
vt -0.051866 0.609734
vt -0.000007 0.919413
vt -0.000001 0.852825
vt -0.009991 0.918017
vt -0.019891 0.915768
vt -0.039482 0.908786
vt -0.029748 0.912674
vt -0.077798 0.885812
vt -0.058736 0.898716
vt 0 0.519892
vt 0 0.386719
vt -0.015559 0.386719
vt -0.03112 0.386719
vt 0 0.786238
vt 0 0.719652
vt 0 0.586479
vt -0.077798 0.573876
vt 0.334954 1.247757
vt 0.064986 1.299211
vt 0.251698 1.395284
vt 0.081651 1.498317
vt 0.23416 1.547691
vt 0.092634 1.547546
vt 0.168047 1.582992
vt 0.111097 1.580405
vt 0.137044 1.590768
vt 0.299721 1.507737
vt 0.422695 1.437476
vt 0.601362 1.361028
vt 0.594222 1.207883
vt 0.846989 1.177436
vt 0.770403 1.311544
vt 0.934554 1.275583
vt 0.971712 1.1651
vt 1.096025 1.247989
vt 1.096025 1.154359
vt 3.839 -1.464
vt 3.678511 2.251876
vt 3.839 2.824816
vt 3.686354 2.287199
vt 3.689 2.323814
vt 3.833889 -1.502823
vt 3.689 -1.614
vt -3.689 -1.614
vt -3.839 -1.464
vt -3.833889 -1.502823
vt -3.818904 -1.539
vt -3.795066 -1.570066
vt -3.764 -1.593904
vt -3.727823 -1.608889
vt 3.818904 -1.539
vt 3.795066 -1.570066
vt 3.764 -1.593904
vt 3.727823 -1.608889
vt -3.839 2.824816
vt -3.678478 2.250786
vt -3.665674 2.217962
vt -3.648387 2.188848
vt -3.689 2.799775
vt -3.689 2.322832
vt -3.686346 2.286161
vt -2.529613 2.188848
vt -2.198387 2.188848
vt -1.079613 2.188848
vt -2.215674 2.217962
vt -2.512326 2.217962
vt -2.228478 2.250786
vt -2.499522 2.250786
vt -2.236346 2.286161
vt -2.491654 2.286161
vt -2.239 2.322832
vt -2.489 2.322832
vt -2.239 2.784968
vt -2.489 2.784968
vt -1.062326 2.217962
vt 1.079491 2.19
vt 1.062255 2.219091
vt -1.049522 2.250786
vt 1.049489 2.251876
vt -1.041654 2.286161
vt 1.041646 2.287199
vt -1.039 2.322832
vt 1.039 2.323814
vt -1.039 2.784968
vt 1.039 2.784968
vt 2.198509 2.19
vt 2.529491 2.19
vt 3.648509 2.19
vt 2.512255 2.219091
vt 2.215745 2.219091
vt 2.499489 2.251876
vt 2.228511 2.251876
vt 2.491646 2.287199
vt 2.236354 2.287199
vt 2.489 2.323814
vt 2.239 2.323814
vt 2.489 2.784968
vt 2.239 2.784968
vt 3.665745 2.219091
vt 3.689 2.799775
vt 0 4.037376
vt 0 4.081918
vt 0.058148 4.046529
vt 0 4.122762
vt 0.059505 4.160881
vt 0.03967 4.160881
vt 0.019835 4.160881
vt 0 4.160881
vt 0.934552 4.935143
vt 0.847051 5.033265
vt 1.095971 4.962707
vt 0.9717 5.04558
vt 1.095984 5.056302
vt 0.770361 4.899203
vt 0.594344 5.002835
vt 0.601448 4.850099
vt 0.422577 4.773368
vt 0.251689 4.826889
vt 0.299669 4.702895
vt 0.234171 4.663049
vt 0.168063 4.627955
vt 0.092668 4.663241
vt 0.081587 4.712361
vt 0.064984 4.911516
vt 0.335293 4.962987
vt 0.137055 4.620193
vt 0.111109 4.630497
vt 0.5195 0.713376
vt 0.2695 0.939667
vt 0.5195 0.939667
vt -0.9305 0.939667
vt -5.4085 0.957978
vt -5.4085 0.936967
vt -4.4585 0.936967
vt -4.2085 0.936967
vt -4.2085 0.711216
vt 0.2695 0.713376
vt 0.5195 0.487085
vt 0.2695 0.487085
vt 0.5195 0.260794
vt 0.2695 0.260794
vt 0.5195 0.034504
vt 0.2695 0.034504
vt 0.5195 -0.191787
vt 0.2695 -0.191787
vt -3.0085 0.936967
vt -0.9305 0.713376
vt -3.0085 0.711216
vt -0.9305 0.487085
vt -3.0085 0.485465
vt -0.9305 0.260794
vt -3.0085 0.259715
vt -0.9305 0.034504
vt -3.0085 0.033964
vt -0.9305 -0.191787
vt -3.0085 -0.191787
vt -4.4585 0.711216
vt -4.2085 0.485465
vt -4.4585 0.485465
vt -4.2085 0.259715
vt -4.4585 0.259715
vt -4.2085 0.033964
vt -4.4585 0.033964
vt -4.4585 -0.191787
vt -4.2085 -0.191787
vt 1.4695 0.959778
vt -5.4085 0.978989
vt 1.4695 0.979889
vt -5.4085 1
vt 1.4695 1
vt 1.4695 0.939667
vt 0.041828 4.882771
vt 0.062742 4.882771
vt 0 4.836515
vt 0.061545 4.740535
vt 0 4.789416
vt 0.041029 4.740535
vt 0.020514 4.740535
vt 0 4.740535
vt 0 4.882771
vt 0.020914 4.882771
vt 0.060055 4.882633
vt 0.040036 4.882633
vt 0.058895 5.024839
vt 0.020018 4.882633
vt 0 4.928865
vt 0 4.882633
vt 0 4.975933
vt 0.039264 5.024839
vt 0.019632 5.024839
vt 0 5.024839
vt 0 1.243722
vt 0.055617 1.234934
vt 0 1.199124
vt 0 1.158324
vt 0.056943 1.120206
vt 0.037962 1.120206
vt 0.018981 1.120206
vt 0 1.120206
vt 0 0.413938
vt 0.005687 0.491451
vt 1.026264 0.594896
vt 0.168605 0.701625
vt 0.380297 0.863319
vt 0 0.481609
vt -0.010291 0.469784
vt -0.024 0.436987
vt -0.030764 0.452421
vt -0.042456 0.44588
vt -0.054965 0.441008
vt -0.067985 0.438008
vt -0.081327 0.436987
vt 0.626419 0.965197
vt 0.757079 0.991239
vt 0.890225 1
vt 1.366186 1
vt 0 0.414141
vt 0 0.427786
vt 1.026264 0.595099
vt 0.11869 0.619254
vt 0.277226 0.779297
vt 0.467563 0.899793
vt 0.680042 0.974626
vt 0.90388 1
vt 1.366016 1
vt 0 0.414141
vt 0 0.427786
vt 1.026264 0.595099
vt 0.11869 0.619254
vt 0.277226 0.779297
vt 0.467563 0.899793
vt 0.680042 0.974626
vt 0.90388 1
vt 1.366016 1
vt 0 0.413938
vt 0 0.425344
vt 1.026264 0.594896
vt 0.118506 0.617557
vt 0.277116 0.778281
vt 0.467743 0.899321
vt 0.680667 0.974505
vt 0.905032 1
vt 1.366186 1
vt -0.043631 1
vt 0 1
vt 0 0.893601
vt -0.086787 0.839621
vt -0.000006 0.787205
vt -0.000001 0.680803
vt -0.086787 0.679241
vt -0.000003 0.574407
vt -0.1309 0.253645
vt -0.108843 0.253645
vt -0.1309 0.148808
vt -0.086787 0.438672
vt -0.042674 0.253645
vt -0.086787 0.253645
vt -0.108843 0.148808
vt -0.00001 0.468007
vt -0.000017 0.361615
vt -0.064731 0.253645
vt -0.086787 0.148808
vt 0 0.255207
vt -0.064731 0.148808
vt 0 0.148808
vt -0.261782 0.361615
vt -0.183995 0.358483
vt -0.261799 0.255207
vt -0.235865 0.253645
vt -0.261799 0.148808
vt -0.183995 0.518862
vt -0.261789 0.468007
vt -0.261796 0.574407
vt -0.261799 0.680803
vt -0.261794 0.787205
vt -0.183995 0.759431
vt -0.158061 0.839621
vt -0.218168 1
vt -0.1309 1
vt -0.174531 1
vt -0.261799 0.893601
vt -0.261799 1
vt -0.087268 1
vt -0.1309 0.759431
vt -0.158061 0.148808
vt -0.158061 0.253645
vt -0.183995 0.148808
vt -0.183995 0.253645
vt -0.20993 0.148808
vt -0.20993 0.253645
vt -0.235865 0.148808
vt -0.1309 0.599052
vt -2.651632 1.052099
vt -6.481 1.1309
vt -2.658327 1.1309
vt -2.601 1.17153
vt -2.601 1.1309
vt -6.481 1
vt -2.641511 0.973853
vt -2.624932 0.897459
vt -6.481 0.8691
vt -2.5975 0.826189
vt -6.481 0.738201
vt -2.559746 0.762757
vt -2.515443 0.705996
vt -2.416366 0.607301
vt -6.481 0.607301
vt -2.601 1.21216
vt -6.481 1.261799
vt -2.601 1.252791
vt -2.601 1.299427
vt -2.601 1.346063
vt -6.481 1.392699
vt -2.601 1.392699
vt 0 5.252313
vt -0.1309 5.252313
vt 0 5.606673
vt -0.1309 5.606673
vt 0 5.961032
vt -0.1309 5.961032
vt 0 6.315392
vt -0.1309 6.315392
vt 0 6.669751
vt -0.1309 6.669751
vt 0 7.024111
vt -0.1309 7.024111
vt 0 7.37847
vt -0.1309 7.37847
vt -0.261799 7.024111
vt -0.261799 7.37847
vt -0.392699 7.024111
vt -0.392699 7.37847
vt -0.523599 7.024111
vt -0.523599 7.37847
vt -0.654498 7.024111
vt -0.654498 7.37847
vt -0.785398 7.024111
vt -0.785398 7.37847
vt -0.261799 5.252313
vt -0.261799 5.606673
vt -0.261799 5.961032
vt -0.261799 6.315392
vt -0.261799 6.669751
vt -0.392699 5.252313
vt -0.392699 5.606673
vt -0.392699 5.961032
vt -0.392699 6.315392
vt -0.392699 6.669751
vt -0.523599 5.252313
vt -0.523599 5.606673
vt -0.523599 5.961032
vt -0.523599 6.315392
vt -0.523599 6.669751
vt -0.654498 5.252313
vt -0.654498 5.606673
vt -0.654498 5.961032
vt -0.654498 6.315392
vt -0.654498 6.669751
vt -0.785398 5.252313
vt -0.785398 5.606673
vt -0.785398 5.961032
vt -0.785398 6.315392
vt -0.785398 6.669751
vt -4.9085 0.607301
vt -4.903696 0.705476
vt 1.2195 0.607301
vt 1.2195 0.738201
vt -4.88947 0.80365
vt 1.2195 0.8691
vt -4.866367 0.901825
vt 1.2195 1
vt -4.835277 1
vt -4.797393 1.098175
vt 1.2195 1.1309
vt -4.754171 1.19635
vt 1.2195 1.261799
vt -4.707273 1.294524
vt 1.2195 1.392699
vt -4.6585 1.392699
vt -2.553 1.1309
vt -2.553 1.17153
vt -2.495673 1.1309
vt 2.422671 1.19635
vt 2.465893 1.098175
vt -2.553 1.21216
vt -2.553 1.252791
vt 2.375773 1.294524
vt -2.553 1.299427
vt -2.553 1.346063
vt -2.553 1.392699
vt 2.327 1.392699
vt -2.502367 1.052103
vt 2.503777 1
vt -2.512493 0.973858
vt 2.534867 0.901825
vt -2.52907 0.897462
vt -2.5565 0.82619
vt 2.55797 0.80365
vt -2.594261 0.762754
vt 2.572196 0.705476
vt -2.638557 0.705996
vt -2.737634 0.607301
vt 2.577 0.607301
vt 9.254 0.2
vt 10.308 -0.52
vt 8.034 0.2
vt 6.019184 -0.52
vt 7.982236 0.206815
vt 7.934 0.226795
vt 5.831767 -0.535273
vt 7.892579 0.258579
vt 0 0.9
vt 7.860795 0.3
vt 7.840815 0.348236
vt 7.834 0.4
vt 7.840815 0.451764
vt 7.860795 0.5
vt 7.892579 0.541421
vt 7.934 0.573205
vt 7.982236 0.593185
vt 8.034 0.6
vt 10.308 0.9
vt 9.254 0.6
vt 9.305764 0.593185
vt 9.354 0.573205
vt 9.395421 0.541421
vt 9.427205 0.5
vt 9.447185 0.451764
vt 9.454 0.4
vt 9.447185 0.348236
vt 9.427205 0.3
vt 9.395421 0.258579
vt 9.354 0.226795
vt 9.305764 0.206815
vt 0 -0.75
vt 5.649218 -0.580299
vt 5.475743 -0.652935
vt 5.314634 -0.75
vt -0.1 0.607301
vt -1.75 0.607301
vt -0.1 0.672751
vt -1.75 0.672751
vt -0.1 0.738201
vt -1.75 0.738201
vt -0.1 0.80365
vt -1.75 0.80365
vt -0.1 0.8691
vt -1.75 0.8691
vt -0.1 0.93455
vt -1.75 0.93455
vt -0.1 1
vt -1.75 1
vt -1.062944 -1.086237
vt -1.064817 -1.105656
vt -1.75 -0.963495
vt -1.064817 -1.189169
vt -1.75 -1.356194
vt -1.064817 -1.272682
vt -1.064817 -1.356194
vt -1.75 -0.570796
vt -0.1 -0.570796
vt -0.1 -0.963495
vt -0.964817 -1.003581
vt -0.849817 -1.003581
vt -0.830423 -1.005562
vt -0.811265 -1.011525
vt -0.793729 -1.021286
vt -0.778863 -1.033878
vt -0.76668 -1.049156
vt -0.757348 -1.066958
vt -0.75169 -1.086237
vt -0.749817 -1.105656
vt -0.749838 -1.189169
vt -0.1 -1.356194
vt -0.749859 -1.272682
vt -0.74988 -1.356194
vt -0.1 -0.178097
vt -1.75 -0.178097
vt -0.1 0.214602
vt -1.75 0.214602
vt -0.1 0.607301
vt -1.75 0.607301
vt -0.1 1
vt -1.75 1
vt -0.984212 -1.005562
vt -1.003369 -1.011525
vt -1.020905 -1.021286
vt -1.035771 -1.033878
vt -1.047955 -1.049156
vt -1.057286 -1.066958
vt 0 -0.52
vt 0 0.9
vt 4.288816 -0.52
vt 9.058 0.9
vt 4.476187 -0.535307
vt 9.058 -0.75
vt 4.658793 -0.580241
vt 4.832153 -0.653021
vt 4.993366 -0.75
vt -5.5335 1.07854
vt 1.8445 1.07854
vt -5.5335 1.05236
vt 1.8445 1.05236
vt -5.5335 1.02618
vt 1.8445 1.02618
vt -5.5335 1
vt 1.8445 1
vt -5.5335 0.97382
vt 1.8445 0.97382
vt -5.5335 0.94764
vt 1.8445 0.94764
vt -5.5335 0.92146
vt 1.8445 0.92146
vt 0.15708 0.653308
vt 0.1309 0.653308
vt 0.15708 0.71109
vt 0.10472 0.768872
vt 0.15708 0.768872
vt 0.15708 0.826654
vt 0.15708 0.884436
vt 0.1309 0.884436
vt 0.15708 0.942218
vt 0.15708 1
vt 0.1309 1
vt 0.07854 0.884436
vt 0.10472 1
vt 0.07854 1
vt 0 0.942218
vt 0.05236 1
vt 0.02618 1
vt 0 1
vt 0.10472 0.653308
vt 0.07854 0.653308
vt 0.05236 0.826654
vt 0 0.768872
vt 0.05236 0.653308
vt 0.02618 0.653308
vt 0 0.71109
vt 0 0.884436
vt 0 0.653308
vt 0 0.826654
vt 2.577 0.92146
vt -6.481 0.92146
vt 2.577 0.94764
vt -6.481 0.94764
vt 2.577 0.97382
vt -6.481 0.97382
vt 2.577 1
vt -6.481 1
vt 2.577 1.02618
vt -6.481 1.02618
vt 2.577 1.05236
vt -6.481 1.05236
vt 2.577 1.07854
vt -6.481 1.07854
vt 0.15708 5.620374
vt 0.1309 5.620374
vt 0.15708 6.005405
vt 0.10472 6.005405
vt 0.15708 6.390436
vt 0.15708 7.930561
vt 0.15708 7.54553
vt 0.1309 7.930561
vt 0.07854 7.54553
vt 0.10472 7.930561
vt 0.07854 7.930561
vt 0.05236 7.930561
vt 0 7.54553
vt 0.02618 7.930561
vt 0 7.930561
vt 0.10472 5.620374
vt 0.15708 6.775467
vt 0.07854 6.775467
vt 0.15708 7.160498
vt 0.07854 5.620374
vt 0.07854 6.390436
vt 0.05236 7.160498
vt 0.05236 5.620374
vt 0 6.005405
vt 0.02618 5.620374
vt 0 6.390436
vt 0 6.775467
vt 0 5.620374
vt 0 7.160498
vt 1.2195 0.92146
vt -4.9085 0.92146
vt 1.2195 0.94764
vt -4.9085 0.94764
vt 1.2195 0.97382
vt -4.9085 0.97382
vt 1.2195 1
vt -4.9085 1
vt 1.2195 1.02618
vt -4.9085 1.02618
vt 1.2195 1.05236
vt -4.9085 1.05236
vt 1.2195 1.07854
vt -4.9085 1.07854
vt 0.15708 1.346692
vt 0.1309 1.346692
vt 0.15708 1.404473
vt 0.15708 1.462255
vt 0.1309 1.462255
vt 0.15708 1.520037
vt 0.15708 1.577819
vt 0.1309 1.693383
vt 0.15708 1.635601
vt 0.15708 1.693383
vt 0.07854 1.577819
vt 0.10472 1.693383
vt 0.07854 1.693383
vt 0.05236 1.693383
vt 0 1.635601
vt 0.02618 1.693383
vt 0 1.693383
vt 0.10472 1.346692
vt 0.07854 1.346692
vt 0.07854 1.462255
vt 0.05236 1.346692
vt 0.02618 1.346692
vt 0 1.404473
vt 0 1.462255
vt 0 1.520037
vt 0 1.577819
vt 0 1.346692
vt 2.577 0.92146
vt -7.731 0.92146
vt 2.577 0.94764
vt -7.731 0.94764
vt 2.577 0.97382
vt -7.731 0.97382
vt 2.577 1
vt -7.731 1
vt 2.577 1.02618
vt -7.731 1.02618
vt 2.577 1.05236
vt -7.731 1.05236
vt 2.577 1.07854
vt -7.731 1.07854
vt 0.15708 1
vt 0.1309 1
vt 0.15708 1.057782
vt 0.15708 1.115564
vt 0.10472 1.115564
vt 0.15708 1.173346
vt 0.15708 1.231128
vt 0.15708 1.28891
vt 0.1309 1.346692
vt 0.15708 1.346692
vt 0.10472 1.231128
vt 0.10472 1.346692
vt 0.05236 1.346692
vt 0.07854 1.346692
vt 0 1.28891
vt 0.02618 1.346692
vt 0 1.346692
vt 0.10472 1
vt 0.07854 1
vt 0.05236 1.173346
vt 0 1.231128
vt 0.05236 1
vt 0.02618 1
vt 0 1.057782
vt 0 1.115564
vt 0 1
vt 0 1.173346
vt -0.1 0.607301
vt -1.52 0.607301
vt -0.1 0.672751
vt -1.52 0.672751
vt -0.1 0.738201
vt -1.52 0.738201
vt -0.1 0.80365
vt -1.52 0.80365
vt -0.1 0.8691
vt -1.52 0.8691
vt -0.1 0.93455
vt -1.52 0.93455
vt -0.1 1
vt -1.52 1
vt 6.338505 0.592774
vt 6.289 0.598998
vt 7.378 0.9
vt 5.889 0.598998
vt 0 0.9
vt 5.839495 0.592774
vt 5.793072 0.574491
vt 5.752618 0.545285
vt 5.720653 0.506975
vt 5.699164 0.461946
vt 5.689491 0.412998
vt 5.699164 0.36405
vt 5.720653 0.31902
vt 0 -0.52
vt 5.752618 0.280711
vt 5.793072 0.251505
vt 5.839495 0.233222
vt 7.378 -0.52
vt 5.889 0.226998
vt 6.289 0.226998
vt 6.338505 0.233222
vt 6.384928 0.251505
vt 6.425382 0.280711
vt 6.457347 0.31902
vt 6.478836 0.36405
vt 6.488509 0.412998
vt 6.478836 0.461946
vt 6.457347 0.506975
vt 6.425382 0.545285
vt 6.384928 0.574491
vt 2.953 0.965764
vt -2.427 0.965764
vt 2.953 0.97147
vt -2.427 0.97147
vt 2.953 0.977176
vt -2.427 0.977176
vt 2.953 0.982882
vt -2.427 0.982882
vt 2.953 0.988588
vt -2.427 0.988588
vt 2.953 0.994294
vt -2.427 0.994294
vt 2.953 1
vt -2.427 1
vt 0.03927 1.300519
vt 0.033564 1.300519
vt 0.03927 1.350606
vt 0.03927 1.601038
vt 0.03927 1.550952
vt 0.033564 1.601038
vt 0.027858 1.601038
vt 0.005034 1.550952
vt 0.022152 1.601038
vt 0.016446 1.601038
vt 0.01074 1.601038
vt 0.005034 1.601038
vt 0.027858 1.300519
vt 0.022152 1.300519
vt 0.03927 1.500865
vt 0.016446 1.300519
vt 0.03927 1.450779
vt 0.03927 1.400692
vt 0.005034 1.450779
vt 0.01074 1.300519
vt 0.005034 1.350606
vt 0.005034 1.400692
vt 0.005034 1.500865
vt 0.005034 1.300519
vt 0.005034 0.699481
vt 0.01074 0.699481
vt 0.005034 0.649394
vt 0.005034 0.398962
vt 0.005034 0.449048
vt 0.01074 0.398962
vt 0.016446 0.398962
vt 0.03927 0.449048
vt 0.022152 0.398962
vt 0.027858 0.398962
vt 0.033564 0.398962
vt 0.03927 0.398962
vt 0.016446 0.699481
vt 0.022152 0.699481
vt 0.005034 0.549221
vt 0.005034 0.599308
vt 0.03927 0.549221
vt 0.005034 0.499135
vt 0.03927 0.499135
vt 0.027858 0.699481
vt 0.03927 0.599308
vt 0.033564 0.699481
vt 0.03927 0.649394
vt 0.03927 0.699481
vt 5.4625 0.965764
vt -1.6875 0.965764
vt 5.4625 0.97147
vt -1.6875 0.97147
vt 5.4625 0.977176
vt -1.6875 0.977176
vt 5.4625 0.982882
vt -1.6875 0.982882
vt 5.4625 0.988588
vt -1.6875 0.988588
vt 5.4625 0.994294
vt -1.6875 0.994294
vt 5.4625 1
vt -1.6875 1
vt -1.6875 1
vt 5.4625 1
vt -1.6875 0.994294
vt 5.4625 0.994294
vt -1.6875 0.988588
vt 5.4625 0.988588
vt -1.6875 0.982882
vt 5.4625 0.982882
vt -1.6875 0.977176
vt 5.4625 0.977176
vt -1.6875 0.97147
vt 5.4625 0.97147
vt -1.6875 0.965764
vt 5.4625 0.965764
vt 0.03927 1.300519
vt 0.033564 1.300519
vt 0.03927 1.350606
vt 0.03927 1.601038
vt 0.03927 1.550952
vt 0.033564 1.601038
vt 0.005034 1.550952
vt 0.027858 1.601038
vt 0.022152 1.601038
vt 0.016446 1.601038
vt 0.01074 1.601038
vt 0.005034 1.601038
vt 0.027858 1.300519
vt 0.03927 1.500865
vt 0.022152 1.300519
vt 0.016446 1.300519
vt 0.005034 1.350606
vt 0.03927 1.400692
vt 0.005034 1.400692
vt 0.03927 1.450779
vt 0.005034 1.500865
vt 0.01074 1.300519
vt 0.005034 1.450779
vt 0.005034 1.300519
vt 0.005034 0.699481
vt 0.01074 0.699481
vt 0.005034 0.649394
vt 0.005034 0.398962
vt 0.005034 0.449048
vt 0.01074 0.398962
vt 0.016446 0.398962
vt 0.022152 0.398962
vt 0.03927 0.449048
vt 0.027858 0.398962
vt 0.033564 0.398962
vt 0.03927 0.398962
vt 0.016446 0.699481
vt 0.005034 0.549221
vt 0.005034 0.599308
vt 0.03927 0.549221
vt 0.005034 0.499135
vt 0.022152 0.699481
vt 0.03927 0.649394
vt 0.027858 0.699481
vt 0.03927 0.599308
vt 0.03927 0.499135
vt 0.033564 0.699481
vt 0.03927 0.699481
vt 5.317 0.965764
vt -0.063 0.965764
vt 5.317 0.97147
vt -0.063 0.97147
vt 5.317 0.977176
vt -0.063 0.977176
vt 5.317 0.982882
vt -0.063 0.982882
vt 5.317 0.988588
vt -0.063 0.988588
vt 5.317 0.994294
vt -0.063 0.994294
vt 5.317 1
vt -0.063 1
vt 2.69 4.750505
vt -2.69 -2.750505
vt -2.69 4.750505
vt -2.865505 4.575
vt -2.735424 4.744525
vt -2.777753 4.726992
vt -2.814101 4.699101
vt -2.841992 4.662753
vt -2.859525 4.620424
vt 2.735424 4.744525
vt 2.865505 4.575
vt 2.69 -2.750505
vt 2.777753 4.726992
vt 2.814101 4.699101
vt 2.841992 4.662753
vt 2.859525 4.620424
vt 2.865505 -2.575
vt 2.735424 -2.744525
vt 2.777753 -2.726992
vt 2.814101 -2.699101
vt 2.841992 -2.662753
vt 2.859525 -2.620424
vt -2.865505 -2.575
vt -2.735424 -2.744525
vt -2.777753 -2.726992
vt -2.814101 -2.699101
vt -2.841992 -2.662753
vt -2.859525 -2.620424
vt 2.439 -3.904
vt -3.439 -3.904
vt 3.439 -2.904
vt -3.439 0.976
vt 3.439 0.976
vt 3.404926 -3.162819
vt 3.305025 -3.404
vt 3.146107 -3.611107
vt 2.939 -3.770025
vt 2.697819 -3.869926
vt -0.1 0.607301
vt -1.52 0.607301
vt -0.1 0.672751
vt -1.52 0.672751
vt -0.1 0.738201
vt -1.52 0.738201
vt -0.1 0.80365
vt -1.52 0.80365
vt -0.1 0.8691
vt -1.52 0.8691
vt -0.1 0.93455
vt -1.52 0.93455
vt -0.1 1
vt -1.52 1
vn -0.130529 0.976382 0.172162
vn -0.130529 0.976382 0.172163
vn -0.382685 0.909843 0.16043
vn -0.382681 0.909845 0.16043
vn -0.608757 0.781303 0.137765
vn -0.608761 0.781301 0.137764
vn -0.793355 0.599511 0.10571
vn -0.923878 0.376874 0.066453
vn -0.923878 0.376873 0.066453
vn -0.991446 0.128538 0.022665
vn -0.991445 0.128539 0.022665
vn -0.995581 0.060359 0.071933
vn -0.991531 0.084887 0.098293
vn -0.960706 0.177575 0.213334
vn -0.924149 0.247188 0.291285
vn -0.891706 0.290379 0.34719
vn -0.793543 0.39197 0.465456
vn -0.79067 0.394179 0.46847
vn -0.656071 0.484611 0.578553
vn -0.60908 0.511197 0.606382
vn -0.488862 0.559803 0.669055
vn -0.382943 0.595341 0.706345
vn -0.350772 0.602564 0.716851
vn -0.252882 0.621655 0.741347
vn -0.153053 0.636063 0.756306
vn -0.130622 0.638806 0.758198
vn -0.051131 0.641947 0.765042
vn 0 0.984808 0.173648
vn 0 0.642788 0.766044
vn 0 0 1
vn 0.991445 0.128543 0.022666
vn 0.92388 0.376869 0.066452
vn 0.923879 0.37687 0.066452
vn 0.793353 0.599514 0.10571
vn 0.608763 0.781299 0.137764
vn 0.60876 0.781302 0.137765
vn 0.382679 0.909846 0.16043
vn 0.382683 0.909844 0.16043
vn 0.130529 0.976382 0.172163
vn 0.13053 0.976382 0.172162
vn 0.051132 0.641947 0.765042
vn 0.130623 0.638806 0.758198
vn 0.153051 0.636064 0.756306
vn 0.252882 0.621655 0.741347
vn 0.350772 0.602564 0.716851
vn 0.382942 0.595342 0.706346
vn 0.488865 0.559802 0.669054
vn 0.609082 0.511196 0.606381
vn 0.656071 0.484611 0.578553
vn 0.79067 0.394179 0.46847
vn 0.793541 0.391972 0.465458
vn 0.891709 0.290376 0.347186
vn 0.92415 0.247185 0.291283
vn 0.960704 0.177579 0.213339
vn 0.99153 0.08489 0.098297
vn 0.995581 0.060364 0.071938
vn 0 0 -1
vn 1 0 0
vn -0.923879 0.37687 0.066452
vn -0.92388 0.376869 0.066452
vn -0.991445 0.128543 0.022666
vn -0.995581 0.060364 0.071938
vn -0.99153 0.08489 0.098297
vn -0.92415 0.247186 0.291282
vn -0.790673 0.394176 0.468467
vn -0.350776 0.602563 0.71685
vn -0.153049 0.636064 0.756306
vn -0.051132 0.641947 0.765042
vn 0.991445 0.128541 0.022665
vn 0.923879 0.376871 0.066453
vn 0.923878 0.376872 0.066453
vn 0.793354 0.599512 0.10571
vn 0.608762 0.7813 0.137764
vn 0.608759 0.781303 0.137765
vn 0.382681 0.909845 0.16043
vn 0.382685 0.909843 0.16043
vn 0.130529 0.976382 0.172162
vn 0.130622 0.638806 0.758198
vn 0.15305 0.636064 0.756306
vn 0.382943 0.595341 0.706345
vn 0.609081 0.511197 0.606381
vn 0.656069 0.484612 0.578554
vn 0.790673 0.394176 0.468467
vn 0.793542 0.391971 0.465457
vn 0.891706 0.290379 0.34719
vn 0.924149 0.247187 0.291284
vn 0.960706 0.177575 0.213334
vn 0.99153 0.084888 0.098295
vn -0.130525 0.976383 0.172163
vn -0.130524 0.976383 0.172163
vn -0.608762 0.7813 0.137764
vn -0.793354 0.599512 0.10571
vn -0.923878 0.376872 0.066453
vn -0.991445 0.128541 0.022665
vn -0.991445 0.12854 0.022665
vn -0.995567 0.06046 0.072053
vn -0.99153 0.084886 0.098298
vn -0.960583 0.177846 0.21366
vn -0.92415 0.247189 0.291282
vn -0.891371 0.290793 0.347703
vn -0.793547 0.391982 0.46544
vn -0.790048 0.39467 0.469106
vn -0.655294 0.48506 0.579057
vn -0.609079 0.511191 0.606388
vn -0.488221 0.560038 0.669327
vn -0.382945 0.595343 0.706343
vn -0.350276 0.602675 0.717001
vn -0.252523 0.621716 0.741418
vn -0.152827 0.636091 0.756328
vn -0.130619 0.638805 0.758199
vn -0.051054 0.641949 0.765045
vn 0.793355 0.599511 0.10571
vn 0.793355 0.59951 0.10571
vn 0.608761 0.781301 0.137764
vn 0.130524 0.976383 0.172163
vn 0.130525 0.976383 0.172163
vn 0.051054 0.641949 0.765045
vn 0.130619 0.638805 0.758199
vn 0.152825 0.636091 0.756328
vn 0.252524 0.621716 0.741418
vn 0.350278 0.602675 0.717
vn 0.382945 0.595343 0.706343
vn 0.488221 0.560038 0.669327
vn 0.609078 0.511192 0.606389
vn 0.655291 0.485062 0.579059
vn 0.790048 0.39467 0.469106
vn 0.793548 0.391981 0.465438
vn 0.891372 0.290791 0.347701
vn 0.924151 0.247188 0.29128
vn 0.960583 0.177847 0.21366
vn 0.99153 0.084887 0.0983
vn 0.995567 0.06046 0.072053
vn -0.382683 0.909844 0.16043
vn -0.608763 0.781299 0.137764
vn -0.793353 0.599513 0.10571
vn -0.793353 0.599514 0.10571
vn -0.923879 0.376871 0.066453
vn -0.99153 0.084887 0.0983
vn -0.960583 0.177847 0.21366
vn -0.924151 0.247188 0.29128
vn -0.89137 0.290794 0.347705
vn -0.793546 0.391983 0.465441
vn -0.60908 0.511191 0.606387
vn -0.382943 0.595343 0.706343
vn -0.350278 0.602675 0.717
vn -0.252521 0.621717 0.741418
vn -0.13062 0.638805 0.758199
vn 0.991446 0.128538 0.022665
vn 0.923877 0.376875 0.066453
vn 0.923878 0.376874 0.066453
vn 0.152827 0.636091 0.756328
vn 0.252518 0.621717 0.741419
vn 0.350282 0.602674 0.716999
vn 0.655294 0.48506 0.579057
vn 0.790048 0.394669 0.469106
vn 0.793548 0.391981 0.465439
vn 0.891367 0.290798 0.347709
vn 0.924149 0.247191 0.291283
vn 0.99153 0.084884 0.098296
vn 0.995567 0.060455 0.072048
vn 0.129428 -0.129433 0.983105
vn 0.849437 -0.393265 0.351851
vn 0.958209 -0.256752 0.12615
vn 0.13051 -0.991298 0.017185
vn 0.374187 -0.463675 0.803112
vn 0 -1 0
vn 0.413823 -0.473966 0.777243
vn 0.551286 -0.424164 0.718449
vn 0.688524 -0.55728 0.464083
vn 0.69466 -0.533033 0.483035
vn 0.574324 -0.748467 0.331586
vn 0.373668 -0.902125 0.215737
vn -0.059511 -0.922242 0.382006
vn 0.038069 -0.956529 0.28914
vn 0.099842 -0.965365 0.241042
vn 0.158825 -0.965366 0.206988
vn 0.231378 -0.956528 0.177535
vn 0.208753 -0.960556 0.183725
vn 0.143578 -0.98785 0.059472
vn 0.130529 -0.991444 0
vn 0.382679 -0.923881 0
vn 0.608765 -0.793351 0
vn 0.793352 -0.608763 0
vn 0.92388 -0.382683 0
vn 0.991445 -0.130526 0
vn 0.017182 -0.991298 0.130509
vn 0.032744 -0.996333 0.079052
vn 0.13051 -0.991298 0.017182
vn 0.381958 -0.922139 -0.061379
vn 0.92135 -0.381635 -0.073952
vn 0.983105 -0.129428 0.12943
vn 0.044582 -0.922961 0.382302
vn 0.093824 -0.988052 0.122273
vn 0.283484 -0.944907 0.163669
vn 0.22894 -0.971818 0.056186
vn 0.160989 -0.783006 0.60082
vn 0.128342 -0.823022 0.55332
vn 0.207932 -0.595454 0.776015
vn 0.649021 -0.649019 0.39692
vn 0.162278 -0.377607 0.911635
vn 0.066897 -0.21042 0.97532
vn 0.353992 -0.379882 0.854622
vn 0.563125 -0.379883 0.73388
vn 0.893338 -0.121072 0.432769
vn 0.129431 -0.129433 0.983105
vn 0.756557 0.30102 0.580524
vn 0.921789 -0.067227 0.381818
vn 0 -0.991445 0.130528
vn 0 -0.92388 0.382683
vn 0 -0.793354 0.60876
vn 0 -0.60876 0.793355
vn 0 -0.382679 0.923881
vn 0 -0.130531 0.991444
vn 0.130509 -0.991298 0.017181
vn 0.143579 -0.98785 0.059474
vn 0.188499 -0.971364 0.144638
vn 0.45697 -0.660672 0.595559
vn 0.059477 -0.98785 0.14358
vn 0.017181 -0.991298 0.130509
vn 0.30254 -0.364745 0.880585
vn 0.12943 -0.129433 0.983105
vn 0.348322 -0.840927 0.414143
vn 0.452862 -0.823713 0.341192
vn 0.422426 -0.550518 0.720059
vn 0.408567 -0.816177 0.408567
vn 0.803908 -0.47185 0.362062
vn 0.698449 -0.535937 0.474279
vn 0.540055 -0.645508 0.540055
vn 0.474279 -0.535937 0.698449
vn 0.958209 -0.256752 0.126149
vn 0.775076 -0.446106 0.447489
vn 0.489153 -0.595264 0.637488
vn 0.351852 -0.393264 0.849437
vn 0.130528 -0.991445 0
vn 0.382683 -0.92388 0
vn 0.60876 -0.793354 0
vn 0.793355 -0.60876 0
vn 0.017181 -0.991298 -0.130509
vn 0.059472 -0.98785 -0.143578
vn 0.456918 -0.660795 -0.595463
vn 0.188499 -0.971364 -0.144638
vn 0.143579 -0.98785 -0.059474
vn 0.130509 -0.991298 -0.017181
vn 0.880583 -0.364749 -0.302542
vn 0.983106 -0.129428 -0.129427
vn 0.452858 -0.823715 -0.341193
vn 0.282917 -0.907716 -0.309853
vn 0.357406 -0.862857 -0.357406
vn 0.493502 -0.615002 -0.615002
vn 0.536333 -0.651685 -0.536333
vn 0.630721 -0.606605 -0.483964
vn 0.61228 -0.61228 -0.500226
vn 0.30254 -0.364745 -0.880585
vn 0.447489 -0.446103 -0.775078
vn 0.849436 -0.393266 -0.351852
vn 0.12943 -0.129433 -0.983105
vn 0 -0.991445 -0.130528
vn 0 -0.92388 -0.382683
vn 0 -0.793354 -0.60876
vn 0 -0.60876 -0.793355
vn 0 -0.382679 -0.923881
vn 0 -0.130531 -0.991444
vn 0.13051 -0.991298 -0.017182
vn 0.079053 -0.996333 -0.032745
vn 0.017182 -0.991298 -0.130509
vn -0.061382 -0.922138 -0.381961
vn -1 0 0
vn -0.073946 -0.381631 -0.921352
vn 0.129431 -0.129433 -0.983105
vn 0.382299 -0.922963 -0.044583
vn 0.2582 -0.963611 -0.069184
vn 0.206987 -0.965365 -0.158827
vn 0.128659 -0.977411 -0.167672
vn 0.088425 -0.984238 -0.153157
vn 0.080879 -0.977411 -0.195258
vn 0.600824 -0.783002 -0.160989
vn 0.785811 -0.602976 -0.137551
vn 0.923423 -0.382494 -0.031437
vn 0.878373 -0.467677 -0.09869
vn 0.447213 -0.447214 -0.774597
vn 0.771847 0.231271 -0.592256
vn 0.01837 -0.706987 -0.706987
vn 0.983105 -0.129428 -0.12943
vn 0.901068 0.220847 -0.373235
vn 0.580522 0.301014 -0.756561
vn 0.38182 -0.067227 -0.921789
vn 0.144645 -0.971362 -0.188503
vn 0.595559 -0.660672 -0.45697
vn 0.143578 -0.98785 -0.059472
vn 0.13051 -0.991298 -0.017185
vn 0.586857 -0.764799 -0.265859
vn 0.853028 -0.492496 -0.1726
vn 0.309851 -0.907718 -0.282914
vn 0.341191 -0.823719 -0.452853
vn 0.359175 -0.808236 -0.466634
vn 0.375251 -0.842771 -0.385908
vn 0.416436 -0.553469 -0.721286
vn 0.302542 -0.364745 -0.880585
vn 0.447492 -0.446103 -0.775076
vn 0.129424 -0.129424 -0.983107
vn 0.307503 -0.595263 -0.742363
vn 0.559708 -0.393265 -0.729431
vn 0.76676 -0.25675 -0.588353
vn 0.920308 -0.253477 -0.297965
vn 0.836225 -0.425145 -0.346379
vn 0 -0.608766 -0.79335
vn 0 -0.130522 -0.991445
vn -0.130509 -0.991298 -0.017181
vn -0.143578 -0.98785 -0.059472
vn -0.188503 -0.971362 -0.144645
vn -0.144645 -0.971362 -0.188503
vn -0.059472 -0.98785 -0.143578
vn -0.017181 -0.991298 -0.130509
vn -0.129423 -0.129424 -0.983107
vn -0.349606 -0.844026 -0.406688
vn -0.406688 -0.844026 -0.349606
vn -0.411012 -0.535642 -0.73767
vn -0.402607 -0.86486 -0.299874
vn -0.379857 -0.859322 -0.342453
vn -0.776015 -0.595454 -0.207931
vn -0.364236 -0.557279 -0.746172
vn -0.378062 -0.56358 -0.73447
vn -0.559704 -0.393267 -0.729433
vn -0.95821 -0.256752 -0.126146
vn -0.911787 -0.330086 -0.244311
vn -0.892908 -0.25675 -0.369858
vn -0.76676 -0.25675 -0.588353
vn -0.346384 -0.425151 -0.83622
vn -0.130528 -0.991445 0
vn -0.382683 -0.92388 0
vn -0.60876 -0.793354 0
vn -0.793355 -0.60876 0
vn -0.923878 -0.382687 0
vn -0.991445 -0.130522 0
vn -0.017182 -0.991298 -0.130509
vn -0.130509 -0.991298 -0.017182
vn -0.317998 -0.947206 0.040974
vn -0.38261 -0.923705 -0.019441
vn -0.60082 -0.783006 -0.160989
vn -0.790534 -0.606595 0.084254
vn -0.914159 -0.378662 -0.144666
vn -0.901065 0.220855 -0.373237
vn -0.983106 -0.129424 -0.12943
vn 0.061382 -0.922138 -0.381961
vn -0.080879 -0.977411 -0.195258
vn 0.006674 -0.793337 -0.608747
vn -0.167531 -0.961387 -0.218331
vn -0.366244 -0.906175 -0.211451
vn -0.16367 -0.944907 -0.283485
vn -0.4929 -0.167928 -0.853727
vn 0.172827 -0.492473 -0.852996
vn -0.382299 0.044859 -0.922949
vn -0.589843 -0.247346 -0.768704
vn -0.832477 -0.507174 -0.223061
vn -0.792556 0.044858 -0.608147
vn -0.129431 -0.129433 -0.983105
vn -0.30254 -0.364745 -0.880585
vn -0.12943 -0.129433 -0.983105
vn -0.377964 -0.912487 -0.156557
vn -0.20121 -0.965604 -0.164693
vn -0.164693 -0.965604 -0.20121
vn -0.156557 -0.912487 -0.377964
vn -0.590284 -0.769275 -0.244503
vn -0.322699 -0.537513 -0.779067
vn -0.500225 -0.612281 -0.612281
vn -0.72529 -0.556532 -0.40525
vn -0.734259 -0.518573 -0.438115
vn -0.626099 -0.464757 -0.626099
vn -0.351847 -0.393261 -0.849441
vn -0.849436 -0.393268 -0.351851
vn -0.017181 -0.991298 0.130509
vn -0.059477 -0.98785 0.14358
vn -0.234915 -0.943202 0.234915
vn -0.45697 -0.660672 0.595559
vn -0.188503 -0.971362 0.144645
vn -0.143578 -0.98785 0.059472
vn -0.130509 -0.991298 0.017181
vn -0.60082 -0.783006 0.160988
vn -0.84361 -0.487059 0.226043
vn -0.983107 -0.129424 0.129423
vn -0.357406 -0.862857 0.357406
vn -0.265419 -0.91676 0.298503
vn -0.372747 -0.899894 0.226383
vn -0.331583 -0.748471 0.57432
vn -0.416437 -0.553463 0.72129
vn -0.456925 -0.476045 0.751399
vn -0.733881 -0.379883 0.563124
vn -0.863031 -0.378799 0.334199
vn -0.126153 -0.256751 0.958209
vn -0.447489 -0.446103 0.775078
vn -0.836225 -0.425145 0.346379
vn -0.130509 -0.991298 0.017182
vn -0.381961 -0.922138 -0.06138
vn -0.195259 -0.977411 0.080879
vn -0.122274 -0.988052 0.093824
vn -0.017182 -0.991298 0.130509
vn 0.061382 -0.922138 0.381961
vn 0.425046 -0.551032 0.718122
vn 0.073946 -0.381631 0.921352
vn -0.129431 -0.129433 0.983105
vn -0.410529 -0.904043 0.119047
vn -0.234676 -0.922709 0.305835
vn -0.129998 -0.940533 0.313843
vn -0.026575 -0.96288 0.268619
vn -0.67297 -0.67297 0.306955
vn -0.436843 -0.368318 0.820677
vn 0.151957 -0.784141 0.601691
vn -0.921767 -0.246987 0.298905
vn -0.990446 0.04486 0.130397
vn -0.804057 -0.37147 0.464223
vn -0.60815 0.044866 0.792553
vn -0.370786 -0.247353 0.895173
vn 0 1 0
vn -0.017183 -0.991298 0.13051
vn -0.059472 -0.98785 0.143578
vn -0.093258 -0.982452 0.161527
vn -0.094606 -0.98785 0.123296
vn -0.104433 -0.991298 0.080135
vn -0.121616 -0.991298 0.050374
vn -0.154079 -0.98785 0.020284
vn -0.130448 -0.990839 0.034954
vn -0.380686 -0.919061 0.102004
vn -0.566901 -0.738802 0.364411
vn -0.88058 -0.364753 0.302546
vn -0.983107 -0.129424 0.129424
vn -0.215738 -0.902124 0.373669
vn -0.435089 -0.714325 0.548122
vn -0.310526 -0.810957 0.495906
vn -0.554304 -0.770823 0.313972
vn -0.312192 -0.578336 0.7537
vn -0.858263 -0.418609 0.296904
vn -0.70683 -0.542368 0.454124
vn -0.351849 -0.393262 0.849439
vn -0.849437 -0.393266 0.35185
vn -0.126149 -0.256752 0.958209
vn -0.351852 -0.393266 0.849436
vn -0.588352 -0.256751 0.76676
vn -0.766758 -0.256751 0.588354
vn 0 -0.499999 0.866026
vn 0.010135 -0.382659 0.923834
vn 0 -0.608763 0.793352
vn 0 -0.793352 0.608763
vn 0.010134 -0.923833 0.382661
vn 0.010134 -0.923832 0.382664
vn 0 -0.991445 0.130529
vn -0.991445 0 -0.130528
vn -0.923878 0 -0.382687
vn -0.793355 0 -0.608759
vn -0.608758 0 -0.793356
vn -0.382684 0 -0.923879
vn -0.130529 0 -0.991444
vn -0.130528 0 -0.991445
vn -0.38268 0 -0.923881
vn -0.608759 0 -0.793355
vn -0.991446 0 -0.130521
vn -0.991446 0 0.130521
vn -0.923878 0 0.382687
vn -0.793355 0 0.608759
vn -0.608755 0 0.793358
vn -0.382687 0 0.923878
vn -0.130528 0 0.991445
vn -0.130529 0 0.991444
vn -0.382678 0 0.923882
vn -0.608763 0 0.793352
vn -0.991445 0 0.130528
vn -0.991445 0 0.130522
vn -0.923879 0 0.382685
vn -0.793354 0 0.608761
vn -0.608759 0 0.793355
vn -0.130525 0 0.991445
vn 0.130526 0 0.991445
vn 0.382684 0 0.923879
vn 0.608763 0 0.793352
vn 0.793354 0 0.608761
vn 0.923879 0 0.382685
vn 0.991445 0 0.130525
vn 0.991445 0 0.130528
vn 0.923879 0 0.382684
vn 0.793355 0 0.608759
vn 0.608761 0 0.793354
vn 0.382679 0 0.923881
vn 0.130529 0 0.991445
vn -0.130521 0 -0.991446
vn -0.382693 0 -0.923876
vn -0.608755 0 -0.793358
vn 0.991445 0 -0.130525
vn 0.923878 0 -0.382687
vn 0.793355 0 -0.608759
vn 0.608758 0 -0.793356
vn 0.38269 0 -0.923877
vn 0.130522 0 -0.991445
vn 0.130529 0 -0.991445
vn 0.382685 0 -0.923879
vn 0.608757 0 -0.793357
vn 0.923879 0 -0.382684
vn 0.991445 0 -0.130528
vn 0.793357 0 -0.608757
vn 0.608759 0 -0.793355
vn 0.38268 0 -0.923881
vn 0.130528 0 -0.991445
vn 0.130528 0 0.991445
vn 0.382687 0 0.923878
vn 0.608755 0 0.793358
vn 0.793357 0 0.608757
vn 0.923878 0 0.382687
vn -0.129429 -0.129431 0.983105
vn 0.129428 -0.129431 0.983105
vn 0.958209 -0.256752 -0.126151
vn 0.892909 -0.256752 -0.369854
vn -0.892909 -0.256752 -0.369854
vn -0.958209 -0.256752 -0.126151
vn 0.050317 -0.922709 0.382199
vn 0.222209 -0.966658 0.127262
vn -0.017181 -0.991299 0.130506
vn -0.147524 -0.922709 0.356152
vn -0.234675 -0.922709 0.305835
vn -0.034054 -0.965365 -0.25867
vn 0.034054 -0.965365 -0.25867
vn 0.382198 -0.922709 -0.050317
vn 0.382198 -0.922709 0.050317
vn 0.206987 -0.965366 0.158826
vn 0.158827 -0.965366 0.206986
vn 0.147524 -0.922709 0.356153
vn 0.184896 -0.376082 0.907952
vn 0.187884 -0.382152 0.904798
vn 0.353995 -0.379883 0.854621
vn 0.528331 -0.49678 0.688532
vn 0.688532 -0.49678 0.528331
vn 0.578214 -0.238702 0.780186
vn 0.892908 -0.256753 0.369855
vn 0.87752 -0.382153 0.289687
vn 0.91712 -0.379884 0.120741
vn 0.917121 -0.379883 0.120743
vn 0.922596 -0.382151 -0.052698
vn 0.892909 -0.256751 -0.369854
vn 0.766757 -0.256751 -0.588355
vn 0.113279 -0.496782 -0.860451
vn -0.113279 -0.496782 -0.860451
vn 0.142819 -0.238701 -0.960534
vn -0.369854 -0.256751 -0.892909
vn -0.52833 -0.496781 -0.688531
vn -0.688532 -0.496781 -0.52833
vn -0.578211 -0.238699 -0.780189
vn -0.892909 -0.256751 -0.369854
vn -0.922596 -0.382152 -0.052697
vn -0.91712 -0.379884 0.120741
vn -0.917121 -0.379883 0.120741
vn -0.85462 -0.379884 0.353995
vn -0.733879 -0.379882 0.563127
vn -0.563127 -0.379882 0.733879
vn -0.563124 -0.379884 0.733879
vn -0.353995 -0.379884 0.85462
vn -0.353995 -0.379883 0.85462
vn -0.186161 -0.382115 0.90517
vn -0.189983 -0.37571 0.907055
vn 0.103883 -0.605467 0.789062
vn 0.454895 -0.549539 0.700769
vn 0.555623 -0.543311 -0.629362
vn 0.52833 -0.496782 -0.688531
vn 0.332121 -0.496782 -0.801812
vn 0.210826 -0.580064 -0.786815
vn -0.46411 -0.543313 -0.699581
vn -0.74613 -0.507662 0.430778
vn -0.103883 -0.605467 0.789062
vn 0.079889 -0.79082 0.606813
vn 0.473946 -0.862891 0.175482
vn 0.412453 -0.865318 0.284793
vn 0.472109 -0.865318 -0.168339
vn 0.46492 -0.864155 -0.192576
vn 0.464919 -0.864155 -0.192576
vn 0.404514 -0.864683 -0.297811
vn -0.473946 -0.862891 -0.175483
vn -0.46492 -0.864155 -0.192576
vn -0.458864 -0.87206 -0.170163
vn -0.382199 -0.922709 0.050317
vn -0.079889 -0.79082 0.606813
vn 0.12135 -0.917051 0.379858
vn 0.170225 -0.914924 0.365976
vn 0.356153 -0.922709 0.147524
vn 0.382199 -0.922709 0.050318
vn 0.358685 -0.891961 -0.27523
vn 0.158827 -0.965365 -0.206987
vn 0.069184 -0.963611 -0.258199
vn 0.17302 -0.891956 -0.417706
vn -0.211044 -0.862891 -0.459215
vn -0.182967 -0.864683 -0.467809
vn -0.173018 -0.891959 -0.4177
vn -0.158827 -0.965365 -0.206987
vn -0.206987 -0.965365 -0.158827
vn -0.499563 -0.8412 -0.206926
vn -0.382199 -0.922709 -0.050317
vn -0.356153 -0.922709 0.147524
vn -0.388592 -0.893679 0.224354
vn -0.305836 -0.922709 0.234675
vn -0.147523 -0.922709 0.356153
vn -0.123962 -0.923571 0.362836
vn -0.13829 -0.915002 0.379009
vn -0.130527 0 0.991445
vn 0.382683 0 0.92388
vn 0.608762 0 0.793353
vn 0.793353 0 0.608762
vn 0.991445 0 0.130526
vn 0.991445 0 -0.130526
vn 0.92388 0 -0.382683
vn 0.793353 0 -0.608762
vn 0.608762 0 -0.793353
vn 0.382683 0 -0.92388
vn 0.130525 0 -0.991445
vn -0.130525 0 -0.991445
vn -0.382683 0 -0.92388
vn -0.608762 0 -0.793353
vn -0.793353 0 -0.608762
vn -0.92388 0 -0.382683
vn -0.991445 0 -0.130526
vn -0.991445 0 0.130526
vn -0.923879 0 0.382684
vn -0.793353 0 0.608762
vn -0.608762 0 0.793353
vn -0.382683 0 0.92388
vn -0.129427 -0.129424 0.983106
vn 0.129427 -0.129424 0.983106
vn 0.892909 -0.256752 -0.369855
vn -0.234676 -0.922709 -0.305835
vn -0.147523 -0.922709 -0.356153
vn 0.050317 -0.922709 -0.382198
vn 0.147523 -0.922709 -0.356152
vn 0.007793 -0.956551 -0.29146
vn 0.241041 -0.965365 -0.099843
vn 0.258669 -0.965365 -0.034055
vn 0.206987 -0.965365 0.158827
vn 0.158827 -0.965365 0.206987
vn 0.099843 -0.965366 0.241041
vn 0.017181 -0.991299 0.130506
vn -0.074014 -0.9659 0.248111
vn -0.099843 -0.965365 0.241041
vn 0.184897 -0.376088 0.907949
vn 0.332123 -0.496781 0.801812
vn 0.528329 -0.496781 0.688533
vn 0.528329 -0.496782 0.688532
vn 0.688532 -0.496782 0.528329
vn 0.642834 -0.369558 0.670963
vn 0.85462 -0.379884 0.353995
vn 0.958209 -0.256752 0.126151
vn 0.82534 -0.382152 -0.415661
vn 0.733879 -0.379884 -0.563125
vn 0.563126 -0.379884 -0.733878
vn 0.439706 -0.499986 -0.746105
vn 0.481724 -0.369558 -0.794587
vn 0.12074 -0.379884 -0.917121
vn -0.12074 -0.379884 -0.917121
vn -0.353995 -0.379884 -0.85462
vn -0.353996 -0.379885 -0.854619
vn -0.563125 -0.379885 -0.733878
vn -0.733879 -0.379885 -0.563125
vn -0.733878 -0.379883 -0.563126
vn -0.85462 -0.379884 -0.353995
vn -0.733879 -0.379885 0.563125
vn -0.563124 -0.379885 0.733879
vn -0.563125 -0.379884 0.733879
vn -0.353997 -0.379884 0.85462
vn -0.231617 -0.499986 0.834486
vn -0.209812 -0.499946 0.840258
vn -0.326216 -0.361751 0.873338
vn 0.286859 -0.583176 0.760012
vn 0.258023 -0.54954 0.794625
vn 0.836975 -0.491067 0.241506
vn 0 -0.50766 -0.861557
vn -0.790216 -0.603933 -0.104034
vn -0.769305 -0.63339 -0.083589
vn -0.860451 -0.496782 0.11328
vn -0.801812 -0.496782 0.332122
vn -0.744335 -0.54954 0.379436
vn -0.177789 -0.599062 0.780715
vn 0.160989 -0.783007 0.600818
vn 0.344218 -0.923571 0.168909
vn 0.503602 -0.860138 0.080917
vn 0.704063 -0.704062 -0.092692
vn 0.667223 -0.705967 -0.237538
vn 0.318388 -0.923571 -0.213647
vn 0.305835 -0.922709 -0.234676
vn 0.288772 -0.923571 -0.252244
vn -0.079888 -0.79082 0.606813
vn 0.102005 -0.919059 0.38069
vn 0.09185 -0.954216 0.284667
vn 0.356152 -0.922709 0.147523
vn 0.513198 -0.854424 0.081159
vn 0.448252 -0.891957 0.059014
vn 0 -0.893679 -0.448708
vn -0.050317 -0.922709 -0.382198
vn -0.147523 -0.922709 -0.356152
vn -0.305835 -0.922709 -0.234676
vn -0.305835 -0.922709 -0.234675
vn -0.356152 -0.922709 -0.147523
vn -0.513198 -0.854424 -0.081159
vn -0.448251 -0.891958 -0.059013
vn -0.25867 -0.965365 0.034055
vn -0.216149 -0.958542 0.18568
vn -0.499562 -0.841201 0.206926
vn -0.305835 -0.922709 0.234676
vn -0.213647 -0.923571 0.318388
vn -0.050317 -0.922708 0.382201
vn -0.793353 0 0.608761
vn -0.608761 0 0.793354
vn -0.382685 0 0.923879
vn 0.130525 0 0.991445
vn 0.382685 0 0.923879
vn -0.793353 0 -0.608761
vn -0.923879 0 -0.382684
vn 0.588356 -0.25675 0.766758
vn 0.766758 -0.25675 0.588355
vn 0.369854 -0.256751 -0.892909
vn 0.126149 -0.256751 -0.958209
vn 0.017182 -0.991299 0.130507
vn -0.017182 -0.991299 0.130507
vn -0.283546 -0.956551 0.067909
vn -0.241042 -0.965365 -0.099843
vn 0.184897 -0.376085 0.90795
vn 0.332121 -0.496782 0.801813
vn 0.413397 -0.499873 0.761071
vn 0.766758 -0.256752 0.588354
vn 0.892909 -0.256752 0.369855
vn 0.87752 -0.382152 0.289687
vn 0.892909 -0.256751 -0.369855
vn 0.766758 -0.256751 -0.588354
vn -0.022524 -0.499873 -0.865806
vn -0.588355 -0.256751 -0.766757
vn -0.766758 -0.256751 -0.588354
vn -0.772643 -0.382151 -0.506936
vn -0.85462 -0.379883 -0.353995
vn -0.834487 -0.499985 -0.231617
vn -0.860451 -0.496781 -0.113281
vn -0.892192 -0.369558 -0.259654
vn -0.766758 -0.25675 0.588355
vn -0.588356 -0.25675 0.766758
vn -0.588354 -0.256753 0.766758
vn -0.369854 -0.256753 0.892909
vn -0.184897 -0.376085 0.90795
vn 0.258023 -0.549539 0.794626
vn 0.834331 -0.54954 -0.043567
vn 0.86045 -0.496782 -0.113281
vn 0.842133 -0.499874 -0.202331
vn 0.555623 -0.543312 -0.629361
vn 0.452408 -0.499874 -0.738548
vn -0.173858 -0.549541 -0.817177
vn -0.353994 -0.379886 -0.85462
vn -0.506934 -0.382154 -0.772642
vn -0.8322 -0.507661 0.222987
vn -0.85462 -0.379883 0.353995
vn -0.772643 -0.382152 0.506935
vn -0.202332 -0.499873 0.842133
vn -0.245843 -0.499873 0.830475
vn 0.412378 -0.862891 0.292169
vn 0.399235 -0.864155 0.306344
vn 0.399235 -0.864155 0.306345
vn 0.388946 -0.862891 -0.322707
vn 0.156376 -0.796838 -0.583606
vn -0.344434 -0.908721 -0.235777
vn -0.306345 -0.864155 -0.399235
vn -0.324689 -0.865318 -0.38184
vn -0.32469 -0.865318 0.38184
vn -0.306344 -0.864155 0.399236
vn -0.321441 -0.8587 0.399137
vn -0.079889 -0.790818 0.606815
vn 0.102005 -0.91906 0.380688
vn 0.099843 -0.965365 0.241042
vn 0.385206 -0.922046 0.038034
vn 0.448252 -0.891957 0.059013
vn 0.25867 -0.965365 -0.034054
vn 0.241042 -0.965365 -0.099843
vn 0.358687 -0.89196 -0.275231
vn 0.158828 -0.965365 -0.206987
vn 0.069184 -0.963611 -0.2582
vn 0.173018 -0.891958 -0.417704
vn -0.138417 -0.914923 -0.379152
vn -0.318388 -0.923572 -0.213647
vn -0.433419 -0.893678 0.116134
vn -0.356152 -0.922709 0.147523
vn -0.305835 -0.922709 0.234675
vn -0.275233 -0.891957 0.35869
vn -0.099843 -0.965365 0.241042
vn -0.034055 -0.965365 0.258669
vn -0.138289 -0.915002 0.379008
vn 0.92388 0 0.382683
vn -0.92388 0 0.382683
vn -0.958209 -0.256752 0.126151
vn -0.892909 -0.256752 0.369855
vn 0.369856 -0.256753 0.892908
vn 0.588354 -0.256753 0.766758
vn 0.588353 -0.256749 0.76676
vn 0.766759 -0.256748 0.588355
vn 0.206987 -0.965365 -0.158826
vn 0.241041 -0.965366 -0.099843
vn 0.126151 -0.256755 0.958208
vn 0.369855 -0.256755 0.892908
vn 0.772644 -0.382151 0.506934
vn 0.85462 -0.379883 0.353995
vn 0.85462 -0.379884 0.353994
vn 0.738549 -0.499873 -0.452408
vn 0.688532 -0.496781 -0.528329
vn -0.353995 -0.379885 -0.85462
vn -0.563125 -0.379885 -0.733879
vn -0.733879 -0.379883 -0.563125
vn -0.588353 -0.256751 0.766759
vn -0.369857 -0.256751 0.892908
vn -0.184897 -0.376088 0.907949
vn 0.870963 -0.491067 0.016652
vn 0.814479 -0.369557 -0.447272
vn 0.379435 -0.549541 -0.744335
vn 0.332121 -0.496783 -0.801812
vn 0.11328 -0.496782 -0.86045
vn 0.019892 -0.369558 -0.928995
vn -0.353996 -0.379884 -0.85462
vn -0.609212 -0.507662 -0.609213
vn -0.8322 -0.507662 -0.222987
vn -0.91712 -0.379885 -0.120741
vn -0.922595 -0.382153 0.052697
vn -0.745949 -0.491067 0.449903
vn -0.615111 -0.382153 0.689636
vn -0.202333 -0.499874 0.842133
vn -0.245842 -0.499874 0.830475
vn 0.14738 -0.784692 0.602111
vn 0.156377 -0.796837 0.583607
vn 0.271759 -0.704062 0.656083
vn 0.432304 -0.704062 0.563392
vn 0.426753 -0.800325 0.421143
vn 0.501839 -0.863338 -0.05297
vn 0.503215 -0.862891 -0.046837
vn -0.472109 -0.865318 0.168338
vn -0.46109 -0.863338 0.205046
vn -0.303213 -0.800324 0.517246
vn 0.158826 -0.965365 0.206987
vn 0.309448 -0.914924 0.259146
vn 0.305835 -0.922709 0.234675
vn 0.382199 -0.922709 0.050317
vn 0.536097 -0.841201 -0.070578
vn 0.252244 -0.923571 -0.288772
vn 0.225541 -0.922047 -0.314581
vn 0.275235 -0.891956 -0.358692
vn 0.099843 -0.965365 -0.241042
vn -0.123961 -0.923572 -0.362835
vn -0.278682 -0.91906 -0.278683
vn -0.32917 -0.841202 -0.428982
vn -0.305834 -0.922709 -0.234676
vn -0.380687 -0.919061 -0.102004
vn -0.499562 -0.841202 -0.206925
vn -0.382199 -0.922709 -0.050318
vn -0.382199 -0.922709 0.050318
vn -0.499565 -0.8412 0.206926
vn -0.225541 -0.922047 0.314581
vn -0.27523 -0.891959 0.358688
vn -0.034054 -0.965365 0.258669
vn -0.60876 0 0.793354
vn 0.608761 0 0.793353
vn 0.382684 0 -0.923879
vn 0.112288 -0.991445 0.066545
vn 0.185486 -0.963434 0.193365
vn 0.329217 -0.923878 0.195104
vn 0.523704 -0.793353 0.310362
vn 0.603637 -0.602657 0.521945
vn 0.603637 -0.602656 0.521946
vn 0.794791 -0.382687 0.471019
vn 0.852916 -0.130529 0.505466
vn 0.852918 -0.130525 0.505464
vn -0.068218 -0.991445 0.11128
vn -0.200006 -0.923879 0.32626
vn -0.200006 -0.923879 0.326261
vn -0.31816 -0.793356 0.518999
vn -0.414637 -0.60876 0.676378
vn -0.414637 -0.608761 0.676378
vn -0.482854 -0.382686 0.787657
vn -0.482855 -0.382684 0.787658
vn -0.518167 -0.130521 0.845261
vn -0.419357 -0.129699 0.898509
vn -0.198654 -0.305026 0.931395
vn 0.372458 -0.567681 0.734175
vn 0.610602 -0.305031 0.730836
vn 0.790406 -0.129707 0.598694
vn 0.389686 -0.547062 0.740856
vn 0.817628 -0.306918 0.48712
vn -0.092237 -0.570756 0.815923
vn -0.159302 -0.359219 0.919557
vn 0.12227 -0.861186 0.493365
vn 0.154521 -0.957736 0.24262
vn 0.104362 -0.900989 0.421103
vn -0.06255 -0.760594 0.646208
vn -0.047811 -0.429462 0.901819
vn 0.120753 -0.357541 0.926058
vn -0.111918 -0.991445 -0.067169
vn -0.111916 -0.991445 -0.067169
vn -0.328124 -0.923879 -0.196932
vn -0.328127 -0.923878 -0.196932
vn -0.521968 -0.793355 -0.313269
vn -0.521966 -0.793356 -0.31327
vn -0.680243 -0.608762 -0.408263
vn -0.680245 -0.60876 -0.408262
vn -0.79216 -0.382685 -0.47543
vn -0.792164 -0.382681 -0.475428
vn -0.850096 -0.130521 -0.510197
vn -0.85009 -0.130531 -0.510204
vn -0.909238 -0.129446 -0.395639
vn -0.489238 -0.863882 0.119806
vn -0.176984 -0.983259 0.04334
vn -0.498829 -0.773711 0.390564
vn -0.441922 -0.883011 0.158102
vn -0.447542 -0.889845 0.088779
vn -0.627065 -0.586694 0.512425
vn -0.645181 -0.761619 -0.060648
vn -0.755229 -0.357506 0.54938
vn -0.623545 -0.129437 0.770998
vn -0.755122 -0.355001 0.551149
vn -0.919104 -0.380705 0.101545
vn -0.881957 -0.452037 -0.13347
vn -0.909195 -0.411327 -0.064615
vn -0.941171 -0.337573 -0.01551
vn -0.815375 -0.571923 -0.08982
vn -0.869646 -0.360219 0.337578
vn -0.768695 -0.391468 0.505827
vn 0.065263 -0.991445 -0.113038
vn 0.191342 -0.923879 -0.331414
vn 0.191344 -0.923877 -0.331418
vn 0.30438 -0.793355 -0.527201
vn 0.30438 -0.793354 -0.527202
vn 0.396678 -0.608759 -0.687066
vn 0.396674 -0.608768 -0.68706
vn 0.461939 -0.382686 -0.800102
vn 0.461941 -0.382675 -0.800106
vn 0.495723 -0.130518 -0.858617
vn 0.495722 -0.13053 -0.858616
vn 0.380761 -0.129456 -0.915567
vn -0.125894 -0.864692 -0.486269
vn -0.045505 -0.98338 -0.175764
vn -0.396204 -0.773985 -0.493933
vn -0.161041 -0.88245 -0.441982
vn -0.096809 -0.888554 -0.448442
vn 0.048776 -0.761391 -0.646455
vn -0.556883 -0.357584 -0.749677
vn -0.77721 -0.129445 -0.615783
vn -0.560078 -0.353065 -0.749438
vn 0.126037 -0.353085 -0.927063
vn 0.068969 -0.438701 -0.895983
vn 0.001067 -0.337838 -0.941204
vn 0.076189 -0.571976 -0.816725
vn -0.114242 -0.380179 -0.91783
vn -0.348681 -0.358668 -0.865898
vn -0.599776 -0.399389 -0.693367
vn -0.312581 -0.519636 -0.795155
vn 0.904577 -0.129707 0.4061
vn 0.934347 -0.304303 0.185459
vn 0.73023 -0.566332 -0.382142
vn 0.723538 -0.304299 -0.619593
vn 0.589448 -0.1297 -0.797326
vn 0.768291 -0.351111 -0.535211
vn 0.770822 -0.362452 -0.523891
vn 0.817365 -0.570622 0.079409
vn 0.921805 -0.359239 0.145677
vn 0.491051 -0.861588 -0.128585
vn 0.17805 -0.982916 -0.046624
vn 0.490558 -0.773213 -0.401864
vn 0.439572 -0.882314 -0.16822
vn 0.447038 -0.88944 -0.095148
vn 0.614376 -0.586464 -0.527828
vn 0.902509 -0.429286 0.034501
vn 0.924577 -0.356948 -0.133214
vn 0.647643 -0.760212 0.051345
vn 0.794791 -0.382686 0.471018
vn 0.852917 -0.130529 0.505465
vn 0.852918 -0.130526 0.505464
vn -0.414637 -0.608761 0.676377
vn -0.482855 -0.382684 0.787657
vn 0.014533 -0.463701 0.885873
vn 0.22877 -0.308978 0.923145
vn 0.441302 -0.220371 0.869879
vn 0.663229 -0.22529 0.713702
vn 0.610603 -0.30503 0.730836
vn 0.790405 -0.129707 0.598696
vn 0.656284 -0.608007 0.446787
vn 0.019645 -0.541814 0.840269
vn 0.156507 -0.759409 0.631509
vn 0.098043 -0.709073 0.698285
vn 0.013575 -0.4647 0.885364
vn -0.111917 -0.991445 -0.067169
vn -0.328125 -0.923879 -0.196932
vn -0.328126 -0.923878 -0.196932
vn -0.521967 -0.793355 -0.31327
vn -0.521965 -0.793356 -0.31327
vn -0.680242 -0.608762 -0.408265
vn -0.680245 -0.60876 -0.408263
vn -0.79216 -0.382684 -0.475432
vn -0.792163 -0.382681 -0.475429
vn -0.850095 -0.130521 -0.510198
vn -0.850091 -0.130529 -0.510203
vn -0.909238 -0.129443 -0.395641
vn -0.79816 -0.600285 0.05098
vn -0.489235 -0.863884 0.119805
vn -0.531018 -0.827072 0.184313
vn -0.585311 -0.807879 0.068857
vn -0.514594 0.000016 0.857434
vn -0.755229 -0.357504 0.549382
vn -0.623544 -0.129437 0.770999
vn -0.755121 -0.355001 0.55115
vn -0.924343 -0.354995 -0.139886
vn -0.919964 -0.369704 -0.130329
vn -0.926022 -0.355771 -0.126136
vn -0.811254 -0.575194 -0.104971
vn -0.960472 -0.257358 0.106116
vn -0.904439 -0.242344 0.351082
vn -0.671015 -0.370083 0.642477
vn -0.797801 -0.519795 0.305493
vn 0.065263 -0.991445 -0.113039
vn 0.191342 -0.923879 -0.331415
vn 0.191344 -0.923878 -0.331418
vn 0.396677 -0.608759 -0.687066
vn 0.46194 -0.382685 -0.800102
vn 0.495722 -0.130531 -0.858616
vn 0.380761 -0.129457 -0.915567
vn -0.125894 -0.864692 -0.48627
vn -0.396203 -0.773985 -0.493933
vn -0.556883 -0.357583 -0.749677
vn -0.777209 -0.129446 -0.615784
vn -0.560079 -0.353064 -0.749438
vn 0.126037 -0.353086 -0.927063
vn -0.114243 -0.380179 -0.91783
vn 0.904576 -0.129707 0.406101
vn 0.934347 -0.304305 0.185459
vn 0.88537 -0.464123 -0.026642
vn 0.92024 -0.308363 -0.240979
vn 0.864523 -0.218899 -0.45242
vn 0.705328 -0.22332 -0.672785
vn 0.723537 -0.304298 -0.619594
vn 0.623224 -0.375212 -0.686154
vn 0.83988 -0.541816 -0.032217
vn 0.921805 -0.359239 0.145678
vn 0.491052 -0.861588 -0.128585
vn 0.5975 -0.73944 -0.310197
vn 0.653661 -0.756629 0.015497
vn 0.583647 -0.786379 -0.202396
vn 0.572172 -0.594767 -0.564687
vn 0.885267 -0.464331 -0.026442
vn 0.696944 -0.708746 -0.109308
vn -0.130526 0 0.991445
vn -0.382684 0 0.923879
vn -0.608761 0 -0.793354
vn -0.130527 0 -0.991445
vn 0.130527 0 -0.991445
vn 0.608761 0 -0.793354
vn -0.097478 -0.995238 0
vn -0.258814 -0.965905 -0.006602
vn -0.285335 -0.958416 -0.004699
vn -0.471681 -0.881769 0.00096
vn -0.707102 -0.707104 -0.003106
vn -0.630198 -0.776324 -0.0131
vn -0.77051 -0.637425 -0.001984
vn -0.879051 -0.476726 0.001033
vn -0.956948 -0.290225 -0.004561
vn -0.965903 -0.258812 -0.006879
vn -0.995103 -0.098842 0
vn -0.995103 0.098842 0
vn -0.991444 0.130529 -0.001354
vn -0.957068 0.289863 0.001008
vn -0.92388 0.382679 -0.001857
vn -0.879052 0.476725 0.001033
vn -0.793353 0.60876 -0.001417
vn -0.770697 0.637202 0.000072
vn -0.63192 0.775033 -0.000073
vn -0.608758 0.793355 -0.001309
vn -0.47168 0.88177 0.00096
vn -0.382685 0.923877 -0.001811
vn -0.286318 0.958134 0.000976
vn -0.130526 0.991444 -0.001344
vn -0.097478 0.995238 0
vn 0.00025 1 0
vn 0.000252 1 -0
vn 0.000251 1 0
vn 0.130525 0.991445 0
vn 0.382687 0.923878 0
vn 0.608758 0.793356 0
vn 0.793354 0.60876 0
vn 0.923879 0.382685 0
vn 0.991445 0.130522 0
vn 0.991445 -0.130522 0
vn 0.923879 -0.382685 0
vn 0.793354 -0.608761 0
vn 0.608759 -0.793355 0
vn 0.382684 -0.923879 0
vn 0.991445 0.130524 0
vn 0.991445 -0.130524 0
vn 0.793353 -0.608762 0
vn 0.608762 -0.793353 0
vn 0.130525 -0.991445 0
vn -0.130526 -0.991445 0
vn -0.608762 -0.793353 0
vn -0.793353 -0.608762 0
vn -0.92388 -0.382682 0
vn -0.991445 -0.130527 0
vn -0.991445 0.130527 0
vn -0.92388 0.382682 0
vn -0.793353 0.608762 0
vn -0.608761 0.793354 0
vn -0.382683 0.92388 0
vn -0.130527 0.991445 0
vn 0.130527 0.991445 0
vn 0.382684 0.923879 0
vn 0.608761 0.793354 0
vn 0.793353 0.608762 0
vn 0.923879 0.382684 0
vn -0.981024 -0.193884 0
vn -0.902506 -0.430677 0
vn -0.767819 -0.640667 0
vn -0.585348 -0.810782 0
vn -0.366444 -0.93044 0
vn -0.124738 -0.99219 0
vn -0.124735 0.99219 0
vn -0.366444 0.93044 0
vn -0.585348 0.810782 0
vn -0.767819 0.640667 0
vn -0.902506 0.430677 0
vn -0.981025 0.193883 0
vn 0.981025 0.193883 0
vn 0.902507 0.430674 0
vn 0.767819 0.640667 0
vn 0.585347 0.810783 0
vn 0.366444 0.93044 0
vn 0.124736 0.99219 0
vn 0.124739 -0.99219 0
vn 0.366444 -0.93044 0
vn 0.585346 -0.810784 0
vn 0.767819 -0.640667 0
vn 0.902508 -0.430674 0
vn 0.981024 -0.193884 0
vn 0 -0.991445 0.130526
vn 0 -0.923879 0.382684
vn 0 -0.793354 0.608761
vn 0 -0.608761 0.793354
vn 0 -0.38268 0.923881
vn 0 -0.130528 0.991445
vn 0 0.130528 0.991445
vn 0 0.38268 0.923881
vn 0 0.60876 0.793354
vn 0 0.793355 0.608759
vn 0 0.923879 0.382684
vn 0 0.991445 0.130526
vn 0 0.991445 -0.130526
vn 0 0.92388 -0.382683
vn 0 0.793355 -0.608759
vn 0 0.60876 -0.793354
vn 0 0.382683 -0.92388
vn 0 0.130525 -0.991445
vn 0 -0.130525 -0.991445
vn 0 -0.382683 -0.92388
vn 0 -0.608761 -0.793354
vn 0 -0.793354 -0.608761
vn 0 -0.991445 -0.130526
vn 0.561053 0.825363 0.063207
vn 0.561055 0.806602 0.186041
vn 0.569665 0.765725 0.298574
vn 0.022844 0.749429 0.661691
vn 0.387951 0.734225 0.557142
vn 0.531975 0.631579 0.564013
vn 0.558594 0.62077 0.550107
vn 0.552856 0.626265 0.549674
vn 0.551644 0.656841 0.514052
vn 0.34227 0.557522 0.75632
vn 0.612461 0.646902 0.454323
vn 0.573469 0.718501 0.39356
vn 0.566626 0.723676 0.39399
vn 0.57374 0.62451 0.529915
vn 0.792432 0.544534 0.274833
vn 0.923572 0.339548 0.178107
vn 0.895988 0.395295 0.202352
vn 0.627752 0.579631 0.519572
vn 0.99041 0.133609 0.035175
vn 0.773525 0.516421 0.36738
vn 0.570244 0.632855 0.523752
vn 0.587782 0.696159 0.412159
vn 0.590444 0.704157 0.394383
vn 0.736068 0.633322 0.238971
vn 0.810671 0.525956 0.257258
vn 0.778502 0.546638 0.308418
vn 0.991494 0.111529 0.067091
vn 0.924596 0.306685 0.225979
vn 0.932262 0.293503 0.211529
vn 0.7945 0.523521 0.307726
vn 0.792419 0.608034 0.048647
vn 0.608344 0.792819 0.036818
vn 0.493112 0.869944 0.006174
vn 0.444865 0.86682 0.225209
vn 0.387719 0.783987 0.484808
vn 0.431854 0.761626 0.483144
vn 0.611386 0.681217 0.40268
vn 0.130075 0.987999 0.083292
vn 0.382309 0.922966 0.044422
vn 0.923789 0.382657 0.013664
vn 0.942042 0.335489 -0.001803
vn 0.991389 0.130514 0.010662
vn 0.476464 0.804893 0.353736
vn 0.923829 0.352963 0.14818
vn 0.966038 0.255531 0.038409
vn 0.616498 0.778467 0.117978
vn 0.526245 0.767131 0.366846
vn 0.973559 0.221817 0.054583
vn 0.954152 0.284915 0.091746
vn 0.130528 0.991445 0
vn 0.608757 0.793357 0
vn 0.793358 0.608755 0
vn 0.923876 0.382693 0
vn 0.991446 0.130521 0
vn 0.017182 0.991298 0.130509
vn 0.091878 0.97075 0.221816
vn 0.102858 0.965473 0.239336
vn 0.158828 0.965365 0.206988
vn 0.276309 0.93739 0.21202
vn 0.27631 0.93739 0.21202
vn 0.241043 0.965365 0.099845
vn 0.258672 0.965365 0.034053
vn 0.129127 0.980802 0.146126
vn 0.382202 0.922708 0.050316
vn 0.606812 0.790821 0.079886
vn 0.819247 0.499075 0.282416
vn 0.733905 0.563136 0.379818
vn 0.901137 0.373274 0.220494
vn 0.983106 0.129423 0.129429
vn 0.102005 0.919059 0.380691
vn 0.335555 0.906149 0.257481
vn 0.186156 0.694746 0.694748
vn 0.327821 0.496507 0.80375
vn 0.550095 0.495065 0.672537
vn -0.820066 0.554469 -0.141621
vn 0.850697 0.499075 0.165044
vn 0.794403 0.38266 0.471694
vn 0.854621 0.379885 0.353992
vn 0.126151 0.256754 0.958208
vn 0.33026 0.505191 0.797314
vn 0.588353 0.256751 0.766759
vn 0.766757 0.256751 0.588356
vn 0 0.991445 0.130528
vn 0 0.923878 0.382687
vn 0 0.793357 0.608757
vn 0 0.608755 0.793358
vn 0 0.130535 0.991444
vn -0.130509 0.991298 0.017181
vn -0.221827 0.970747 0.091885
vn -0.104433 0.991298 0.080134
vn -0.080134 0.991298 0.104432
vn -0.091882 0.970748 0.221824
vn -0.017182 0.991298 0.130509
vn -0.218973 0.901457 0.373399
vn -0.557521 0.658615 0.505367
vn -0.379818 0.563136 0.733905
vn -0.220485 0.373263 0.901144
vn -0.129429 0.129437 0.983104
vn -0.375778 0.9072 0.189151
vn -0.37862 0.919471 0.105925
vn -0.128023 0.915388 0.381673
vn -0.160689 0.927115 0.338579
vn -0.559807 0.729563 0.392879
vn -0.380687 0.919061 0.102005
vn -0.403051 0.821645 0.403051
vn -0.627211 0.461749 0.627211
vn -0.141718 0.511758 0.84736
vn -0.836419 0.482908 0.259235
vn -0.856786 0.461749 0.229575
vn -0.854621 0.379885 0.353992
vn -0.733878 0.379884 0.563127
vn -0.563125 0.379881 0.733881
vn -0.353998 0.379881 0.85462
vn -0.983106 0.129423 0.129429
vn -0.130528 0.991445 0
vn -0.382687 0.923878 0
vn -0.608757 0.793357 0
vn -0.793358 0.608755 0
vn -0.923876 0.382693 0
vn -0.991446 0.130521 0
vn -0.387732 0.783635 0.485367
vn -0.385653 0.846789 0.366362
vn -0.386158 0.893221 0.230299
vn -0.348341 0.911399 0.219111
vn -0.348369 0.933608 0.083752
vn -0.130527 0.991438 0.003538
vn -0.38205 0.922341 0.057667
vn -0.607296 0.791453 0.069233
vn -0.792797 0.608324 0.037626
vn -0.89742 0.440828 -0.017529
vn -0.900409 0.422387 0.104181
vn -0.991495 0.111479 0.067164
vn -0.972058 0.193083 0.133501
vn -0.904235 0.371579 0.210446
vn -0.907041 0.406955 0.108
vn -0.612418 0.641402 0.462112
vn -0.790426 0.430362 0.435908
vn -0.588602 0.686117 0.427541
vn -0.924271 0.328469 0.194501
vn -0.991389 0.130514 0.010636
vn -0.923865 0.382688 -0.004866
vn -0.972379 0.215298 0.090148
vn -0.585732 0.768541 0.257418
vn -0.535163 0.645057 0.545438
vn -0.517954 0.612879 0.596743
vn -0.51121 0.616866 0.598449
vn 0.317766 0.460483 0.828843
vn -0.387951 0.734225 0.557142
vn -0.612334 0.66006 0.435164
vn -0.762763 0.60235 0.2353
vn -0.561058 0.825364 0.063149
vn -0.561057 0.806647 0.185838
vn -0.570844 0.742613 0.350234
vn -0.342317 0.557626 0.756223
vn -0.99041 0.133609 0.035175
vn -0.923572 0.339549 0.178106
vn -0.791877 0.548612 0.268245
vn -0.589465 0.697215 0.407949
vn -0.590573 0.705166 0.392382
vn -0.481217 0.668562 0.56697
vn -0.590737 0.705036 0.392369
vn -0.716098 0.633016 0.294098
vn -0.765787 0.563868 0.309229
vn -0.566036 0.615882 0.54799
vn -0.849537 0.477655 0.223903
vn -0.850896 0.456427 0.260096
vn -0.576367 0.630661 0.51968
vn -0.873313 0.422233 0.24299
vn -0.561565 0.644449 0.51897
vn -0.489474 0.687918 0.535895
vn -0.280051 0.588138 0.758726
vn -0.380017 0.607503 0.697515
vn -0.351828 0.616172 0.704663
vn -0.520629 0.634399 0.571388
vn -0.587492 0.626543 0.51215
vn -0.548455 0.624825 0.555689
vn -0.587502 0.621774 0.517917
vn -0.345814 0.717951 0.604119
vn -0.370367 0.740301 0.561055
vn -0.281216 0.819674 0.499051
vn -0.12479 0.788484 0.602262
vn -0.122832 0.916975 0.379565
vn -0.027439 0.97079 0.238355
vn -0.047528 0.979603 0.195243
vn 0.000012 0.996731 0.080793
vn -0.01096 0.997782 0.065654
vn -0.118901 0.915952 0.383267
vn -0.18275 0.716834 0.672868
vn 0.241551 0.460632 0.854091
vn 0.186887 0.439933 0.878369
vn 0.147115 0.41071 0.899819
vn 0.112662 0.435543 0.89309
vn 0.127822 0.417173 0.899794
vn 0.132311 0.398662 0.907504
vn 0.098091 0.991722 0.082856
vn -0.083246 0.977319 0.194726
vn 0.010958 0.997783 0.065641
vn 0.027426 0.970931 0.237785
vn 0.123205 0.916979 0.379435
vn 0.122134 0.853446 0.506669
vn 0.364663 0.742205 0.562274
vn 0.341296 0.719043 0.605388
vn 0.117993 0.915617 0.384347
vn 0.587439 0.62656 0.51219
vn 0.520576 0.634398 0.571437
vn 0.345077 0.614886 0.70911
vn 0.377166 0.603724 0.702327
vn 0.282185 0.587884 0.758132
vn 0.588181 0.621779 0.517141
vn 0.549102 0.624871 0.554999
vn 0.179132 0.712628 0.678286
vn 0.233006 0.772968 0.590109
vn 0 0.524806 0.851222
vn 0 0 0
vn 0 0.417041 0.908888
vn -0.000006 0.418267 0.908324
vn 0 0.426565 0.904457
vn 0 0.526873 0.849944
vn 0 0.70241 0.711772
vn -0 0.702411 0.711772
vn -0 0.844199 0.53603
vn -0 0.942942 0.332956
vn -0 0.993606 0.112904
vn 0 0.993606 0.112904
vn 0.000145 0.524806 0.851222
vn -0.000116 0.526873 0.849944
vn 0.000116 0.702411 0.711772
vn -0.000087 0.703754 0.710444
vn 0.000087 0.844199 0.53603
vn -0.000058 0.844922 0.53489
vn 0.000058 0.942942 0.332956
vn -0.000029 0.943212 0.332191
vn 0.000029 0.993606 0.112904
vn 0 0.993636 0.112636
vn 0 0.703754 0.710444
vn 0 0.844922 0.53489
vn 0 0.943212 0.332191
vn 0.000002 0.416325 0.909216
vn -0.000003 0.39909 0.916912
vn 0.000001 0.397856 0.917448
vn -0.000001 0.379739 0.925094
vn 0 0.379321 0.925265
vn 0 0.416221 0.909264
vn -0.008912 0.418251 0.908288
vn 0.045353 0.379881 0.923923
vn 0.055028 0.39075 0.918851
vn 0.130516 0.435446 0.890703
vn 0.108132 0.417236 0.902342
vn 0.09469 0.398694 0.912183
vn 0.01772 0.37968 0.924948
vn 0.009147 0.399074 0.916873
vn -0.049965 0.415701 0.908128
vn -0.044908 0.397455 0.916522
vn -0.027235 0.356347 0.933957
vn -0.017701 0.379261 0.92512
vn -0.054714 0.388523 0.919813
vn -0.127779 0.433512 0.892043
vn -0.107089 0.416046 0.903016
vn -0.094594 0.39829 0.912369
vn -0.24107 0.459714 0.854721
vn -0.186031 0.437917 0.879557
vn -0.147423 0.40863 0.900715
vn -0.114693 0.433579 0.893787
vn -0.128321 0.415981 0.900274
vn -0.132177 0.39826 0.907699
vn -0.986118 0.103517 -0.129826
vn -0.931574 0.217814 -0.291079
vn -0.922842 0.313815 -0.223346
vn -0.827302 0.506908 -0.242108
vn -0.731584 0.663934 -0.154841
vn -0.056586 0.997581 -0.040364
vn -0.226404 0.963055 -0.145832
vn -0.700272 -0.138222 -0.700367
vn -0.071848 0.997145 -0.02324
vn -0.447709 0.892268 -0.058436
vn -0.223016 0.963262 -0.149633
vn -0.701031 -0.133023 -0.700614
vn -0.086199 0.996265 -0.005157
vn -0.242414 0.964943 -0.100597
vn -0.099575 0.994934 0.013809
vn -0.124367 0.990789 0.053567
vn -0.009458 0.958201 -0.285938
vn -0.068422 0.97259 -0.222232
vn 0.069179 0.988835 -0.131981
vn -0.13826 0.907904 -0.39572
vn -0.112935 0.898653 -0.423873
vn -0.101114 0.793248 -0.600445
vn -0.165652 0.498952 -0.850651
vn -0.274626 0.351134 -0.895146
vn -0.493728 0.157904 -0.85516
vn -0.269391 0.261011 -0.926985
vn -0.437527 0.321145 -0.839903
vn -0.129826 0.103517 -0.986118
vn -0.222841 0.671453 -0.706748
vn -0.856322 0.14928 -0.494397
vn -0.720784 0.230127 -0.653844
vn -0.671721 0.429188 -0.603812
vn -0.038486 0.997548 -0.05846
vn -0.017596 0.996908 -0.076588
vn 0.00407 0.99566 -0.092981
vn 0.026962 0.993782 -0.108032
vn -0.584149 0.78125 -0.220039
vn -0.558116 0.804312 -0.203934
vn -0.756077 0.577747 -0.307501
vn -0.855625 0.419048 -0.303815
vn -0.510166 0.8321 -0.21758
vn -0.223434 0.705754 -0.672301
vn -0.505506 0.500045 -0.703149
vn -0.376337 0.73134 -0.568781
vn -0.480808 0.661573 -0.575452
vn -0.291345 0.716866 -0.633421
vn -0.077982 0.973918 -0.213079
vn -0.369969 0.868455 -0.330013
vn -0.218857 0.915238 -0.338291
vn -0.259675 0.960498 -0.100062
vn -0.153371 0.975597 -0.157123
vn -0.700188 -0.13949 -0.700199
vn -0.098565 0.975713 -0.195627
vn -0.120299 0.976418 -0.179264
vn 0.566623 0.823977 0
vn 0.46441 0.88562 0
vn 0.608761 0.793353 -0.00107
vn 0.688742 0.725006 0.00036
vn 0.791908 0.61064 -0.000689
vn 0.793353 0.608762 -0.000752
vn 0.873117 0.48751 0.000315
vn 0.92388 0.382682 -0.000971
vn 0.930639 0.365938 -0.000563
vn 0.968019 0.250878 0.000195
vn 0.995134 0.098535 0
vn 0.991444 0.130527 -0.0008
vn 0.390992 0.920394 -0.00085
vn 0.382683 0.923879 -0.001038
vn 0.314992 0.949094 -0.000115
vn 0.231073 0.972936 0.000087
vn 0.139449 0.990229 -0.000816
vn 0.130526 0.991444 -0.001011
vn 0.046621 0.998913 0
vn 0.129428 0.129429 -0.983105
vn 0.129428 0.129429 -0.983106
vn 0.379465 0.129429 -0.916108
vn 0.379465 0.129428 -0.916109
vn 0.603641 0.129427 -0.786681
vn 0.603641 0.12943 -0.78668
vn 0.78668 0.12943 -0.603641
vn 0.78668 0.129428 -0.603642
vn 0.916109 0.129428 -0.379464
vn 0.916109 0.129429 -0.379464
vn 0.983106 0.129429 -0.129428
vn 0.91712 0.379884 -0.120741
vn 0.917121 0.379882 -0.120742
vn 0.789061 0.605467 -0.103882
vn 0.789061 0.605468 -0.103882
vn 0.606816 0.790817 -0.079889
vn 0.382199 0.922709 -0.050317
vn 0.382198 0.922709 -0.050317
vn 0.130506 0.991299 -0.017181
vn 0.120741 0.379882 -0.917121
vn 0.120742 0.379884 -0.91712
vn 0.353995 0.379884 -0.85462
vn 0.563125 0.379884 -0.733878
vn 0.563125 0.379881 -0.73388
vn 0.733879 0.379881 -0.563127
vn 0.733879 0.379885 -0.563125
vn 0.85462 0.379884 -0.353994
vn 0.85462 0.379884 -0.353995
vn 0.103882 0.605468 -0.789061
vn 0.103882 0.605467 -0.789061
vn 0.304567 0.605467 -0.735288
vn 0.304567 0.605468 -0.735288
vn 0.484494 0.605468 -0.631406
vn 0.631406 0.605468 -0.484494
vn 0.631406 0.605468 -0.484495
vn 0.735288 0.605468 -0.304566
vn 0.735288 0.605467 -0.304566
vn 0.079889 0.790817 -0.606816
vn 0.234223 0.790817 -0.565463
vn 0.372594 0.790817 -0.485574
vn 0.485574 0.790817 -0.372594
vn 0.485574 0.790818 -0.372594
vn 0.565462 0.790818 -0.234222
vn 0.565463 0.790817 -0.234222
vn 0.050317 0.922709 -0.382198
vn 0.050317 0.92271 -0.382198
vn 0.147523 0.92271 -0.356152
vn 0.147523 0.922709 -0.356152
vn 0.234675 0.922709 -0.305835
vn 0.305835 0.92271 -0.234675
vn 0.305835 0.922709 -0.234676
vn 0.356153 0.922709 -0.147524
vn 0.356153 0.922709 -0.147523
vn 0.017182 0.991299 -0.130506
vn 0.050374 0.991299 -0.121613
vn 0.050374 0.991299 -0.121612
vn 0.080133 0.991299 -0.104431
vn 0.104431 0.991299 -0.080133
vn 0.121612 0.991299 -0.050373
vn 0.121613 0.991299 -0.050374
vn 0 0.098017 -0.995185
vn 0.000524 0.130527 -0.991445
vn -0.00035 0.290335 -0.956925
vn 0.0007 0.382682 -0.92388
vn -0.000351 0.471468 -0.881883
vn 0.000527 0.608762 -0.793353
vn 0 0.634394 -0.77301
vn 0 0.77301 -0.634394
vn 0.000533 0.793353 -0.608762
vn -0.000357 0.881995 -0.471258
vn 0.000716 0.923879 -0.382683
vn -0.00036 0.95699 -0.29012
vn 0.000541 0.991445 -0.130526
vn 0 0.995185 -0.098017
vn -0.46441 0.88562 0
vn -0.464005 0.885832 -0.000324
vn -0.471229 0.882011 -0.000433
vn -0.390992 0.920394 0.000079
vn -0.314992 0.949094 -0.000179
vn -0.290067 0.957006 -0.000476
vn -0.231073 0.972936 0.000041
vn -0.13945 0.990229 -0.000051
vn -0.046621 0.998913 0
vn -0.097774 0.995209 -0.00049
vn -0.566601 0.823992 0.000304
vn -0.63425 0.773128 -0.000481
vn -0.688728 0.72502 0.000275
vn -0.772936 0.634484 -0.000369
vn -0.791815 0.61076 0.000063
vn -0.87319 0.48738 -0.000064
vn -0.881883 0.471468 -0.000333
vn -0.930494 0.366306 0.000177
vn -0.956921 0.290347 -0.000461
vn -0.968045 0.250775 -0.000006
vn -0.995133 0.098545 0.00001
vn -0.995185 0.098017 0
vn -0.991445 0 -0.130527
vn -0.923881 0 -0.38268
vn -0.793352 0 -0.608763
vn -0.60876 0 -0.793354
vn -0.382685 0 -0.923879
vn 0.17357 0.008283 -0.984787
vn 0.138725 0.015584 -0.990208
vn 0.130504 0.018308 -0.991279
vn 0.083412 0.006781 -0.996492
vn 0.027835 0 -0.999613
vn 0.245884 0 -0.969299
vn 0.237437 -0.000465 -0.971403
vn 0.231949 -0.00079 -0.972728
vn 0.226573 -0.001163 -0.973994
vn 0.219411 -0.001775 -0.975631
vn 0.210308 -0.002741 -0.977631
vn 0.199654 -0.004139 -0.979858
vn 0.186925 -0.006179 -0.982355
vn 0.173611 -0.008725 -0.984776
vn 0.138719 -0.016433 -0.990195
vn 0.130502 -0.019303 -0.99126
vn 0.08341 -0.007149 -0.99649
vn 0.237304 0.000451 -0.971435
vn 0.231852 0.000759 -0.972751
vn 0.226486 0.001114 -0.974014
vn 0.219321 0.001696 -0.975651
vn 0.21021 0.002615 -0.977653
vn 0.199554 0.003943 -0.979879
vn 0.186838 0.005877 -0.982373
vn 0 -0.130536 0.991444
vn 0 -0.608756 0.793358
vn 0 -0.793356 0.608759
vn 0 -0.923878 0.382686
vn 0 -0.991445 0.130525
vn 0.130506 -0.991299 0.017181
vn 0.235093 -0.966516 0.102849
vn 0.24104 -0.965366 0.099844
vn 0.080133 -0.991299 0.104431
vn 0.050373 -0.991299 0.121613
vn 0.031338 -0.970752 0.238031
vn 0.034953 -0.990839 0.130446
vn 0.132788 -0.858357 0.495571
vn 0.161611 -0.911734 0.377655
vn 0.229575 -0.46175 0.856786
vn 0.379818 -0.563136 0.733904
vn 0.220484 -0.373262 0.901145
vn 0.129429 -0.129438 0.983104
vn 0.38069 -0.919059 0.102005
vn 0.206615 -0.966517 0.15217
vn 0.334849 -0.861736 0.381164
vn 0.600818 -0.783007 0.160988
vn 0.466165 -0.7594 0.453874
vn 0.812664 -0.495068 0.307385
vn 0.798015 -0.497279 0.34042
vn 0.836419 -0.482908 0.259235
vn 0.78466 -0.527896 0.325014
vn 0.471695 -0.382656 0.794404
vn 0.353998 -0.379881 0.85462
vn 0.983106 -0.129423 0.129429
vn 0.766757 -0.256751 0.588356
vn 0.588353 -0.256751 0.766759
vn 0.382686 -0.923878 0
vn 0.608759 -0.793356 0
vn 0.793358 -0.608756 0
vn 0.923876 -0.382692 0
vn 0.991446 -0.130521 0
vn 0.017181 -0.991299 -0.130506
vn 0.04298 -0.965628 -0.256351
vn 0.130506 -0.991299 -0.017181
vn 0.377752 -0.923404 -0.068031
vn 0.381801 -0.921742 -0.067974
vn 0.606813 -0.79082 -0.079889
vn 0.789065 -0.605462 -0.103883
vn 0.914396 -0.380628 -0.137848
vn 0.915074 -0.379046 -0.13771
vn 0.983106 -0.129423 -0.129428
vn 0.050318 -0.922708 -0.382201
vn 0.234675 -0.922709 -0.305835
vn 0.305835 -0.922709 -0.234675
vn 0.356154 -0.922709 -0.147524
vn 0.079888 -0.79082 -0.606813
vn 0.163216 -0.923396 -0.34742
vn 0.234675 -0.92271 -0.305834
vn 0.412898 -0.865348 -0.284056
vn 0.452449 -0.865348 -0.215553
vn 0.121544 -0.604243 -0.787476
vn 0.147187 -0.49844 -0.854338
vn 0.307739 -0.498086 -0.810683
vn 0.137709 -0.379034 -0.915079
vn 0.353996 -0.379881 -0.854621
vn 0.563126 -0.379881 -0.73388
vn 0.563125 -0.379885 -0.733879
vn 0.722965 -0.380629 -0.576578
vn 0.860814 -0.380629 -0.337817
vn 0.129428 -0.129438 -0.983104
vn 0.766757 -0.256753 -0.588354
vn 0.892908 -0.256755 -0.369854
vn 0 -0.991445 -0.130525
vn 0 -0.923878 -0.382686
vn 0 -0.793356 -0.608759
vn 0 -0.608756 -0.793358
vn 0 -0.38268 -0.923881
vn 0 -0.130536 -0.991444
vn -0.130506 -0.991299 -0.017181
vn -0.221822 -0.970748 -0.091883
vn -0.130446 -0.990839 -0.034953
vn -0.104431 -0.991299 -0.080133
vn -0.146156 -0.970751 -0.190473
vn -0.413395 -0.562511 -0.716021
vn -0.091876 -0.970752 -0.221811
vn -0.017182 -0.991299 -0.130506
vn -0.161611 -0.911734 -0.377655
vn -0.160989 -0.783007 -0.600818
vn -0.207933 -0.59545 -0.776017
vn -0.271803 -0.435482 -0.858183
vn -0.220484 -0.373262 -0.901145
vn -0.129429 -0.129438 -0.983104
vn -0.495572 -0.858356 -0.132788
vn -0.495571 -0.858357 -0.132788
vn -0.27735 -0.832051 -0.480384
vn -0.197815 -0.960072 -0.197815
vn -0.836419 -0.482908 -0.259235
vn -0.856786 -0.46175 -0.229575
vn -0.854621 -0.379885 -0.353992
vn -0.733877 -0.379885 -0.563127
vn -0.627211 -0.46175 -0.627211
vn -0.563125 -0.379881 -0.733881
vn -0.353998 -0.379881 -0.85462
vn -0.983106 -0.129423 -0.129429
vn -0.130525 -0.991445 0
vn -0.382686 -0.923878 0
vn -0.608759 -0.793356 0
vn -0.793358 -0.608756 0
vn -0.923876 -0.382692 0
vn -0.991446 -0.130521 0
vn -0.017182 -0.991299 0.130506
vn -0.091876 -0.970752 0.221811
vn -0.102858 -0.965474 0.239334
vn -0.158827 -0.965365 0.206986
vn -0.276307 -0.937391 0.212019
vn -0.221822 -0.970748 0.091883
vn -0.130506 -0.991299 0.017181
vn -0.38069 -0.919059 0.102005
vn -0.694748 -0.694746 0.186156
vn -0.901138 -0.373273 0.220494
vn -0.983106 -0.129423 0.129429
vn -0.099406 -0.861736 0.497523
vn -0.189015 -0.963611 0.189015
vn -0.239334 -0.965474 0.102858
vn -0.455768 -0.764559 0.455768
vn -0.321331 -0.457125 0.829327
vn -0.798015 -0.497279 0.34042
vn -0.803749 -0.496509 0.32782
vn -0.259229 -0.482903 0.836424
vn -0.317295 -0.522762 0.791229
vn -0.330262 -0.505186 0.797317
vn -0.797318 -0.505187 0.330257
vn -0.129429 -0.129438 0.983104
vn -0.766757 -0.256751 0.588356
vn -0.793352 0 0.608763
vn -0.923881 0 0.38268
vn -0.991445 0 0.130527
vn -0.11386 -0.993497 0
vn -0.335731 -0.941958 0
vn -0.540131 -0.841581 0
vn -0.716546 -0.697539 0
vn -0.855802 -0.517304 0
vn -0.950647 -0.310276 0
vn -0.014989 -0.993384 0.113855
vn -0.113847 -0.993385 0.014989
vn -0.33485 -0.939488 0.072377
vn -0.605598 -0.774441 0.183007
vn -0.528167 -0.822939 0.209309
vn -0.706677 -0.687932 0.1654
vn -0.847818 -0.512478 0.136272
vn -0.943287 -0.307874 0.124189
vn -0.072368 -0.939496 0.334829
vn -0.152913 -0.831664 0.533809
vn -0.587324 -0.771926 0.243272
vn -0.24909 -0.675586 0.693929
vn -0.386996 -0.771924 0.504349
vn -0.504345 -0.771925 0.386999
vn -0.350919 -0.484407 0.801378
vn -0.141124 -0.774386 0.616774
vn -0.243279 -0.771925 0.587322
vn -0.243273 -0.771929 0.587319
vn -0.386997 -0.771929 0.504341
vn -0.587325 -0.771925 0.243274
vn -0.124188 -0.307874 0.943287
vn -0.124185 -0.307882 -0.943285
vn -0.943287 -0.307874 -0.124188
vn -0.847818 -0.512478 -0.136272
vn -0.606847 -0.774505 -0.178545
vn -0.693957 -0.675549 -0.249115
vn -0.53378 -0.831685 -0.152902
vn -0.33485 -0.939488 -0.072376
vn -0.113847 -0.993385 -0.014989
vn -0.136269 -0.512485 -0.847815
vn -0.165396 -0.687937 -0.706673
vn -0.386995 -0.771927 -0.504344
vn -0.504344 -0.771927 -0.386996
vn -0.504345 -0.771925 -0.387
vn -0.587324 -0.771924 -0.243275
vn -0.587324 -0.771926 -0.243273
vn -0.209304 -0.822938 -0.528171
vn -0.243277 -0.771925 -0.587322
vn -0.386998 -0.771925 -0.504345
vn -0.264409 -0.908436 -0.323777
vn -0.146596 -0.774476 -0.615383
vn -0.243277 -0.771926 -0.587322
vn -0.014989 -0.993385 -0.113851
vn 0 -0.993496 0.113867
vn 0 -0.941965 0.33571
vn 0 -0.841561 0.540161
vn 0 -0.697574 0.716513
vn 0 -0.517304 0.855802
vn 0 -0.310276 0.950647
vn 0 -0.310283 -0.950644
vn 0 -0.51731 -0.855798
vn 0 -0.697544 -0.716542
vn 0 -0.841579 -0.540135
vn 0 -0.94196 -0.335726
vn 0 -0.993496 -0.113864
vn 0.113847 -0.993385 0.014989
vn 0.014989 -0.993384 0.113855
vn 0.146595 -0.774476 0.615384
vn 0.264414 -0.90844 0.323762
vn 0.209298 -0.822922 0.528198
vn 0.165404 -0.687965 0.706644
vn 0.136271 -0.512478 0.847818
vn 0.124188 -0.307874 0.943287
vn 0.33485 -0.939488 0.072377
vn 0.243279 -0.771925 0.587322
vn 0.53378 -0.831685 0.152902
vn 0.693956 -0.675549 0.249116
vn 0.606847 -0.774505 0.178546
vn 0.587324 -0.771926 0.243272
vn 0.587325 -0.771925 0.243274
vn 0.504345 -0.771925 0.386999
vn 0.386992 -0.771929 0.504343
vn 0.243273 -0.771929 0.587319
vn 0.847818 -0.512478 0.136272
vn 0.387 -0.771924 0.504345
vn 0.943287 -0.307874 0.124189
vn 0.943287 -0.307874 -0.124188
vn 0.124185 -0.307882 -0.943285
vn 0.136269 -0.512485 -0.847815
vn 0.165396 -0.687937 -0.706673
vn 0.193098 -0.774236 -0.60272
vn 0.1529 -0.831683 -0.533784
vn 0.072372 -0.93949 -0.334845
vn 0.014989 -0.993385 -0.113851
vn 0.847818 -0.512478 -0.136272
vn 0.504344 -0.771927 -0.386996
vn 0.386995 -0.771927 -0.504344
vn 0.706677 -0.687932 -0.165399
vn 0.602719 -0.774236 -0.193102
vn 0.587323 -0.771926 -0.243274
vn 0.53378 -0.831685 -0.152902
vn 0.587325 -0.771924 -0.243274
vn 0.504345 -0.771925 -0.387
vn 0.386998 -0.771925 -0.504345
vn 0.243277 -0.771925 -0.587322
vn 0.243277 -0.771926 -0.587322
vn 0.33485 -0.939488 -0.072376
vn 0.113847 -0.993385 -0.014989
vn 0.11386 -0.993497 0
vn 0.335731 -0.941958 0
vn 0.540131 -0.841581 0
vn 0.716546 -0.697539 0
vn 0.855802 -0.517304 0
vn 0.950647 -0.310276 0
vn 0.991445 0 0.130527
vn 0.923881 0 0.38268
vn 0.793352 0 0.608763
vn 0.60876 0 0.793354
vn 0.130527 0 0.991445
usemtl miyoo_back
f 1/1/1 2/2/1 3/3/1
f 3/3/2 2/2/2 4/4/2
f 3/3/3 4/4/3 5/5/3
f 5/5/4 4/4/4 6/6/4
f 5/5/5 6/6/5 7/7/5
f 7/7/6 6/6/6 8/8/6
usemtl miyoo_shell
f 7/7/7 8/8/7 9/9/7
f 9/9/7 8/8/7 10/10/7
f 9/9/8 10/10/8 11/11/8
f 11/11/9 10/10/9 12/12/9
f 11/11/10 12/12/10 13/13/10
f 13/13/11 12/12/11 14/14/11
f 15/15/12 16/16/12 13/17/12
f 13/17/13 16/16/13 11/18/13
f 11/18/14 16/16/14 17/19/14
f 11/18/15 17/19/15 9/20/15
f 9/20/16 17/19/16 18/21/16
f 9/20/17 18/21/17 7/22/17
f 7/22/18 18/21/18 19/23/18
f 7/22/19 19/23/19 20/24/19
f 7/22/20 20/24/20 5/25/20
f 5/25/21 20/24/21 21/26/21
f 5/25/22 21/26/22 3/27/22
f 3/27/23 21/26/23 22/28/23
f 3/27/24 22/28/24 23/29/24
f 23/29/25 24/30/25 3/27/25
f 3/27/26 24/30/26 1/31/26
f 1/31/27 24/30/27 25/32/27
usemtl miyoo_back
f 2/33/28 1/34/28 26/35/28
f 26/35/28 1/34/28 27/36/28
usemtl miyoo_shell
f 25/37/29 28/38/29 1/39/29
f 1/39/29 28/38/29 27/40/29
f 24/41/30 23/42/30 25/43/30
f 25/43/30 23/42/30 29/44/30
f 25/43/30 29/44/30 30/45/30
f 23/42/30 22/46/30 29/44/30
f 29/44/30 22/46/30 31/47/30
f 31/47/30 22/46/30 21/48/30
f 31/47/30 21/48/30 32/49/30
f 32/49/30 21/48/30 20/50/30
f 32/49/30 20/50/30 33/51/30
f 33/51/30 20/50/30 19/52/30
f 34/53/30 28/54/30 30/45/30
f 30/45/30 28/54/30 25/43/30
f 35/55/31 36/56/31 37/57/31
f 37/57/31 36/56/31 38/58/31
f 38/58/32 36/56/32 39/59/32
f 38/58/33 39/59/33 40/60/33
f 40/60/34 39/59/34 41/61/34
f 40/60/34 41/61/34 42/62/34
usemtl miyoo_back
f 42/62/35 41/61/35 43/63/35
f 42/62/36 43/63/36 44/64/36
f 44/64/37 43/63/37 45/65/37
f 44/64/38 45/65/38 46/66/38
f 46/66/39 45/65/39 26/67/39
f 46/66/40 26/67/40 27/68/40
usemtl miyoo_shell
f 28/69/41 34/70/41 27/71/41
f 27/71/42 34/70/42 46/72/42
f 46/72/43 34/70/43 30/73/43
f 46/72/44 30/73/44 29/74/44
f 29/74/45 31/75/45 46/72/45
f 46/72/46 31/75/46 44/76/46
f 44/76/47 31/75/47 32/77/47
f 44/76/48 32/77/48 42/78/48
f 42/78/49 32/77/49 33/79/49
f 42/78/50 33/79/50 47/80/50
f 42/78/51 47/80/51 40/81/51
f 40/81/52 47/80/52 48/82/52
f 40/81/53 48/82/53 38/83/53
f 38/83/54 48/82/54 49/84/54
f 38/83/55 49/84/55 37/85/55
f 37/85/56 49/84/56 50/86/56
f 12/87/57 51/88/57 14/89/57
f 14/89/57 51/88/57 52/90/57
f 14/89/57 52/90/57 53/91/57
f 12/87/57 10/92/57 51/88/57
f 51/88/57 10/92/57 39/93/57
f 51/88/57 39/93/57 36/94/57
f 39/93/57 10/92/57 41/95/57
f 41/95/57 10/92/57 8/96/57
f 41/95/57 8/96/57 26/97/57
f 26/97/57 8/96/57 2/98/57
f 2/98/57 8/96/57 6/99/57
f 2/98/57 6/99/57 4/100/57
f 45/101/57 43/102/57 26/97/57
f 26/97/57 43/102/57 41/95/57
f 36/94/57 35/103/57 51/88/57
f 51/88/57 35/103/57 54/104/57
f 35/105/58 37/106/58 54/107/58
f 54/107/58 37/106/58 55/108/58
f 55/108/58 37/106/58 56/109/58
f 56/109/58 37/106/58 57/110/58
f 57/110/58 37/106/58 58/111/58
f 58/111/58 37/106/58 59/112/58
f 59/112/58 37/106/58 50/113/58
usemtl miyoo_back
f 60/114/1 61/115/1 62/116/1
f 62/116/2 61/115/2 63/117/2
f 62/116/3 63/117/3 64/118/3
f 64/118/4 63/117/4 65/119/4
f 64/118/5 65/119/5 66/120/5
f 66/120/6 65/119/6 67/121/6
usemtl miyoo_shell
f 66/120/7 67/121/7 68/122/7
f 68/122/7 67/121/7 69/123/7
f 68/122/59 69/123/59 70/124/59
f 70/124/60 69/123/60 71/125/60
f 70/124/61 71/125/61 72/126/61
f 72/126/61 71/125/61 73/127/61
f 74/128/62 75/129/62 72/130/62
f 72/130/63 75/129/63 70/131/63
f 70/131/14 75/129/14 76/132/14
f 70/131/64 76/132/64 68/133/64
f 68/133/16 76/132/16 77/134/16
f 68/133/17 77/134/17 66/135/17
f 66/135/65 77/134/65 78/136/65
f 66/135/19 78/136/19 79/137/19
f 66/135/20 79/137/20 64/138/20
f 64/138/21 79/137/21 80/139/21
f 64/138/22 80/139/22 62/140/22
f 62/140/66 80/139/66 81/141/66
f 62/140/24 81/141/24 82/142/24
f 82/142/67 83/143/67 62/140/67
f 62/140/26 83/143/26 60/144/26
f 60/144/68 83/143/68 84/145/68
f 71/146/57 85/147/57 73/148/57
f 73/148/57 85/147/57 86/149/57
f 73/148/57 86/149/57 87/150/57
f 87/150/57 86/149/57 88/151/57
f 85/147/57 71/146/57 89/152/57
f 89/152/57 71/146/57 69/153/57
f 89/152/57 69/153/57 90/154/57
f 90/154/57 69/153/57 67/155/57
f 90/154/57 67/155/57 91/156/57
f 91/156/57 67/155/57 65/157/57
f 91/156/57 65/157/57 92/158/57
f 92/158/57 65/157/57 61/159/57
f 61/159/57 65/157/57 63/160/57
f 92/158/57 93/161/57 91/156/57
usemtl miyoo_back
f 61/162/28 60/163/28 92/164/28
f 92/164/28 60/163/28 94/165/28
usemtl miyoo_shell
f 84/166/29 95/167/29 60/168/29
f 60/168/29 95/167/29 94/169/29
f 83/170/30 82/171/30 84/172/30
f 84/172/30 82/171/30 96/173/30
f 84/172/30 96/173/30 97/174/30
f 82/171/30 81/175/30 96/173/30
f 96/173/30 81/175/30 98/176/30
f 98/176/30 81/175/30 80/177/30
f 98/176/30 80/177/30 99/178/30
f 99/178/30 80/177/30 79/179/30
f 99/178/30 79/179/30 100/180/30
f 100/180/30 79/179/30 78/181/30
f 101/182/30 95/183/30 97/174/30
f 97/174/30 95/183/30 84/172/30
f 86/184/69 85/185/69 102/186/69
f 102/186/69 85/185/69 103/187/69
f 103/187/70 85/185/70 89/188/70
f 103/187/71 89/188/71 104/189/71
f 104/189/72 89/188/72 90/190/72
f 104/189/72 90/190/72 105/191/72
usemtl miyoo_back
f 105/191/73 90/190/73 91/192/73
f 105/191/74 91/192/74 106/193/74
f 106/193/75 91/192/75 93/194/75
f 106/193/76 93/194/76 107/195/76
f 107/195/39 93/194/39 92/196/39
f 107/195/77 92/196/77 94/197/77
usemtl miyoo_shell
f 95/198/41 101/199/41 94/200/41
f 94/200/78 101/199/78 107/201/78
f 107/201/79 101/199/79 97/202/79
f 107/201/44 97/202/44 96/203/44
f 96/203/45 98/204/45 107/201/45
f 107/201/80 98/204/80 106/205/80
f 106/205/47 98/204/47 99/206/47
f 106/205/81 99/206/81 105/207/81
f 105/207/82 99/206/82 100/208/82
f 105/207/83 100/208/83 108/209/83
f 105/207/84 108/209/84 104/210/84
f 104/210/85 108/209/85 109/211/85
f 104/210/86 109/211/86 103/212/86
f 103/212/87 109/211/87 110/213/87
f 103/212/88 110/213/88 102/214/88
f 102/214/56 110/213/56 111/215/56
f 86/216/58 102/217/58 88/218/58
f 88/218/58 102/217/58 112/219/58
f 112/219/58 102/217/58 113/220/58
f 113/220/58 102/217/58 114/221/58
f 114/221/58 102/217/58 115/222/58
f 115/222/58 102/217/58 116/223/58
f 116/223/58 102/217/58 111/224/58
usemtl miyoo_back
f 117/225/89 118/226/89 119/227/89
f 119/227/90 118/226/90 120/228/90
f 119/227/3 120/228/3 121/229/3
f 121/229/3 120/228/3 122/230/3
f 121/229/6 122/230/6 123/231/6
f 123/231/91 122/230/91 124/232/91
usemtl miyoo_shell
f 123/231/92 124/232/92 125/233/92
f 125/233/92 124/232/92 126/234/92
f 125/233/93 126/234/93 127/235/93
f 127/235/9 126/234/9 128/236/9
f 127/235/94 128/236/94 129/237/94
f 129/237/95 128/236/95 130/238/95
f 131/239/96 132/240/96 129/241/96
f 129/241/97 132/240/97 127/242/97
f 127/242/98 132/240/98 133/243/98
f 127/242/99 133/243/99 125/244/99
f 125/244/100 133/243/100 134/245/100
f 125/244/101 134/245/101 123/246/101
f 123/246/102 134/245/102 135/247/102
f 123/246/103 135/247/103 136/248/103
f 123/246/104 136/248/104 121/249/104
f 121/249/105 136/248/105 137/250/105
f 121/249/106 137/250/106 119/251/106
f 119/251/107 137/250/107 138/252/107
f 119/251/108 138/252/108 139/253/108
f 139/253/109 140/254/109 119/251/109
f 119/251/110 140/254/110 117/255/110
f 117/255/111 140/254/111 141/256/111
f 128/257/57 142/258/57 130/259/57
f 130/259/57 142/258/57 143/260/57
f 130/259/57 143/260/57 144/261/57
f 144/261/57 143/260/57 145/262/57
f 142/258/57 128/257/57 146/263/57
f 146/263/57 128/257/57 126/264/57
f 146/263/57 126/264/57 147/265/57
f 147/265/57 126/264/57 124/266/57
f 147/265/57 124/266/57 148/267/57
f 148/267/57 124/266/57 122/268/57
f 148/267/57 122/268/57 149/269/57
f 149/269/57 122/268/57 118/270/57
f 118/270/57 122/268/57 120/271/57
f 149/269/57 150/272/57 148/267/57
usemtl miyoo_back
f 118/273/28 117/274/28 149/275/28
f 149/275/28 117/274/28 151/276/28
usemtl miyoo_shell
f 141/277/29 152/278/29 117/279/29
f 117/279/29 152/278/29 151/280/29
f 140/281/30 139/282/30 141/283/30
f 141/283/30 139/282/30 153/284/30
f 141/283/30 153/284/30 154/285/30
f 139/282/30 138/286/30 153/284/30
f 153/284/30 138/286/30 155/287/30
f 155/287/30 138/286/30 137/288/30
f 155/287/30 137/288/30 156/289/30
f 156/289/30 137/288/30 136/290/30
f 156/289/30 136/290/30 157/291/30
f 157/291/30 136/290/30 135/292/30
f 158/293/30 152/294/30 154/285/30
f 154/285/30 152/294/30 141/283/30
f 143/295/31 142/296/31 159/297/31
f 159/297/31 142/296/31 160/298/31
f 160/298/70 142/296/70 146/299/70
f 160/298/33 146/299/33 161/300/33
f 161/300/112 146/299/112 147/301/112
f 161/300/113 147/301/113 162/302/113
usemtl miyoo_back
f 162/302/114 147/301/114 148/303/114
f 162/302/36 148/303/36 163/304/36
f 163/304/76 148/303/76 150/305/76
f 163/304/76 150/305/76 164/306/76
f 164/306/115 150/305/115 149/307/115
f 164/306/116 149/307/116 151/308/116
usemtl miyoo_shell
f 152/309/117 158/310/117 151/311/117
f 151/311/118 158/310/118 164/312/118
f 164/312/119 158/310/119 154/313/119
f 164/312/120 154/313/120 153/314/120
f 153/314/121 155/315/121 164/312/121
f 164/312/122 155/315/122 163/316/122
f 163/316/123 155/315/123 156/317/123
f 163/316/124 156/317/124 162/318/124
f 162/318/125 156/317/125 157/319/125
f 162/318/126 157/319/126 165/320/126
f 162/318/127 165/320/127 161/321/127
f 161/321/128 165/320/128 166/322/128
f 161/321/129 166/322/129 160/323/129
f 160/323/130 166/322/130 167/324/130
f 160/323/131 167/324/131 159/325/131
f 159/325/132 167/324/132 168/326/132
f 143/327/58 159/328/58 145/329/58
f 145/329/58 159/328/58 169/330/58
f 169/330/58 159/328/58 170/331/58
f 170/331/58 159/328/58 171/332/58
f 171/332/58 159/328/58 172/333/58
f 172/333/58 159/328/58 173/334/58
f 173/334/58 159/328/58 168/335/58
usemtl miyoo_back
f 174/336/89 175/337/89 176/338/89
f 176/338/89 175/337/89 177/339/89
f 176/338/133 177/339/133 178/340/133
f 178/340/133 177/339/133 179/341/133
f 178/340/91 179/341/91 180/342/91
f 180/342/134 179/341/134 181/343/134
usemtl miyoo_shell
f 180/342/135 181/343/135 182/344/135
f 182/344/136 181/343/136 183/345/136
f 182/344/59 183/345/59 184/346/59
f 184/346/137 183/345/137 185/347/137
f 184/346/61 185/347/61 186/348/61
f 186/348/61 185/347/61 187/349/61
f 188/350/96 189/351/96 186/352/96
f 186/352/138 189/351/138 184/353/138
f 184/353/139 189/351/139 190/354/139
f 184/353/140 190/354/140 182/355/140
f 182/355/141 190/354/141 191/356/141
f 182/355/142 191/356/142 180/357/142
f 180/357/102 191/356/102 192/358/102
f 180/357/103 192/358/103 193/359/103
f 180/357/143 193/359/143 178/360/143
f 178/360/105 193/359/105 194/361/105
f 178/360/144 194/361/144 176/362/144
f 176/362/145 194/361/145 195/363/145
f 176/362/146 195/363/146 196/364/146
f 196/364/109 197/365/109 176/362/109
f 176/362/147 197/365/147 174/366/147
f 174/366/111 197/365/111 198/367/111
f 199/368/57 187/369/57 200/370/57
f 200/370/57 187/369/57 185/371/57
f 200/370/57 185/371/57 183/372/57
f 181/373/57 201/374/57 183/372/57
f 183/372/57 201/374/57 202/375/57
f 183/372/57 202/375/57 200/370/57
f 200/370/57 202/375/57 203/376/57
f 200/370/57 203/376/57 204/377/57
f 179/378/57 175/379/57 181/373/57
f 181/373/57 175/379/57 205/380/57
f 181/373/57 205/380/57 201/374/57
f 201/374/57 205/380/57 206/381/57
f 206/381/57 205/380/57 207/382/57
f 179/378/57 177/383/57 175/379/57
f 208/384/57 209/385/57 204/377/57
f 204/377/57 209/385/57 200/370/57
usemtl miyoo_back
f 175/386/28 174/387/28 205/388/28
f 205/388/28 174/387/28 210/389/28
usemtl miyoo_shell
f 198/390/29 211/391/29 174/392/29
f 174/392/29 211/391/29 210/393/29
f 197/394/30 196/395/30 198/396/30
f 198/396/30 196/395/30 212/397/30
f 198/396/30 212/397/30 213/398/30
f 196/395/30 195/399/30 212/397/30
f 212/397/30 195/399/30 214/400/30
f 214/400/30 195/399/30 194/401/30
f 214/400/30 194/401/30 215/402/30
f 215/402/30 194/401/30 193/403/30
f 215/402/30 193/403/30 216/404/30
f 216/404/30 193/403/30 192/405/30
f 217/406/30 211/407/30 213/398/30
f 213/398/30 211/407/30 198/396/30
f 204/408/148 203/409/148 218/410/148
f 218/410/148 203/409/148 219/411/148
f 219/411/149 203/409/149 202/412/149
f 219/411/150 202/412/150 220/413/150
f 220/413/112 202/412/112 201/414/112
f 220/413/113 201/414/113 221/415/113
usemtl miyoo_back
f 221/415/114 201/414/114 206/416/114
f 221/415/36 206/416/36 222/417/36
f 222/417/76 206/416/76 207/418/76
f 222/417/76 207/418/76 223/419/76
f 223/419/115 207/418/115 205/420/115
f 223/419/116 205/420/116 210/421/116
usemtl miyoo_shell
f 211/422/117 217/423/117 210/424/117
f 210/424/118 217/423/118 223/425/118
f 223/425/151 217/423/151 213/426/151
f 223/425/152 213/426/152 212/427/152
f 212/427/153 214/428/153 223/425/153
f 223/425/122 214/428/122 222/429/122
f 222/429/123 214/428/123 215/430/123
f 222/429/124 215/430/124 221/431/124
f 221/431/154 215/430/154 216/432/154
f 221/431/155 216/432/155 224/433/155
f 221/431/156 224/433/156 220/434/156
f 220/434/157 224/433/157 225/435/157
f 220/434/158 225/435/158 219/436/158
f 219/436/130 225/435/130 226/437/130
f 219/436/159 226/437/159 218/438/159
f 218/438/160 226/437/160 227/439/160
f 208/440/58 204/441/58 228/442/58
f 228/442/58 204/441/58 218/443/58
f 228/442/58 218/443/58 229/444/58
f 229/444/58 218/443/58 230/445/58
f 230/445/58 218/443/58 231/446/58
f 231/446/58 218/443/58 232/447/58
f 232/447/58 218/443/58 233/448/58
f 233/448/58 218/443/58 227/449/58
f 228/442/58 234/450/58 208/440/58
f 208/440/58 234/450/58 235/451/58
f 235/451/58 234/450/58 236/452/58
f 235/451/58 236/452/58 237/453/58
f 237/453/58 238/454/58 235/451/58
f 235/451/58 238/454/58 239/455/58
f 235/451/58 239/455/58 240/456/58
f 241/457/161 242/458/161 243/459/161
f 244/460/162 245/461/162 246/462/162
f 244/460/163 246/462/163 247/463/163
f 247/463/30 246/462/30 248/464/30
usemtl miyoo_front
f 249/465/164 250/466/164 251/467/164
usemtl miyoo_shell
f 242/458/165 252/468/165 243/459/165
usemtl miyoo_front
f 253/469/166 243/459/166 254/470/166
f 254/470/166 243/459/166 245/461/166
usemtl miyoo_shell
f 243/459/167 252/468/167 255/471/167
f 243/459/168 255/471/168 245/461/168
f 245/461/169 255/471/169 246/462/169
f 246/462/170 255/471/170 256/472/170
usemtl miyoo_front
f 256/472/171 255/471/171 257/473/171
f 257/473/172 255/471/172 249/465/172
f 252/468/173 258/474/173 255/471/173
f 255/471/174 258/474/174 259/475/174
f 255/471/175 259/475/175 260/476/175
f 255/471/176 260/476/176 261/477/176
f 255/471/177 261/477/177 262/478/177
f 255/471/178 262/478/178 249/465/178
f 249/465/179 262/478/179 250/466/179
f 251/479/180 263/480/180 249/481/180
f 249/481/180 263/480/180 264/482/180
f 249/481/181 264/482/181 257/483/181
f 257/483/181 264/482/181 265/484/181
f 257/483/182 265/484/182 256/485/182
f 256/485/182 265/484/182 266/486/182
usemtl miyoo_shell
f 256/485/183 266/486/183 246/487/183
f 246/487/183 266/486/183 267/488/183
f 246/487/184 267/488/184 248/489/184
f 248/489/184 267/488/184 268/490/184
f 248/489/185 268/490/185 247/491/185
f 247/491/185 268/490/185 269/492/185
usemtl miyoo_front
f 270/493/186 271/494/186 272/495/186
f 272/495/187 271/494/187 273/496/187
f 274/497/166 275/498/166 276/499/166
f 263/500/188 276/499/188 264/501/188
f 264/501/189 276/499/189 265/502/189
usemtl miyoo_shell
f 266/503/57 265/502/57 267/504/57
f 268/505/190 267/504/190 277/506/190
f 268/505/191 277/506/191 269/507/191
usemtl miyoo_front
f 271/494/192 278/508/192 273/496/192
f 273/496/193 278/508/193 275/498/193
f 275/498/194 279/509/194 276/499/194
f 276/499/195 279/509/195 265/502/195
f 278/508/196 280/510/196 279/509/196
f 278/508/197 279/509/197 275/498/197
usemtl miyoo_shell
f 280/510/198 281/511/198 279/509/198
f 265/502/199 279/509/199 267/504/199
f 281/511/200 282/512/200 279/509/200
f 279/509/201 282/512/201 283/513/201
f 279/509/202 283/513/202 284/514/202
f 279/509/203 284/514/203 285/515/203
f 279/509/204 285/515/204 267/504/204
f 282/512/205 286/516/205 283/513/205
f 285/515/206 287/517/206 267/504/206
f 267/504/207 287/517/207 277/506/207
usemtl miyoo_front
f 270/518/208 288/519/208 271/520/208
f 271/520/208 288/519/208 289/521/208
f 271/520/209 289/521/209 278/522/209
f 278/522/209 289/521/209 290/523/209
f 278/522/210 290/523/210 280/524/210
f 280/524/210 290/523/210 291/525/210
usemtl miyoo_shell
f 280/524/211 291/525/211 281/526/211
f 281/526/211 291/525/211 292/527/211
f 281/526/212 292/527/212 282/528/212
f 282/528/212 292/527/212 293/529/212
f 282/528/213 293/529/213 286/530/213
f 286/530/213 293/529/213 294/531/213
usemtl miyoo_front
f 295/532/214 296/533/214 297/534/214
f 297/534/215 296/533/215 298/535/215
f 298/535/216 296/533/216 299/536/216
f 299/536/217 296/533/217 300/537/217
f 301/538/218 300/537/218 289/539/218
f 301/538/219 289/539/219 288/540/219
usemtl miyoo_shell
f 293/541/220 292/542/220 302/543/220
f 293/541/221 302/543/221 294/544/221
usemtl miyoo_front
f 296/533/222 303/545/222 300/537/222
f 289/539/223 300/537/223 290/546/223
usemtl miyoo_shell
f 303/545/224 304/547/224 300/537/224
usemtl miyoo_front
f 300/537/225 304/547/225 291/548/225
usemtl miyoo_shell
f 300/537/226 291/548/226 290/546/226
f 304/547/227 305/549/227 306/550/227
usemtl miyoo_front
f 304/547/228 306/550/228 291/548/228
usemtl miyoo_shell
f 291/548/229 306/550/229 292/542/229
f 307/551/30 308/552/30 305/549/30
f 305/549/230 308/552/230 309/553/230
f 305/549/231 309/553/231 306/550/231
usemtl miyoo_front
f 306/550/166 309/553/166 310/554/166
usemtl miyoo_shell
f 306/550/232 311/555/232 292/542/232
f 292/542/233 311/555/233 302/543/233
usemtl miyoo_front
f 295/556/234 312/557/234 296/558/234
f 296/558/234 312/557/234 313/559/234
f 296/558/235 313/559/235 303/560/235
f 303/560/235 313/559/235 314/561/235
f 303/560/236 314/561/236 304/562/236
f 304/562/236 314/561/236 315/563/236
usemtl miyoo_shell
f 304/562/237 315/563/237 305/564/237
f 305/564/237 315/563/237 316/565/237
f 305/564/184 316/565/184 307/566/184
f 307/566/184 316/565/184 317/567/184
f 307/566/185 317/567/185 308/568/185
f 308/568/185 317/567/185 318/569/185
usemtl miyoo_front
f 319/570/238 320/571/238 321/572/238
f 321/572/239 320/571/239 322/573/239
f 323/574/240 322/573/240 313/575/240
f 323/574/241 313/575/241 324/576/241
f 324/576/242 313/575/242 325/577/242
f 325/577/243 313/575/243 312/578/243
usemtl miyoo_shell
f 315/579/57 314/580/57 316/581/57
f 316/581/244 326/582/244 317/583/244
f 317/583/245 326/582/245 318/584/245
usemtl miyoo_front
f 320/571/246 327/585/246 322/573/246
f 322/573/247 327/585/247 313/575/247
f 313/575/248 327/585/248 314/580/248
usemtl miyoo_shell
f 328/586/58 329/587/58 327/585/58
usemtl miyoo_front
f 327/585/249 329/587/249 330/588/249
f 327/585/250 330/588/250 314/580/250
usemtl miyoo_shell
f 314/580/251 330/588/251 331/589/251
f 314/580/252 331/589/252 316/581/252
f 329/587/253 332/590/253 333/591/253
f 329/587/254 333/591/254 330/588/254
f 316/581/255 331/589/255 326/582/255
f 332/590/256 334/592/256 333/591/256
usemtl miyoo_front
f 330/588/166 333/591/166 335/593/166
f 319/594/257 336/595/257 320/596/257
f 320/596/257 336/595/257 337/597/257
f 320/596/258 337/597/258 327/598/258
f 327/598/258 337/597/258 338/599/258
f 327/598/259 338/599/259 328/600/259
f 328/600/259 338/599/259 339/601/259
usemtl miyoo_shell
f 328/600/260 339/601/260 329/602/260
f 329/602/260 339/601/260 340/603/260
f 329/602/261 340/603/261 332/604/261
f 332/604/261 340/603/261 341/605/261
f 332/604/262 341/605/262 334/606/262
f 334/606/262 341/605/262 342/607/262
usemtl miyoo_front
f 343/608/263 344/609/263 345/610/263
f 345/610/264 344/609/264 346/611/264
f 336/612/265 347/613/265 337/614/265
f 337/614/266 347/613/266 338/615/266
usemtl miyoo_shell
f 339/616/267 338/615/267 340/617/267
f 341/618/268 340/617/268 348/619/268
f 341/618/269 348/619/269 342/620/269
usemtl miyoo_front
f 344/609/270 349/621/270 346/611/270
f 346/611/271 349/621/271 350/622/271
f 346/611/272 350/622/272 351/623/272
f 351/623/273 350/622/273 352/624/273
f 352/624/274 350/622/274 338/615/274
f 352/624/275 338/615/275 347/613/275
f 349/621/276 353/625/276 350/622/276
usemtl miyoo_shell
f 353/625/277 354/626/277 350/622/277
f 350/622/278 354/626/278 355/627/278
f 350/622/279 355/627/279 356/628/279
f 350/622/280 356/628/280 338/615/280
f 338/615/281 356/628/281 357/629/281
usemtl miyoo_front
f 338/615/282 357/629/282 340/617/282
usemtl miyoo_shell
f 355/627/283 358/630/283 359/631/283
f 355/627/284 359/631/284 356/628/284
f 357/629/285 360/632/285 340/617/285
f 340/617/286 360/632/286 348/619/286
usemtl miyoo_front
f 343/633/180 361/634/180 344/635/180
f 344/635/180 361/634/180 362/636/180
f 344/635/181 362/636/181 349/637/181
f 349/637/181 362/636/181 363/638/181
f 349/637/182 363/638/182 353/639/182
f 353/639/182 363/638/182 364/640/182
usemtl miyoo_shell
f 353/639/183 364/640/183 354/641/183
f 354/641/183 364/640/183 365/642/183
f 354/641/184 365/642/184 355/643/184
f 355/643/184 365/642/184 366/644/184
f 355/643/185 366/644/185 358/645/185
f 358/645/185 366/644/185 367/646/185
usemtl miyoo_front
f 368/647/238 369/648/238 370/649/238
f 370/649/239 369/648/239 371/650/239
f 371/650/287 369/648/287 372/651/287
f 372/651/288 369/648/288 373/652/288
f 374/653/289 373/652/289 362/654/289
f 374/653/290 362/654/290 361/655/290
f 363/656/291 375/657/291 364/658/291
usemtl miyoo_shell
f 364/658/292 375/657/292 366/659/292
f 364/658/57 366/659/57 365/660/57
f 366/659/245 376/661/245 367/662/245
usemtl miyoo_front
f 369/648/293 363/656/293 373/652/293
f 373/652/294 363/656/294 362/654/294
usemtl miyoo_shell
f 377/663/58 378/664/58 369/648/58
usemtl miyoo_front
f 369/648/295 378/664/295 375/657/295
f 369/648/296 375/657/296 363/656/296
usemtl miyoo_shell
f 378/664/297 379/665/297 375/657/297
f 379/665/298 380/666/298 381/667/298
f 379/665/299 381/667/299 375/657/299
f 380/666/300 382/668/300 381/667/300
f 375/657/301 381/667/301 383/669/301
f 375/657/302 383/669/302 384/670/302
f 375/657/303 384/670/303 385/671/303
f 375/657/304 385/671/304 366/659/304
f 366/659/305 385/671/305 376/661/305
usemtl miyoo_front
f 368/672/257 386/673/257 369/674/257
f 369/674/257 386/673/257 387/675/257
f 369/674/258 387/675/258 377/676/258
f 377/676/258 387/675/258 388/677/258
f 377/676/259 388/677/259 378/678/259
f 378/678/259 388/677/259 389/679/259
usemtl miyoo_shell
f 378/678/306 389/679/306 379/680/306
f 379/680/306 389/679/306 390/681/306
f 379/680/261 390/681/261 380/682/261
f 380/682/261 390/681/261 391/683/261
f 380/682/307 391/683/307 382/684/307
f 382/684/307 391/683/307 392/685/307
usemtl miyoo_front
f 393/686/308 394/687/308 395/688/308
f 395/688/309 394/687/309 396/689/309
f 396/689/310 394/687/310 397/690/310
f 398/691/311 397/690/311 387/692/311
f 398/691/312 387/692/312 399/693/312
f 399/693/313 387/692/313 386/694/313
usemtl miyoo_shell
f 389/695/267 388/696/267 391/697/267
f 389/695/267 391/697/267 390/698/267
f 391/697/314 400/699/314 392/700/314
usemtl miyoo_front
f 394/687/315 401/701/315 397/690/315
f 387/692/316 397/690/316 388/696/316
usemtl miyoo_shell
f 401/701/317 402/702/317 397/690/317
usemtl miyoo_front
f 397/690/318 402/702/318 403/703/318
f 397/690/319 403/703/319 388/696/319
usemtl miyoo_shell
f 402/702/320 404/704/320 403/703/320
f 388/696/321 403/703/321 405/705/321
f 388/696/322 405/705/322 391/697/322
f 403/703/323 406/706/323 405/705/323
f 407/707/57 408/708/57 404/704/57
f 404/704/324 408/708/324 409/709/324
f 404/704/325 409/709/325 403/703/325
f 403/703/326 409/709/326 410/710/326
f 403/703/327 410/710/327 406/706/327
f 391/697/328 405/705/328 400/699/328
usemtl miyoo_front
f 393/711/329 411/712/329 394/713/329
f 394/713/329 411/712/329 412/714/329
f 394/713/330 412/714/330 401/715/330
f 401/715/330 412/714/330 413/716/330
f 401/715/331 413/716/331 402/717/331
f 402/717/331 413/716/331 414/718/331
usemtl miyoo_shell
f 402/717/332 414/718/332 404/719/332
f 404/719/332 414/718/332 415/720/332
f 404/719/333 415/720/333 407/721/333
f 407/721/333 415/720/333 416/722/333
f 407/721/334 416/722/334 408/723/334
f 408/723/334 416/722/334 417/724/334
usemtl miyoo_front
f 418/725/335 419/726/335 420/727/335
f 421/728/166 422/729/166 423/730/166
f 411/731/336 423/730/336 412/732/336
f 412/732/337 423/730/337 424/733/337
f 412/732/338 424/733/338 413/734/338
f 413/734/339 424/733/339 414/735/339
usemtl miyoo_shell
f 415/736/340 414/735/340 425/737/340
f 415/736/341 425/737/341 416/738/341
f 416/738/342 425/737/342 426/739/342
f 416/738/343 426/739/343 417/740/343
usemtl miyoo_front
f 419/726/344 427/741/344 420/727/344
f 420/727/345 427/741/345 428/742/345
f 428/742/346 427/741/346 429/743/346
f 428/742/347 429/743/347 422/729/347
f 422/729/348 424/733/348 423/730/348
f 422/729/349 429/743/349 424/733/349
usemtl miyoo_shell
f 429/743/350 430/744/350 424/733/350
f 431/745/58 432/746/58 429/743/58
f 429/743/351 432/746/351 430/744/351
f 424/733/352 430/744/352 433/747/352
f 424/733/353 433/747/353 434/748/353
f 424/733/354 434/748/354 414/735/354
f 414/735/355 434/748/355 425/737/355
f 432/746/356 435/749/356 430/744/356
usemtl miyoo_front
f 418/750/257 436/751/257 419/752/257
f 419/752/257 436/751/257 437/753/257
f 419/752/258 437/753/258 427/754/258
f 427/754/258 437/753/258 438/755/258
f 427/754/259 438/755/259 429/756/259
f 429/756/259 438/755/259 439/757/259
usemtl miyoo_shell
f 429/756/260 439/757/260 431/758/260
f 431/758/260 439/757/260 440/759/260
f 431/758/261 440/759/261 432/760/261
f 432/760/261 440/759/261 441/761/261
f 432/760/262 441/761/262 435/762/262
f 435/762/262 441/761/262 442/763/262
usemtl miyoo_front
f 443/764/308 444/765/308 445/766/308
f 445/766/309 444/765/309 446/767/309
f 446/767/310 444/765/310 447/768/310
f 448/769/311 447/768/311 437/770/311
f 448/769/312 437/770/312 449/771/312
f 449/771/313 437/770/313 436/772/313
usemtl miyoo_shell
f 438/773/267 440/774/267 439/775/267
f 440/774/357 450/776/357 441/777/357
f 441/777/358 450/776/358 442/778/358
usemtl miyoo_front
f 444/765/359 451/779/359 452/780/359
f 444/765/360 452/780/360 447/768/360
f 447/768/361 452/780/361 437/770/361
f 437/770/362 452/780/362 438/773/362
f 451/779/363 453/781/363 452/780/363
usemtl miyoo_shell
f 452/780/364 454/782/364 438/773/364
usemtl miyoo_front
f 438/773/365 454/782/365 440/774/365
usemtl miyoo_shell
f 453/781/366 455/783/366 452/780/366
f 452/780/367 455/783/367 456/784/367
f 452/780/368 456/784/368 454/782/368
f 440/774/369 454/782/369 450/776/369
f 457/785/57 458/786/57 455/783/57
f 455/783/324 458/786/324 459/787/324
f 455/783/370 459/787/370 456/784/370
usemtl miyoo_front
f 454/782/166 456/784/166 460/788/166
f 443/789/329 461/790/329 444/791/329
f 444/791/329 461/790/329 462/792/329
f 444/791/330 462/792/330 451/793/330
f 451/793/330 462/792/330 463/794/330
f 451/793/331 463/794/331 453/795/331
f 453/795/331 463/794/331 464/796/331
usemtl miyoo_shell
f 453/795/332 464/796/332 455/797/332
f 455/797/332 464/796/332 465/798/332
f 455/797/333 465/798/333 457/799/333
f 457/799/333 465/798/333 466/800/333
f 457/799/334 466/800/334 458/801/334
f 458/801/334 466/800/334 467/802/334
usemtl miyoo_front
f 468/803/371 469/804/371 470/805/371
f 470/805/372 469/804/372 471/806/372
f 471/806/373 469/804/373 462/807/373
f 471/806/374 462/807/374 472/808/374
f 472/808/375 462/807/375 473/809/375
f 473/809/376 462/807/376 474/810/376
f 474/810/377 462/807/377 461/811/377
f 463/812/378 475/813/378 464/814/378
usemtl miyoo_shell
f 464/814/379 475/813/379 466/815/379
f 464/814/30 466/815/30 465/816/30
f 466/815/380 476/817/380 467/818/380
usemtl miyoo_front
f 469/804/381 477/819/381 462/807/381
f 462/807/382 477/819/382 475/813/382
f 462/807/383 475/813/383 463/812/383
f 477/819/384 478/820/384 475/813/384
usemtl miyoo_shell
f 478/820/385 479/821/385 475/813/385
f 475/813/386 479/821/386 480/822/386
f 475/813/387 480/822/387 481/823/387
f 475/813/388 481/823/388 466/815/388
f 482/824/267 483/825/267 479/821/267
f 479/821/389 483/825/389 484/826/389
f 479/821/390 484/826/390 480/822/390
usemtl miyoo_front
f 480/822/166 484/826/166 485/827/166
usemtl miyoo_shell
f 466/815/391 481/823/391 476/817/391
usemtl miyoo_front
f 468/828/208 486/829/208 469/830/208
f 469/830/208 486/829/208 487/831/208
f 469/830/209 487/831/209 477/832/209
f 477/832/209 487/831/209 488/833/209
f 477/832/210 488/833/210 478/834/210
f 478/834/210 488/833/210 489/835/210
usemtl miyoo_shell
f 478/834/211 489/835/211 479/836/211
f 479/836/211 489/835/211 490/837/211
f 479/836/212 490/837/212 482/838/212
f 482/838/212 490/837/212 491/839/212
f 482/838/213 491/839/213 483/840/213
f 483/840/213 491/839/213 492/841/213
usemtl miyoo_front
f 493/842/392 494/843/392 495/844/392
f 495/844/393 494/843/393 496/845/393
f 495/844/394 496/845/394 497/846/394
f 497/846/395 496/845/395 498/847/395
f 486/848/396 499/849/396 487/850/396
f 487/850/397 499/849/397 488/851/397
usemtl miyoo_shell
f 490/852/398 489/853/398 500/854/398
f 490/852/399 500/854/399 491/855/399
f 491/855/400 500/854/400 492/856/400
usemtl miyoo_front
f 498/847/401 496/845/401 501/857/401
f 498/847/402 501/857/402 502/858/402
f 502/858/403 501/857/403 499/849/403
f 499/849/404 501/857/404 488/851/404
usemtl miyoo_shell
f 496/845/57 503/859/57 504/860/57
usemtl miyoo_front
f 496/845/405 504/860/405 501/857/405
usemtl miyoo_shell
f 501/857/406 505/861/406 488/851/406
usemtl miyoo_front
f 488/851/407 505/861/407 489/853/407
usemtl miyoo_shell
f 504/860/57 506/862/57 507/863/57
f 504/860/408 507/863/408 501/857/408
f 501/857/409 507/863/409 508/864/409
f 501/857/410 508/864/410 505/861/410
f 505/861/411 509/865/411 489/853/411
f 489/853/412 509/865/412 500/854/412
usemtl miyoo_back
f 508/864/413 510/866/413 505/861/413
usemtl miyoo_front
f 493/867/329 511/868/329 494/869/329
f 494/869/329 511/868/329 512/870/329
f 494/869/330 512/870/330 496/871/330
f 496/871/330 512/870/330 513/872/330
f 496/871/331 513/872/331 503/873/331
f 503/873/331 513/872/331 514/874/331
usemtl miyoo_shell
f 503/873/332 514/874/332 504/875/332
f 504/875/332 514/874/332 515/876/332
f 504/875/333 515/876/333 506/877/333
f 506/877/333 515/876/333 516/878/333
f 506/877/334 516/878/334 507/879/334
f 507/879/334 516/878/334 517/880/334
usemtl miyoo_front
f 518/881/414 519/882/414 520/883/414
f 520/883/415 519/882/415 521/884/415
f 521/884/416 519/882/416 522/885/416
f 521/884/417 522/885/417 523/886/417
f 523/886/418 522/885/418 524/887/418
f 524/887/419 522/885/419 525/888/419
f 525/888/420 522/885/420 511/889/420
f 511/889/421 522/885/421 512/890/421
f 512/890/422 522/885/422 513/891/422
f 513/891/423 522/885/423 514/892/423
usemtl miyoo_shell
f 515/893/424 526/894/424 516/895/424
f 516/895/425 526/894/425 517/896/425
usemtl miyoo_front
f 519/882/426 527/897/426 522/885/426
f 527/897/427 528/898/427 522/885/427
f 522/885/428 528/898/428 529/899/428
f 522/885/429 529/899/429 514/892/429
usemtl miyoo_shell
f 528/898/430 530/900/430 529/899/430
f 529/899/431 531/901/431 514/892/431
f 514/892/432 531/901/432 515/893/432
f 529/899/433 530/900/433 532/902/433
f 515/893/434 531/901/434 526/894/434
f 533/903/267 534/904/267 530/900/267
f 530/900/435 534/904/435 535/905/435
f 530/900/436 535/905/436 532/902/436
f 529/899/437 532/902/437 536/906/437
f 529/899/438 536/906/438 531/901/438
f 241/907/213 534/908/213 242/909/213
f 242/909/213 534/908/213 533/910/213
f 242/909/439 533/910/439 252/911/439
f 252/911/440 533/910/440 530/912/440
f 252/911/441 530/912/441 528/913/441
usemtl miyoo_front
f 252/911/442 528/913/442 527/914/442
f 252/911/443 527/914/443 519/915/443
f 252/911/444 519/915/444 258/916/444
f 258/916/445 519/915/445 518/917/445
usemtl miyoo_shell
f 408/918/267 417/919/267 537/920/267
f 537/920/267 417/919/267 538/921/267
f 538/922/446 417/923/446 539/924/446
f 539/924/446 417/923/446 426/925/446
f 539/924/447 426/925/447 540/926/447
f 540/926/447 426/925/447 425/927/447
f 540/926/448 425/927/448 541/928/448
f 541/928/448 425/927/448 434/929/448
f 541/928/449 434/929/449 542/930/449
f 542/930/449 434/929/449 433/931/449
f 542/930/450 433/931/450 543/932/450
f 543/932/450 433/931/450 430/933/450
f 543/932/451 430/933/451 544/934/451
f 544/934/451 430/933/451 435/935/451
f 435/936/57 442/937/57 544/938/57
f 544/938/57 442/937/57 545/939/57
f 545/940/452 442/941/452 546/942/452
f 546/942/452 442/941/452 450/943/452
f 546/942/453 450/943/453 547/944/453
f 547/944/453 450/943/453 454/945/453
f 547/944/454 454/945/454 548/946/454
f 548/946/454 454/945/454 460/947/454
f 548/946/448 460/947/448 549/948/448
f 549/948/448 460/947/448 456/949/448
f 549/948/447 456/949/447 550/950/447
f 550/950/447 456/949/447 459/951/447
f 550/950/455 459/951/455 551/952/455
f 551/952/455 459/951/455 458/953/455
f 458/954/267 467/955/267 551/956/267
f 551/956/267 467/955/267 552/957/267
f 552/958/456 467/959/456 553/960/456
f 553/960/456 467/959/456 476/961/456
f 553/960/457 476/961/457 554/962/457
f 554/962/457 476/961/457 481/963/457
f 554/962/458 481/963/458 555/964/458
f 555/964/458 481/963/458 480/965/458
f 555/964/459 480/965/459 556/966/459
f 556/966/459 480/965/459 485/967/459
f 556/966/460 485/967/460 557/968/460
f 557/968/460 485/967/460 484/969/460
f 557/968/461 484/969/461 558/970/461
f 558/970/461 484/969/461 483/971/461
f 483/972/30 492/973/30 558/974/30
f 558/974/30 492/973/30 559/975/30
f 559/976/462 492/977/462 560/978/462
f 560/978/462 492/977/462 500/979/462
f 560/978/463 500/979/463 561/980/463
f 561/980/463 500/979/463 509/981/463
f 561/980/464 509/981/464 562/982/464
f 562/982/464 509/981/464 505/983/464
f 562/982/458 505/983/458 563/984/458
f 563/984/458 505/983/458 510/985/458
f 563/984/457 510/985/457 564/986/457
f 564/986/457 510/985/457 508/987/457
f 564/986/465 508/987/465 565/988/465
f 565/988/465 508/987/465 507/989/465
f 507/990/267 517/991/267 565/992/267
f 565/992/267 517/991/267 566/993/267
f 566/994/466 517/995/466 567/996/466
f 567/996/466 517/995/466 526/997/466
f 567/996/467 526/997/467 568/998/467
f 568/998/467 526/997/467 531/999/467
f 568/998/468 531/999/468 569/1000/468
f 569/1000/468 531/999/468 536/1001/468
f 569/1000/469 536/1001/469 570/1002/469
f 570/1002/469 536/1001/469 532/1003/469
f 570/1002/460 532/1003/460 571/1004/460
f 571/1004/460 532/1003/460 535/1005/460
f 571/1004/470 535/1005/470 572/1006/470
f 572/1006/470 535/1005/470 534/1007/470
f 534/1008/30 241/1009/30 572/1010/30
f 572/1010/30 241/1009/30 573/1011/30
f 573/1012/471 241/1013/471 574/1014/471
f 574/1014/471 241/1013/471 243/1015/471
f 574/1014/472 243/1015/472 575/1016/472
f 575/1016/472 243/1015/472 253/1017/472
f 575/1016/473 253/1017/473 576/1018/473
f 576/1018/473 253/1017/473 254/1019/473
f 576/1018/474 254/1019/474 577/1020/474
f 577/1020/474 254/1019/474 245/1021/474
f 577/1020/475 245/1021/475 578/1022/475
f 578/1022/475 245/1021/475 244/1023/475
f 578/1022/476 244/1023/476 579/1024/476
f 579/1024/476 244/1023/476 247/1025/476
usemtl miyoo_front
f 250/1026/166 262/1027/166 251/1028/166
f 251/1028/166 262/1027/166 261/1029/166
f 251/1028/166 261/1029/166 260/1030/166
f 260/1030/166 259/1031/166 251/1028/166
f 251/1028/166 259/1031/166 258/1032/166
f 251/1028/166 258/1032/166 263/1033/166
f 263/1033/166 258/1032/166 518/1034/166
f 263/1033/166 518/1034/166 511/1035/166
f 511/1035/166 518/1034/166 525/1036/166
f 525/1036/166 518/1034/166 524/1037/166
f 524/1037/166 518/1034/166 523/1038/166
f 523/1038/166 518/1034/166 521/1039/166
f 521/1039/166 518/1034/166 520/1040/166
f 511/1035/166 493/1041/166 263/1033/166
f 263/1033/166 493/1041/166 495/1042/166
f 263/1033/166 495/1042/166 276/1043/166
f 276/1043/166 495/1042/166 497/1044/166
f 276/1043/166 497/1044/166 274/1045/166
f 274/1045/166 497/1044/166 498/1046/166
f 274/1045/166 498/1046/166 275/1047/166
f 275/1047/166 498/1046/166 422/1048/166
f 275/1047/166 422/1048/166 351/1049/166
f 351/1049/166 422/1048/166 346/1050/166
f 346/1050/166 422/1048/166 421/1051/166
f 346/1050/166 421/1051/166 345/1052/166
f 345/1052/166 421/1051/166 423/1053/166
f 345/1052/166 423/1053/166 343/1054/166
f 343/1054/166 423/1053/166 411/1055/166
f 343/1054/166 411/1055/166 393/1056/166
f 422/1048/166 498/1046/166 428/1057/166
f 428/1057/166 498/1046/166 502/1058/166
f 428/1057/166 502/1058/166 420/1059/166
f 420/1059/166 502/1058/166 499/1060/166
f 420/1059/166 499/1060/166 418/1061/166
f 418/1061/166 499/1060/166 486/1062/166
f 418/1061/166 486/1062/166 436/1063/166
f 436/1063/166 486/1062/166 443/1064/166
f 436/1063/166 443/1064/166 445/1065/166
f 486/1062/166 468/1066/166 443/1064/166
f 443/1064/166 468/1066/166 461/1067/166
f 461/1067/166 468/1066/166 474/1068/166
f 474/1068/166 468/1066/166 473/1069/166
f 473/1069/166 468/1066/166 472/1070/166
f 472/1070/166 468/1066/166 471/1071/166
f 471/1071/166 468/1066/166 470/1072/166
f 445/1065/166 446/1073/166 436/1063/166
f 436/1063/166 446/1073/166 447/1074/166
f 436/1063/166 447/1074/166 448/1075/166
f 448/1075/166 449/1076/166 436/1063/166
f 343/1054/166 393/1056/166 386/1077/166
f 386/1077/166 393/1056/166 395/1078/166
f 386/1077/166 395/1078/166 396/1079/166
f 396/1079/166 397/1080/166 386/1077/166
f 386/1077/166 397/1080/166 398/1081/166
f 386/1077/166 398/1081/166 399/1082/166
f 386/1077/166 368/1083/166 343/1054/166
f 343/1054/166 368/1083/166 361/1084/166
f 361/1084/166 368/1083/166 370/1085/166
f 361/1084/166 370/1085/166 371/1086/166
f 371/1086/166 372/1087/166 361/1084/166
f 361/1084/166 372/1087/166 373/1088/166
f 361/1084/166 373/1088/166 374/1089/166
f 275/1047/166 351/1049/166 273/1090/166
f 273/1090/166 351/1049/166 352/1091/166
f 273/1090/166 352/1091/166 272/1092/166
f 272/1092/166 352/1091/166 347/1093/166
f 272/1092/166 347/1093/166 270/1094/166
f 270/1094/166 347/1093/166 336/1095/166
f 270/1094/166 336/1095/166 288/1096/166
f 288/1096/166 336/1095/166 295/1097/166
f 288/1096/166 295/1097/166 301/1098/166
f 301/1098/166 295/1097/166 300/1099/166
f 300/1099/166 295/1097/166 299/1100/166
f 299/1100/166 295/1097/166 298/1101/166
f 298/1101/166 295/1097/166 297/1102/166
f 336/1095/166 319/1103/166 295/1097/166
f 295/1097/166 319/1103/166 312/1104/166
f 312/1104/166 319/1103/166 321/1105/166
f 312/1104/166 321/1105/166 322/1106/166
f 322/1106/166 323/1107/166 312/1104/166
f 312/1104/166 323/1107/166 324/1108/166
f 312/1104/166 324/1108/166 325/1109/166
usemtl miyoo_shell
f 580/1110/477 269/1111/477 581/1112/477
f 581/1112/477 269/1111/477 277/1113/477
f 581/1112/478 277/1113/478 582/1114/478
f 582/1114/478 277/1113/478 287/1115/478
f 582/1114/479 287/1115/479 583/1116/479
f 583/1116/479 287/1115/479 285/1117/479
f 583/1116/480 285/1117/480 584/1118/480
f 584/1118/480 285/1117/480 284/1119/480
f 584/1118/481 284/1119/481 585/1120/481
f 585/1120/481 284/1119/481 283/1121/481
f 585/1120/482 283/1121/482 586/1122/482
f 586/1122/482 283/1121/482 286/1123/482
usemtl miyoo_front
f 587/1124/166 588/1125/166 589/1126/166
f 589/1126/166 588/1125/166 590/1127/166
f 589/1126/166 590/1127/166 591/1128/166
f 592/1129/166 593/1130/166 587/1124/166
f 587/1124/166 593/1130/166 594/1131/166
f 587/1124/166 594/1131/166 595/1132/166
f 593/1130/166 592/1129/166 596/1133/166
f 596/1133/166 592/1129/166 597/1134/166
f 596/1133/166 597/1134/166 598/1135/166
f 596/1133/166 598/1135/166 599/1136/166
f 599/1136/166 598/1135/166 600/1137/166
f 599/1136/166 600/1137/166 601/1138/166
f 601/1138/166 602/1139/166 599/1136/166
f 599/1136/166 602/1139/166 603/1140/166
f 603/1140/166 602/1139/166 604/1141/166
f 604/1141/166 602/1139/166 605/1142/166
f 605/1142/166 602/1139/166 606/1143/166
f 605/1142/166 606/1143/166 607/1144/166
f 607/1144/166 606/1143/166 608/1145/166
f 608/1145/166 606/1143/166 609/1146/166
f 609/1146/166 606/1143/166 551/1147/166
f 609/1146/166 551/1147/166 552/1148/166
f 610/1149/166 611/1150/166 606/1143/166
f 606/1143/166 611/1150/166 612/1151/166
f 606/1143/166 612/1151/166 613/1152/166
f 613/1152/166 614/1153/166 606/1143/166
f 606/1143/166 614/1153/166 615/1154/166
f 606/1143/166 615/1154/166 546/1155/166
f 546/1155/166 615/1154/166 616/1156/166
f 546/1155/166 616/1156/166 617/1157/166
f 618/1158/166 619/1159/166 615/1154/166
f 615/1154/166 619/1159/166 620/1160/166
f 615/1154/166 620/1160/166 621/1161/166
f 622/1162/166 623/1163/166 618/1158/166
f 618/1158/166 623/1163/166 624/1164/166
f 618/1158/166 624/1164/166 625/1165/166
f 623/1163/166 622/1162/166 626/1166/166
f 626/1166/166 622/1162/166 627/1167/166
f 626/1166/166 627/1167/166 628/1168/166
f 626/1166/166 628/1168/166 629/1169/166
f 629/1169/166 628/1168/166 630/1170/166
f 629/1169/166 630/1170/166 631/1171/166
f 631/1171/166 630/1170/166 632/1172/166
f 631/1171/166 632/1172/166 633/1173/166
f 634/1174/166 635/1175/166 633/1173/166
f 633/1173/166 635/1175/166 636/1176/166
f 633/1173/166 636/1176/166 637/1177/166
f 638/1178/166 639/1179/166 634/1174/166
f 634/1174/166 639/1179/166 640/1180/166
f 634/1174/166 640/1180/166 641/1181/166
f 638/1178/166 642/1182/166 639/1179/166
f 639/1179/166 642/1182/166 643/1183/166
f 639/1179/166 643/1183/166 644/1184/166
f 644/1184/166 643/1183/166 645/1185/166
f 644/1184/166 645/1185/166 646/1186/166
f 644/1184/166 646/1186/166 591/1128/166
f 591/1128/166 646/1186/166 589/1126/166
f 641/1181/166 635/1175/166 634/1174/166
f 637/1177/166 647/1187/166 633/1173/166
f 633/1173/166 647/1187/166 648/1188/166
f 633/1173/166 648/1188/166 649/1189/166
f 648/1188/166 647/1187/166 650/1190/166
f 650/1190/166 647/1187/166 651/1191/166
f 650/1190/166 651/1191/166 652/1192/166
f 650/1190/166 652/1192/166 653/1193/166
f 653/1193/166 652/1192/166 654/1194/166
f 653/1193/166 654/1194/166 655/1195/166
f 655/1195/166 654/1194/166 656/1196/166
f 656/1196/166 654/1194/166 657/1197/166
f 657/1197/166 654/1194/166 658/1198/166
f 657/1197/166 658/1198/166 659/1199/166
f 659/1199/166 658/1198/166 660/1200/166
f 659/1199/166 660/1200/166 661/1201/166
f 661/1201/166 660/1200/166 662/1202/166
f 661/1201/166 662/1202/166 663/1203/166
f 663/1203/166 662/1202/166 664/1204/166
f 663/1203/166 664/1204/166 665/1205/166
f 665/1205/166 664/1204/166 666/1206/166
f 665/1205/166 666/1206/166 667/1207/166
f 667/1207/166 666/1206/166 668/1208/166
f 667/1207/166 668/1208/166 669/1209/166
f 669/1209/166 668/1208/166 670/1210/166
f 669/1209/166 670/1210/166 671/1211/166
f 671/1211/166 670/1210/166 672/1212/166
f 671/1211/166 672/1212/166 673/1213/166
f 673/1213/166 672/1212/166 674/1214/166
f 673/1213/166 674/1214/166 675/1215/166
f 675/1215/166 674/1214/166 676/1216/166
f 675/1215/166 676/1216/166 677/1217/166
f 677/1217/166 676/1216/166 678/1218/166
f 677/1217/166 678/1218/166 679/1219/166
f 679/1219/166 678/1218/166 680/1220/166
f 679/1219/166 680/1220/166 681/1221/166
f 681/1221/166 680/1220/166 682/1222/166
f 681/1221/166 682/1222/166 683/1223/166
f 683/1223/166 682/1222/166 629/1169/166
f 683/1223/166 629/1169/166 631/1171/166
f 684/1224/166 685/1225/166 654/1194/166
f 654/1194/166 685/1225/166 686/1226/166
f 654/1194/166 686/1226/166 687/1227/166
f 688/1228/166 554/1229/166 684/1224/166
f 684/1224/166 554/1229/166 555/1230/166
f 684/1224/166 555/1230/166 556/1231/166
f 554/1229/166 688/1228/166 553/1232/166
f 553/1232/166 688/1228/166 689/1233/166
f 553/1232/166 689/1233/166 552/1148/166
f 552/1148/166 689/1233/166 609/1146/166
f 595/1132/166 588/1125/166 587/1124/166
f 690/1234/166 654/1194/166 691/1235/166
f 691/1235/166 654/1194/166 687/1227/166
f 691/1235/166 687/1227/166 692/1236/166
f 692/1236/166 687/1227/166 693/1237/166
f 692/1236/166 693/1237/166 694/1238/166
f 694/1238/166 693/1237/166 695/1239/166
f 694/1238/166 695/1239/166 696/1240/166
f 696/1240/166 695/1239/166 697/1241/166
f 696/1240/166 697/1241/166 698/1242/166
f 698/1242/166 697/1241/166 699/1243/166
f 698/1242/166 699/1243/166 700/1244/166
f 700/1244/166 699/1243/166 701/1245/166
f 700/1244/166 701/1245/166 702/1246/166
f 690/1234/166 703/1247/166 654/1194/166
f 654/1194/166 703/1247/166 704/1248/166
f 654/1194/166 704/1248/166 705/1249/166
f 705/1249/166 658/1198/166 654/1194/166
f 670/1210/166 706/1250/166 672/1212/166
f 672/1212/166 706/1250/166 707/1251/166
f 707/1251/166 706/1250/166 708/1252/166
f 708/1252/166 706/1250/166 709/1253/166
f 708/1252/166 709/1253/166 710/1254/166
f 710/1254/166 709/1253/166 711/1255/166
f 711/1255/166 709/1253/166 712/1256/166
f 711/1255/166 712/1256/166 713/1257/166
f 711/1255/166 713/1257/166 714/1258/166
f 714/1258/166 713/1257/166 715/1259/166
f 714/1258/166 715/1259/166 716/1260/166
f 716/1260/166 715/1259/166 717/1261/166
f 716/1260/166 717/1261/166 718/1262/166
f 718/1262/166 717/1261/166 719/1263/166
f 719/1263/166 717/1261/166 720/1264/166
f 719/1263/166 720/1264/166 702/1246/166
f 702/1246/166 720/1264/166 700/1244/166
f 721/1265/166 722/1266/166 723/1267/166
f 723/1267/166 722/1266/166 724/1268/166
f 723/1267/166 724/1268/166 725/1269/166
f 726/1270/166 727/1271/166 721/1265/166
f 721/1265/166 727/1271/166 728/1272/166
f 721/1265/166 728/1272/166 722/1266/166
f 727/1271/166 726/1270/166 729/1273/166
f 729/1273/166 726/1270/166 730/1274/166
f 729/1273/166 730/1274/166 731/1275/166
f 731/1275/166 730/1274/166 732/1276/166
f 731/1275/166 732/1276/166 733/1277/166
f 733/1277/166 732/1276/166 701/1245/166
f 733/1277/166 701/1245/166 699/1243/166
f 710/1254/166 734/1278/166 708/1252/166
f 708/1252/166 734/1278/166 735/1279/166
f 735/1279/166 734/1278/166 736/1280/166
f 735/1279/166 736/1280/166 737/1281/166
f 737/1281/166 736/1280/166 738/1282/166
f 737/1281/166 738/1282/166 739/1283/166
f 739/1283/166 738/1282/166 740/1284/166
f 739/1283/166 740/1284/166 741/1285/166
f 741/1285/166 740/1284/166 742/1286/166
f 741/1285/166 742/1286/166 743/1287/166
f 743/1287/166 742/1286/166 744/1288/166
f 743/1287/166 744/1288/166 745/1289/166
f 745/1289/166 744/1288/166 746/1290/166
f 745/1289/166 746/1290/166 747/1291/166
f 744/1288/166 748/1292/166 746/1290/166
f 746/1290/166 748/1292/166 749/1293/166
f 749/1293/166 748/1292/166 750/1294/166
f 750/1294/166 748/1292/166 751/1295/166
f 750/1294/166 751/1295/166 752/1296/166
f 752/1296/166 751/1295/166 753/1297/166
f 753/1297/166 751/1295/166 754/1298/166
f 753/1297/166 754/1298/166 755/1299/166
f 755/1299/166 754/1298/166 756/1300/166
f 756/1300/166 754/1298/166 757/1301/166
f 756/1300/166 757/1301/166 758/1302/166
f 758/1302/166 757/1301/166 759/1303/166
f 758/1302/166 759/1303/166 760/1304/166
f 757/1301/166 761/1305/166 759/1303/166
f 759/1303/166 761/1305/166 762/1306/166
f 759/1303/166 762/1306/166 763/1307/166
f 763/1307/166 762/1306/166 764/1308/166
f 763/1307/166 764/1308/166 765/1309/166
f 765/1309/166 764/1308/166 766/1310/166
f 766/1310/166 764/1308/166 767/1311/166
f 766/1310/166 767/1311/166 768/1312/166
f 768/1312/166 767/1311/166 769/1313/166
f 768/1312/166 769/1313/166 770/1314/166
f 770/1314/166 769/1313/166 771/1315/166
f 770/1314/166 771/1315/166 772/1316/166
f 762/1306/166 761/1305/166 725/1269/166
f 725/1269/166 761/1305/166 723/1267/166
f 649/1189/166 773/1317/166 633/1173/166
f 633/1173/166 773/1317/166 774/1318/166
f 633/1173/166 774/1318/166 775/1319/166
f 775/1319/166 631/1171/166 633/1173/166
f 625/1165/166 776/1320/166 618/1158/166
f 618/1158/166 776/1320/166 777/1321/166
f 618/1158/166 777/1321/166 778/1322/166
f 779/1323/166 780/1324/166 778/1322/166
f 778/1322/166 780/1324/166 781/1325/166
f 778/1322/166 781/1325/166 618/1158/166
f 618/1158/166 781/1325/166 782/1326/166
f 618/1158/166 782/1326/166 783/1327/166
f 780/1324/166 779/1323/166 784/1328/166
f 784/1328/166 779/1323/166 785/1329/166
f 784/1328/166 785/1329/166 786/1330/166
f 786/1330/166 785/1329/166 745/1289/166
f 786/1330/166 745/1289/166 747/1291/166
f 758/1302/166 787/1331/166 788/1332/166
f 788/1332/166 787/1331/166 789/1333/166
f 788/1332/166 789/1333/166 790/1334/166
f 783/1327/166 791/1335/166 618/1158/166
f 618/1158/166 791/1335/166 792/1336/166
f 618/1158/166 792/1336/166 793/1337/166
f 793/1337/166 794/1338/166 618/1158/166
f 618/1158/166 794/1338/166 619/1159/166
f 794/1338/166 795/1339/166 619/1159/166
f 619/1159/166 795/1339/166 796/1340/166
f 796/1340/166 795/1339/166 797/1341/166
f 796/1340/166 797/1341/166 798/1342/166
f 798/1342/166 797/1341/166 799/1343/166
f 798/1342/166 799/1343/166 800/1344/166
f 800/1344/166 801/1345/166 798/1342/166
f 798/1342/166 801/1345/166 802/1346/166
f 798/1342/166 802/1346/166 803/1347/166
f 803/1347/166 802/1346/166 804/1348/166
f 803/1347/166 804/1348/166 805/1349/166
f 805/1349/166 806/1350/166 803/1347/166
f 803/1347/166 806/1350/166 807/1351/166
f 807/1351/166 806/1350/166 808/1352/166
f 807/1351/166 808/1352/166 809/1353/166
f 809/1353/166 808/1352/166 788/1332/166
f 809/1353/166 788/1332/166 810/1354/166
f 810/1354/166 788/1332/166 790/1334/166
f 770/1314/166 772/1316/166 811/1355/166
f 811/1355/166 772/1316/166 812/1356/166
f 811/1355/166 812/1356/166 813/1357/166
f 760/1304/166 814/1358/166 758/1302/166
f 758/1302/166 814/1358/166 815/1359/166
f 758/1302/166 815/1359/166 787/1331/166
f 621/1161/166 816/1360/166 615/1154/166
f 615/1154/166 816/1360/166 817/1361/166
f 615/1154/166 817/1361/166 818/1362/166
f 818/1362/166 819/1363/166 615/1154/166
f 615/1154/166 819/1363/166 820/1364/166
f 615/1154/166 820/1364/166 821/1365/166
f 820/1364/166 819/1363/166 822/1366/166
f 822/1366/166 819/1363/166 823/1367/166
f 822/1366/166 823/1367/166 824/1368/166
f 824/1368/166 823/1367/166 825/1369/166
f 824/1368/166 825/1369/166 826/1370/166
f 827/1371/166 828/1372/166 826/1370/166
f 826/1370/166 828/1372/166 829/1373/166
f 826/1370/166 829/1373/166 824/1368/166
f 828/1372/166 827/1371/166 830/1374/166
f 830/1374/166 827/1371/166 811/1355/166
f 830/1374/166 811/1355/166 813/1357/166
f 831/1375/166 577/1376/166 832/1377/166
f 832/1377/166 577/1376/166 578/1378/166
f 832/1377/166 578/1378/166 833/1379/166
f 833/1379/166 578/1378/166 579/1380/166
f 833/1379/166 579/1380/166 586/1381/166
f 586/1381/166 579/1380/166 580/1382/166
f 586/1381/166 580/1382/166 585/1383/166
f 585/1383/166 580/1382/166 584/1384/166
f 584/1384/166 580/1382/166 583/1385/166
f 583/1385/166 580/1382/166 582/1386/166
f 582/1386/166 580/1382/166 581/1387/166
f 577/1376/166 831/1375/166 576/1388/166
f 576/1388/166 831/1375/166 834/1389/166
f 576/1388/166 834/1389/166 575/1390/166
f 575/1390/166 834/1389/166 574/1391/166
f 574/1391/166 834/1389/166 835/1392/166
f 574/1391/166 835/1392/166 573/1393/166
f 573/1393/166 835/1392/166 684/1224/166
f 573/1393/166 684/1224/166 572/1394/166
f 572/1394/166 684/1224/166 571/1395/166
f 571/1395/166 684/1224/166 570/1396/166
f 570/1396/166 684/1224/166 569/1397/166
f 569/1397/166 684/1224/166 568/1398/166
f 568/1398/166 684/1224/166 567/1399/166
f 567/1399/166 684/1224/166 558/1400/166
f 567/1399/166 558/1400/166 566/1401/166
f 566/1401/166 558/1400/166 559/1402/166
f 566/1401/166 559/1402/166 565/1403/166
f 565/1403/166 559/1402/166 560/1404/166
f 565/1403/166 560/1404/166 561/1405/166
f 835/1392/166 836/1406/166 684/1224/166
f 684/1224/166 836/1406/166 837/1407/166
f 684/1224/166 837/1407/166 685/1225/166
f 722/1266/166 838/1408/166 724/1268/166
f 724/1268/166 838/1408/166 839/1409/166
f 724/1268/166 839/1409/166 840/1410/166
f 840/1410/166 839/1409/166 841/1411/166
f 840/1410/166 841/1411/166 842/1412/166
f 842/1412/166 841/1411/166 843/1413/166
f 842/1412/166 843/1413/166 844/1414/166
f 844/1414/166 843/1413/166 845/1415/166
f 845/1415/166 843/1413/166 846/1416/166
f 845/1415/166 846/1416/166 847/1417/166
f 847/1417/166 846/1416/166 832/1377/166
f 847/1417/166 832/1377/166 833/1379/166
f 812/1356/166 772/1316/166 848/1418/166
f 848/1418/166 772/1316/166 849/1419/166
f 848/1418/166 849/1419/166 850/1420/166
f 850/1420/166 849/1419/166 851/1421/166
f 850/1420/166 851/1421/166 852/1422/166
f 852/1422/166 853/1423/166 850/1420/166
f 850/1420/166 853/1423/166 854/1424/166
f 850/1420/166 854/1424/166 855/1425/166
f 821/1365/166 856/1426/166 615/1154/166
f 615/1154/166 856/1426/166 616/1156/166
f 546/1155/166 617/1157/166 545/1427/166
f 545/1427/166 617/1157/166 537/1428/166
f 545/1427/166 537/1428/166 544/1429/166
f 544/1429/166 537/1428/166 538/1430/166
f 544/1429/166 538/1430/166 543/1431/166
f 543/1431/166 538/1430/166 542/1432/166
f 542/1432/166 538/1430/166 541/1433/166
f 541/1433/166 538/1430/166 540/1434/166
f 540/1434/166 538/1430/166 539/1435/166
f 546/1155/166 547/1436/166 606/1143/166
f 606/1143/166 547/1436/166 548/1437/166
f 606/1143/166 548/1437/166 549/1438/166
f 549/1438/166 550/1439/166 606/1143/166
f 606/1143/166 550/1439/166 551/1147/166
f 556/1231/166 557/1440/166 684/1224/166
f 684/1224/166 557/1440/166 558/1400/166
f 561/1405/166 562/1441/166 565/1403/166
f 565/1403/166 562/1441/166 563/1442/166
f 565/1403/166 563/1442/166 564/1443/166
usemtl miyoo_shell
f 286/1444/30 294/1445/30 586/1446/30
f 586/1446/30 294/1445/30 833/1447/30
f 822/1448/483 392/1449/483 820/1450/483
f 820/1450/483 392/1449/483 400/1451/483
f 820/1450/484 400/1451/484 821/1452/484
f 821/1452/484 400/1451/484 405/1453/484
f 821/1452/485 405/1453/485 856/1454/485
f 856/1454/485 405/1453/485 406/1455/485
f 856/1454/448 406/1455/448 616/1456/448
f 616/1456/448 406/1455/448 410/1457/448
f 616/1456/447 410/1457/447 617/1458/447
f 617/1458/447 410/1457/447 409/1459/447
f 617/1458/455 409/1459/455 537/1460/455
f 537/1460/455 409/1459/455 408/1461/455
f 848/1462/486 367/1463/486 812/1464/486
f 812/1464/486 367/1463/486 376/1465/486
f 812/1464/487 376/1465/487 813/1466/487
f 813/1466/487 376/1465/487 385/1467/487
f 813/1466/488 385/1467/488 830/1468/488
f 830/1468/488 385/1467/488 384/1469/488
f 830/1468/489 384/1469/489 828/1470/489
f 828/1470/489 384/1469/489 383/1471/489
f 828/1470/490 383/1471/490 829/1472/490
f 829/1472/490 383/1471/490 381/1473/490
f 829/1472/491 381/1473/491 824/1474/491
f 824/1474/491 381/1473/491 382/1475/491
f 358/1476/58 367/1477/58 850/1478/58
f 850/1478/58 367/1477/58 848/1479/58
f 849/1480/492 342/1481/492 851/1482/492
f 851/1482/492 342/1481/492 348/1483/492
f 851/1482/493 348/1483/493 852/1484/493
f 852/1484/493 348/1483/493 360/1485/493
f 852/1484/494 360/1485/494 853/1486/494
f 853/1486/494 360/1485/494 357/1487/494
f 853/1486/488 357/1487/488 854/1488/488
f 854/1488/488 357/1487/488 356/1489/488
f 854/1488/495 356/1489/495 855/1490/495
f 855/1490/495 356/1489/495 359/1491/495
f 855/1490/496 359/1491/496 850/1492/496
f 850/1492/496 359/1491/496 358/1493/496
f 725/1494/486 318/1495/486 762/1496/486
f 762/1496/486 318/1495/486 326/1497/486
f 762/1496/487 326/1497/487 764/1498/487
f 764/1498/487 326/1497/487 331/1499/487
f 764/1498/497 331/1499/497 767/1500/497
f 767/1500/497 331/1499/497 330/1501/497
f 767/1500/498 330/1501/498 769/1502/498
f 769/1502/498 330/1501/498 335/1503/498
f 769/1502/499 335/1503/499 771/1504/499
f 771/1504/499 335/1503/499 333/1505/499
f 771/1504/500 333/1505/500 772/1506/500
f 772/1506/500 333/1505/500 334/1507/500
f 308/1508/58 318/1509/58 724/1510/58
f 724/1510/58 318/1509/58 725/1511/58
f 833/1512/501 294/1513/501 847/1514/501
f 847/1514/501 294/1513/501 302/1515/501
f 847/1514/502 302/1515/502 845/1516/502
f 845/1516/502 302/1515/502 311/1517/502
f 845/1516/503 311/1517/503 844/1518/503
f 844/1518/503 311/1517/503 306/1519/503
f 844/1518/504 306/1519/504 842/1520/504
f 842/1520/504 306/1519/504 310/1521/504
f 842/1520/505 310/1521/505 840/1522/505
f 840/1522/505 310/1521/505 309/1523/505
f 840/1522/476 309/1523/476 724/1524/476
f 724/1524/476 309/1523/476 308/1525/476
f 857/1526/506 858/1527/506 859/1528/506
f 857/1529/507 859/1530/507 860/1531/507
f 861/1532/508 862/1533/508 863/1534/508
f 861/1532/509 863/1534/509 864/1535/509
f 865/1536/510 866/1537/510 867/1538/510
f 865/1536/511 867/1538/511 868/1539/511
usemtl miyoo_front
f 869/1540/512 870/1541/512 871/1542/512
f 871/1542/513 870/1541/513 872/1543/513
f 871/1544/514 872/1545/514 873/1546/514
f 874/1547/515 873/1546/515 875/1548/515
f 874/1547/516 875/1548/516 876/1549/516
f 877/1550/517 878/1551/517 879/1552/517
f 877/1550/518 879/1552/518 880/1553/518
f 881/1554/519 882/1555/519 883/1556/519
f 881/1554/520 883/1556/520 884/1557/520
f 885/1558/521 886/1559/521 887/1560/521
f 885/1558/522 887/1560/522 888/1561/522
f 869/1540/523 888/1561/523 870/1541/523
usemtl miyoo_shell
f 859/1530/524 889/1562/524 860/1531/524
f 860/1531/525 889/1562/525 870/1541/525
f 860/1531/526 870/1541/526 890/1563/526
f 891/1564/527 890/1563/527 887/1560/527
f 891/1564/528 887/1560/528 892/1565/528
f 892/1565/529 887/1560/529 893/1566/529
f 892/1565/530 893/1566/530 894/1567/530
f 894/1567/531 893/1566/531 895/1568/531
f 894/1567/532 895/1568/532 862/1533/532
f 862/1533/533 895/1568/533 883/1556/533
f 862/1533/534 883/1556/534 863/1534/534
f 864/1535/535 863/1534/535 896/1569/535
f 864/1535/536 896/1569/536 897/1570/536
f 898/1571/537 899/1572/537 879/1552/537
f 898/1571/538 879/1552/538 900/1573/538
f 900/1573/539 879/1552/539 901/1574/539
f 900/1573/540 901/1574/540 902/1575/540
f 903/1576/541 902/1575/541 904/1577/541
f 903/1576/542 904/1577/542 866/1537/542
f 866/1537/543 904/1577/543 905/1578/543
f 866/1537/544 905/1578/544 867/1538/544
f 868/1539/545 867/1538/545 906/1579/545
f 868/1539/546 906/1579/546 907/1580/546
f 907/1580/547 906/1579/547 908/1581/547
f 907/1580/548 908/1581/548 909/1582/548
f 910/1583/549 909/1582/549 911/1584/549
f 910/1583/550 911/1584/550 912/1585/550
f 912/1585/551 911/1584/551 875/1548/551
f 912/1585/552 875/1548/552 858/1527/552
f 858/1527/553 875/1548/553 913/1586/553
f 858/1527/554 913/1586/554 859/1528/554
f 859/1528/555 913/1586/555 889/1587/555
f 889/1562/556 914/1588/556 870/1541/556
f 890/1563/557 870/1541/557 887/1560/557
f 897/1570/558 896/1569/558 915/1589/558
f 897/1570/559 915/1589/559 916/1590/559
f 916/1590/560 915/1589/560 899/1572/560
f 899/1572/561 915/1589/561 879/1552/561
f 902/1575/562 901/1574/562 904/1577/562
f 909/1582/563 908/1581/563 911/1584/563
f 889/1587/564 913/1586/564 914/1591/564
usemtl miyoo_front
f 914/1588/565 917/1592/565 870/1541/565
f 893/1566/566 887/1560/566 886/1559/566
f 893/1566/567 886/1559/567 895/1568/567
f 863/1534/568 883/1556/568 882/1555/568
f 863/1534/569 882/1555/569 896/1569/569
f 896/1569/570 882/1555/570 918/1593/570
f 896/1569/571 918/1593/571 915/1589/571
f 905/1578/572 904/1577/572 919/1594/572
f 905/1578/573 919/1594/573 867/1538/573
f 867/1538/574 919/1594/574 906/1579/574
f 908/1581/575 906/1579/575 920/1595/575
f 914/1591/576 913/1586/576 917/1596/576
f 917/1592/577 872/1543/577 870/1541/577
f 870/1541/578 888/1561/578 887/1560/578
f 895/1568/579 886/1559/579 884/1557/579
f 895/1568/580 884/1557/580 883/1556/580
f 915/1589/581 918/1593/581 921/1597/581
f 915/1589/582 921/1597/582 922/1598/582
f 915/1589/583 922/1598/583 879/1552/583
f 879/1552/584 922/1598/584 880/1553/584
f 901/1574/585 879/1552/585 878/1551/585
f 901/1574/586 878/1551/586 904/1577/586
f 904/1577/587 878/1551/587 923/1599/587
f 904/1577/588 923/1599/588 924/1600/588
f 904/1577/589 924/1600/589 919/1594/589
f 906/1579/590 919/1594/590 925/1601/590
f 906/1579/591 925/1601/591 926/1602/591
f 906/1579/575 926/1602/575 920/1595/575
f 908/1581/592 920/1595/592 927/1603/592
f 908/1581/593 927/1603/593 911/1584/593
f 911/1584/594 927/1603/594 876/1549/594
f 911/1584/516 876/1549/516 875/1548/516
f 913/1586/595 875/1548/595 873/1546/595
f 913/1586/596 873/1546/596 917/1596/596
f 917/1596/597 873/1546/597 872/1545/597
usemtl miyoo_shell
f 708/1604/598 858/1605/598 707/1606/598
f 707/1606/598 858/1605/598 857/1607/598
f 707/1608/471 857/1609/471 672/1610/471
f 672/1610/471 857/1609/471 860/1611/471
f 672/1610/599 860/1611/599 674/1612/599
f 674/1612/599 860/1611/599 890/1613/599
f 674/1612/600 890/1613/600 676/1614/600
f 676/1614/600 890/1613/600 891/1615/600
f 676/1614/601 891/1615/601 678/1616/601
f 678/1616/601 891/1615/601 892/1617/601
f 678/1616/478 892/1617/478 680/1618/478
f 680/1618/478 892/1617/478 894/1619/478
f 680/1618/602 894/1619/602 682/1620/602
f 682/1620/602 894/1619/602 862/1621/602
f 682/1620/603 862/1621/603 629/1622/603
f 629/1622/603 862/1621/603 861/1623/603
f 629/1622/604 861/1623/604 626/1624/604
f 626/1624/604 861/1623/604 864/1625/604
f 626/1624/605 864/1625/605 623/1626/605
f 623/1626/605 864/1625/605 897/1627/605
f 623/1626/606 897/1627/606 624/1628/606
f 624/1628/606 897/1627/606 916/1629/606
f 624/1628/607 916/1629/607 625/1630/607
f 625/1630/607 916/1629/607 899/1631/607
f 625/1630/608 899/1631/608 776/1632/608
f 776/1632/608 899/1631/608 898/1633/608
f 776/1632/609 898/1633/609 777/1634/609
f 777/1634/609 898/1633/609 900/1635/609
f 777/1634/610 900/1635/610 778/1636/610
f 778/1636/610 900/1635/610 902/1637/610
f 778/1636/611 902/1637/611 779/1638/611
f 779/1638/611 902/1637/611 903/1639/611
f 779/1638/612 903/1639/612 785/1640/612
f 785/1640/612 903/1639/612 866/1641/612
f 785/1640/613 866/1641/613 745/1642/613
f 745/1642/613 866/1641/613 865/1643/613
f 745/1642/614 865/1643/614 743/1644/614
f 743/1644/614 865/1643/614 868/1645/614
f 743/1644/615 868/1645/615 741/1646/615
f 741/1646/615 868/1645/615 907/1647/615
f 741/1646/616 907/1647/616 739/1648/616
f 739/1648/616 907/1647/616 909/1649/616
f 739/1648/617 909/1649/617 737/1650/617
f 737/1650/617 909/1649/617 910/1651/617
f 737/1650/618 910/1651/618 735/1652/618
f 735/1652/618 910/1651/618 912/1653/618
f 735/1652/619 912/1653/619 708/1604/619
f 708/1604/619 912/1653/619 858/1605/619
usemtl miyoo_front
f 871/1654/166 873/1655/166 869/1656/166
f 869/1656/166 873/1655/166 888/1657/166
f 888/1657/166 873/1655/166 874/1658/166
f 888/1657/166 874/1658/166 885/1659/166
f 885/1659/166 874/1658/166 876/1660/166
f 885/1659/166 876/1660/166 886/1661/166
f 886/1661/166 876/1660/166 927/1662/166
f 886/1661/166 927/1662/166 884/1663/166
f 884/1663/166 927/1662/166 920/1664/166
f 884/1663/166 920/1664/166 881/1665/166
f 881/1665/166 920/1664/166 926/1666/166
f 881/1665/166 926/1666/166 882/1667/166
f 882/1667/166 926/1666/166 925/1668/166
f 882/1667/166 925/1668/166 918/1669/166
f 918/1669/166 925/1668/166 919/1670/166
f 918/1669/166 919/1670/166 921/1671/166
f 921/1671/166 919/1670/166 924/1672/166
f 921/1671/166 924/1672/166 922/1673/166
f 922/1673/166 924/1672/166 923/1674/166
f 922/1673/166 923/1674/166 880/1675/166
f 880/1675/166 923/1674/166 878/1676/166
f 880/1675/166 878/1676/166 877/1677/166
usemtl miyoo_shell
f 928/1678/620 929/1679/620 930/1680/620
f 928/1681/621 930/1682/621 931/1683/621
f 932/1684/508 933/1685/508 934/1686/508
f 932/1684/622 934/1686/622 935/1687/622
usemtl miyoo_front
f 936/1688/623 937/1689/623 938/1690/623
f 936/1688/624 938/1690/624 939/1691/624
f 940/1692/625 941/1693/625 942/1694/625
f 940/1692/626 942/1694/626 943/1695/626
f 943/1695/627 942/1694/627 944/1696/627
f 943/1695/582 944/1696/582 945/1697/582
f 946/1698/628 947/1699/628 948/1700/628
f 946/1698/629 948/1700/629 949/1701/629
f 950/1702/630 951/1703/630 952/1704/630
f 950/1702/631 952/1704/631 953/1705/631
f 953/1705/631 952/1704/631 954/1706/631
f 953/1705/632 954/1706/632 955/1707/632
f 956/1708/633 955/1707/633 957/1709/633
f 956/1710/514 957/1711/514 958/1712/514
f 958/1712/634 957/1711/634 959/1713/634
f 958/1712/635 959/1713/635 960/1714/635
usemtl miyoo_shell
f 930/1682/636 961/1715/636 931/1683/636
f 962/1716/637 931/1683/637 954/1706/637
f 962/1716/638 954/1706/638 963/1717/638
f 963/1717/639 954/1706/639 952/1704/639
f 963/1717/640 952/1704/640 964/1718/640
f 964/1718/641 952/1704/641 965/1719/641
f 964/1718/642 965/1719/642 966/1720/642
f 933/1685/643 966/1720/643 967/1721/643
f 933/1685/508 967/1721/508 934/1686/508
f 935/1687/644 934/1686/644 968/1722/644
f 935/1687/645 968/1722/645 969/1723/645
f 969/1723/645 968/1722/645 970/1724/645
f 969/1723/646 970/1724/646 971/1725/646
f 971/1725/647 970/1724/647 944/1696/647
f 971/1725/560 944/1696/560 972/1726/560
f 972/1726/648 944/1696/648 942/1694/648
f 972/1726/649 942/1694/649 973/1727/649
f 974/1728/650 973/1727/650 975/1729/650
f 974/1728/651 975/1729/651 976/1730/651
f 976/1730/652 975/1729/652 938/1690/652
f 976/1730/653 938/1690/653 977/1731/653
f 977/1731/653 938/1690/653 978/1732/653
f 977/1731/654 978/1732/654 979/1733/654
f 979/1733/655 978/1732/655 980/1734/655
f 979/1733/656 980/1734/656 981/1735/656
f 982/1736/657 983/1737/657 984/1738/657
f 982/1736/658 984/1738/658 985/1739/658
f 985/1739/659 984/1738/659 986/1740/659
f 985/1739/660 986/1740/660 929/1679/660
f 929/1679/661 986/1740/661 959/1713/661
f 929/1679/662 959/1713/662 930/1680/662
f 930/1680/663 959/1713/663 961/1741/663
f 961/1715/664 987/1742/664 931/1683/664
f 931/1683/665 987/1742/665 954/1706/665
f 966/1720/666 965/1719/666 967/1721/666
f 973/1727/667 942/1694/667 975/1729/667
f 981/1735/668 980/1734/668 988/1743/668
f 988/1743/669 980/1734/669 989/1744/669
f 988/1743/670 989/1744/670 990/1745/670
f 990/1745/671 989/1744/671 983/1737/671
f 983/1737/672 989/1744/672 984/1738/672
f 961/1741/673 959/1713/673 987/1746/673
usemtl miyoo_front
f 987/1742/674 991/1747/674 954/1706/674
f 965/1719/675 952/1704/675 951/1703/675
f 967/1721/676 965/1719/676 948/1700/676
f 967/1721/677 948/1700/677 934/1686/677
f 934/1686/678 948/1700/678 968/1722/678
f 968/1722/679 948/1700/679 947/1699/679
f 968/1722/680 947/1699/680 970/1724/680
f 970/1724/680 947/1699/680 945/1697/680
f 970/1724/681 945/1697/681 944/1696/681
f 987/1746/682 959/1713/682 991/1748/682
f 991/1747/683 957/1709/683 954/1706/683
f 954/1706/684 957/1709/684 955/1707/684
f 965/1719/685 951/1703/685 992/1749/685
f 965/1719/686 992/1749/686 948/1700/686
f 948/1700/687 992/1749/687 949/1701/687
f 975/1729/688 942/1694/688 941/1693/688
f 975/1729/689 941/1693/689 939/1691/689
f 975/1729/690 939/1691/690 938/1690/690
f 978/1732/623 938/1690/623 937/1689/623
f 978/1732/691 937/1689/691 980/1734/691
f 980/1734/692 937/1689/692 993/1750/692
f 980/1734/693 993/1750/693 994/1751/693
f 980/1734/694 994/1751/694 989/1744/694
f 989/1744/695 994/1751/695 995/1752/695
f 989/1744/696 995/1752/696 996/1753/696
f 989/1744/697 996/1753/697 984/1738/697
f 984/1738/698 996/1753/698 997/1754/698
f 984/1738/699 997/1754/699 998/1755/699
f 984/1738/402 998/1755/402 986/1740/402
f 986/1740/516 998/1755/516 960/1714/516
f 986/1740/700 960/1714/700 959/1713/700
f 991/1748/701 959/1713/701 957/1711/701
usemtl miyoo_shell
f 761/1756/614 981/1757/614 723/1758/614
f 723/1758/614 981/1757/614 988/1759/614
f 723/1760/615 988/1761/615 721/1762/615
f 721/1762/615 988/1761/615 990/1763/615
f 721/1762/616 990/1763/616 726/1764/616
f 726/1764/616 990/1763/616 983/1765/616
f 726/1764/702 983/1765/702 730/1766/702
f 730/1766/702 983/1765/702 982/1767/702
f 730/1766/703 982/1767/703 732/1768/703
f 732/1768/703 982/1767/703 985/1769/703
f 732/1768/704 985/1769/704 701/1770/704
f 701/1770/704 985/1769/704 929/1771/704
f 701/1770/470 929/1771/470 702/1772/470
f 702/1772/470 929/1771/470 928/1773/470
f 702/1772/705 928/1773/705 719/1774/705
f 719/1774/705 928/1773/705 931/1775/705
f 719/1774/706 931/1775/706 718/1776/706
f 718/1776/706 931/1775/706 962/1777/706
f 718/1776/480 962/1777/480 716/1778/480
f 716/1778/480 962/1777/480 963/1779/480
f 716/1778/601 963/1779/601 714/1780/601
f 714/1780/601 963/1779/601 964/1781/601
f 714/1780/478 964/1781/478 711/1782/478
f 711/1782/478 964/1781/478 966/1783/478
f 711/1782/602 966/1783/602 710/1784/602
f 710/1784/602 966/1783/602 933/1785/602
f 710/1784/603 933/1785/603 734/1786/603
f 734/1786/603 933/1785/603 932/1787/603
f 734/1786/495 932/1787/495 736/1788/495
f 736/1788/495 932/1787/495 935/1789/495
f 736/1788/605 935/1789/605 738/1790/605
f 738/1790/605 935/1789/605 969/1791/605
f 738/1790/606 969/1791/606 740/1792/606
f 740/1792/606 969/1791/606 971/1793/606
f 740/1792/607 971/1793/607 742/1794/607
f 742/1794/607 971/1793/607 972/1795/607
f 742/1794/608 972/1795/608 744/1796/608
f 744/1796/608 972/1795/608 973/1797/608
f 744/1796/609 973/1797/609 748/1798/609
f 748/1798/609 973/1797/609 974/1799/609
f 748/1798/610 974/1799/610 751/1800/610
f 751/1800/610 974/1799/610 976/1801/610
f 751/1800/611 976/1801/611 754/1802/611
f 754/1802/611 976/1801/611 977/1803/611
f 754/1802/707 977/1803/707 757/1804/707
f 757/1804/707 977/1803/707 979/1805/707
f 757/1804/708 979/1805/708 761/1756/708
f 761/1756/708 979/1805/708 981/1757/708
usemtl miyoo_front
f 994/1806/166 946/1807/166 995/1808/166
f 995/1808/166 946/1807/166 949/1809/166
f 995/1808/166 949/1809/166 996/1810/166
f 996/1810/166 949/1809/166 992/1811/166
f 996/1810/166 992/1811/166 997/1812/166
f 997/1812/166 992/1811/166 951/1813/166
f 997/1812/166 951/1813/166 998/1814/166
f 998/1814/166 951/1813/166 950/1815/166
f 998/1814/166 950/1815/166 960/1816/166
f 960/1816/166 950/1815/166 953/1817/166
f 960/1816/166 953/1817/166 958/1818/166
f 958/1818/166 953/1817/166 955/1819/166
f 958/1818/166 955/1819/166 956/1820/166
f 946/1807/166 994/1806/166 947/1821/166
f 947/1821/166 994/1806/166 993/1822/166
f 947/1821/166 993/1822/166 945/1823/166
f 945/1823/166 993/1822/166 937/1824/166
f 945/1823/166 937/1824/166 943/1825/166
f 943/1825/166 937/1824/166 936/1826/166
f 943/1825/166 936/1826/166 940/1827/166
f 940/1827/166 936/1826/166 939/1828/166
f 940/1827/166 939/1828/166 941/1829/166
usemtl miyoo_shell
f 999/1830/506 1000/1831/506 1001/1832/506
f 999/1833/507 1001/1834/507 1002/1835/507
f 1003/1836/709 1004/1837/709 1005/1838/709
f 1003/1836/710 1005/1838/710 1006/1839/710
f 1007/1840/711 1008/1841/711 1009/1842/711
f 1007/1840/712 1009/1842/712 1010/1843/712
usemtl miyoo_front
f 1011/1844/713 1012/1845/713 1013/1846/713
f 1011/1847/714 1013/1848/714 1014/1849/714
f 1015/1850/575 1016/1851/575 1017/1852/575
f 1015/1850/591 1017/1852/591 1018/1853/591
f 1018/1853/715 1017/1852/715 1019/1854/715
f 1018/1853/716 1019/1854/716 1020/1855/716
f 1021/1856/517 1022/1857/517 1023/1858/517
f 1021/1856/518 1023/1858/518 1024/1859/518
usemtl miyoo_shell
f 1001/1834/717 1025/1860/717 1002/1835/717
f 1004/1837/718 1002/1835/718 1026/1861/718
f 1004/1837/719 1026/1861/719 1005/1838/719
f 1006/1839/720 1005/1838/720 1027/1862/720
f 1006/1839/721 1027/1862/721 1028/1863/721
f 1028/1863/722 1027/1862/722 1029/1864/722
f 1028/1863/532 1029/1864/532 1030/1865/532
f 1031/1866/723 1032/1867/723 1033/1868/723
f 1031/1866/724 1033/1868/724 1034/1869/724
f 1010/1843/725 1009/1842/725 1023/1858/725
f 1010/1843/538 1023/1858/538 1035/1870/538
f 1036/1871/726 1037/1872/726 1038/1873/726
f 1036/1871/727 1038/1873/727 1039/1874/727
f 1039/1874/728 1038/1873/728 1040/1875/728
f 1039/1874/729 1040/1875/729 1041/1876/729
f 1041/1876/730 1040/1875/730 1019/1854/730
f 1041/1876/731 1019/1854/731 1042/1877/731
f 1042/1877/732 1019/1854/732 1017/1852/732
f 1042/1877/546 1017/1852/546 1043/1878/546
f 1044/1879/733 1045/1880/733 1046/1881/733
f 1044/1879/734 1046/1881/734 1047/1882/734
f 1047/1882/735 1046/1881/735 1048/1883/735
f 1047/1882/736 1048/1883/736 1000/1831/736
f 1001/1832/737 1000/1831/737 1025/1884/737
f 1025/1860/664 1049/1885/664 1002/1835/664
f 1002/1835/738 1049/1885/738 1026/1861/738
f 1030/1865/739 1029/1864/739 1050/1886/739
f 1030/1865/740 1050/1886/740 1032/1867/740
f 1032/1867/741 1050/1886/741 1033/1868/741
f 1034/1869/742 1033/1868/742 1051/1887/742
f 1034/1869/559 1051/1887/559 1008/1841/559
f 1008/1841/743 1051/1887/743 1009/1842/743
f 1035/1870/744 1023/1858/744 1052/1888/744
f 1035/1870/745 1052/1888/745 1037/1872/745
f 1037/1872/746 1052/1888/746 1038/1873/746
f 1043/1878/747 1017/1852/747 1053/1889/747
f 1043/1878/748 1053/1889/748 1045/1880/748
f 1045/1880/749 1053/1889/749 1046/1881/749
f 1000/1831/750 1048/1883/750 1054/1890/750
f 1000/1831/751 1054/1890/751 1025/1884/751
f 1025/1884/673 1054/1890/673 1049/1891/673
usemtl miyoo_front
f 1049/1885/196 1055/1892/196 1026/1861/196
f 1005/1838/752 1026/1861/752 1056/1893/752
f 1005/1838/753 1056/1893/753 1027/1862/753
f 1027/1862/754 1056/1893/754 1057/1894/754
f 1027/1862/567 1057/1894/567 1029/1864/567
f 1033/1868/755 1050/1886/755 1058/1895/755
f 1033/1868/571 1058/1895/571 1051/1887/571
f 1009/1842/756 1051/1887/756 1023/1858/756
f 1052/1888/757 1059/1896/757 1038/1873/757
f 1038/1873/758 1059/1896/758 1060/1897/758
f 1038/1873/759 1060/1897/759 1040/1875/759
f 1046/1881/760 1053/1889/760 1061/1898/760
f 1046/1881/761 1061/1898/761 1048/1883/761
f 1048/1883/762 1061/1898/762 1054/1890/762
f 1049/1891/763 1054/1890/763 1055/1899/763
f 1055/1892/764 1013/1846/764 1026/1861/764
f 1026/1861/684 1013/1846/684 1012/1845/684
f 1026/1861/765 1012/1845/765 1062/1900/765
f 1026/1861/631 1062/1900/631 1056/1893/631
f 1029/1864/579 1057/1894/579 1063/1901/579
f 1029/1864/766 1063/1901/766 1050/1886/766
f 1050/1886/767 1063/1901/767 1064/1902/767
f 1050/1886/768 1064/1902/768 1065/1903/768
f 1050/1886/769 1065/1903/769 1058/1895/769
f 1051/1887/770 1058/1895/770 1066/1904/770
f 1051/1887/771 1066/1904/771 1067/1905/771
f 1051/1887/772 1067/1905/772 1023/1858/772
f 1023/1858/773 1067/1905/773 1024/1859/773
f 1052/1888/774 1023/1858/774 1022/1857/774
f 1052/1888/624 1022/1857/624 1059/1896/624
f 1040/1875/692 1060/1897/692 1020/1855/692
f 1040/1875/775 1020/1855/775 1019/1854/775
f 1053/1889/776 1017/1852/776 1016/1851/776
f 1053/1889/777 1016/1851/777 1068/1906/777
f 1053/1889/778 1068/1906/778 1061/1898/778
f 1054/1890/779 1061/1898/779 1069/1907/779
f 1054/1890/780 1069/1907/780 1014/1849/780
f 1054/1890/781 1014/1849/781 1055/1899/781
f 1055/1899/782 1014/1849/782 1013/1848/782
usemtl miyoo_shell
f 692/1908/598 1000/1909/598 691/1910/598
f 691/1910/598 1000/1909/598 999/1911/598
f 691/1912/471 999/1913/471 690/1914/471
f 690/1914/471 999/1913/471 1002/1915/471
f 690/1914/599 1002/1915/599 703/1916/599
f 703/1916/599 1002/1915/599 1004/1917/599
f 703/1916/600 1004/1917/600 704/1918/600
f 704/1918/600 1004/1917/600 1003/1919/600
f 704/1918/601 1003/1919/601 705/1920/601
f 705/1920/601 1003/1919/601 1006/1921/601
f 705/1920/783 1006/1921/783 658/1922/783
f 658/1922/783 1006/1921/783 1028/1923/783
f 658/1922/602 1028/1923/602 660/1924/602
f 660/1924/602 1028/1923/602 1030/1925/602
f 660/1924/603 1030/1925/603 662/1926/603
f 662/1926/603 1030/1925/603 1032/1927/603
f 662/1926/495 1032/1927/495 664/1928/495
f 664/1928/495 1032/1927/495 1031/1929/495
f 664/1928/605 1031/1929/605 666/1930/605
f 666/1930/605 1031/1929/605 1034/1931/605
f 666/1930/606 1034/1931/606 668/1932/606
f 668/1932/606 1034/1931/606 1008/1933/606
f 668/1932/607 1008/1933/607 670/1934/607
f 670/1934/607 1008/1933/607 1007/1935/607
f 670/1934/608 1007/1935/608 706/1936/608
f 706/1936/608 1007/1935/608 1010/1937/608
f 706/1936/609 1010/1937/609 709/1938/609
f 709/1938/609 1010/1937/609 1035/1939/609
f 709/1938/610 1035/1939/610 712/1940/610
f 712/1940/610 1035/1939/610 1037/1941/610
f 712/1940/611 1037/1941/611 713/1942/611
f 713/1942/611 1037/1941/611 1036/1943/611
f 713/1942/612 1036/1943/612 715/1944/612
f 715/1944/612 1036/1943/612 1039/1945/612
f 715/1944/708 1039/1945/708 717/1946/708
f 717/1946/708 1039/1945/708 1041/1947/708
f 717/1946/614 1041/1947/614 720/1948/614
f 720/1948/614 1041/1947/614 1042/1949/614
f 720/1948/615 1042/1949/615 700/1950/615
f 700/1950/615 1042/1949/615 1043/1951/615
f 700/1950/784 1043/1951/784 698/1952/784
f 698/1952/784 1043/1951/784 1045/1953/784
f 698/1952/617 1045/1953/617 696/1954/617
f 696/1954/617 1045/1953/617 1044/1955/617
f 696/1954/618 1044/1955/618 694/1956/618
f 694/1956/618 1044/1955/618 1047/1957/618
f 694/1956/619 1047/1957/619 692/1908/619
f 692/1908/619 1047/1957/619 1000/1909/619
usemtl miyoo_front
f 1011/1958/166 1014/1959/166 1012/1960/166
f 1012/1960/166 1014/1959/166 1062/1961/166
f 1062/1961/166 1014/1959/166 1069/1962/166
f 1062/1961/166 1069/1962/166 1056/1963/166
f 1056/1963/166 1069/1962/166 1061/1964/166
f 1056/1963/166 1061/1964/166 1057/1965/166
f 1057/1965/166 1061/1964/166 1068/1966/166
f 1057/1965/166 1068/1966/166 1063/1967/166
f 1063/1967/166 1068/1966/166 1016/1968/166
f 1063/1967/166 1016/1968/166 1064/1969/166
f 1064/1969/166 1016/1968/166 1015/1970/166
f 1064/1969/166 1015/1970/166 1065/1971/166
f 1065/1971/166 1015/1970/166 1018/1972/166
f 1065/1971/166 1018/1972/166 1058/1973/166
f 1058/1973/166 1018/1972/166 1020/1974/166
f 1058/1973/166 1020/1974/166 1066/1975/166
f 1066/1975/166 1020/1974/166 1060/1976/166
f 1066/1975/166 1060/1976/166 1067/1977/166
f 1067/1977/166 1060/1976/166 1059/1978/166
f 1067/1977/166 1059/1978/166 1024/1979/166
f 1024/1979/166 1059/1978/166 1022/1980/166
f 1024/1979/166 1022/1980/166 1021/1981/166
usemtl miyoo_shell
f 1070/1982/785 1071/1983/785 1072/1984/785
f 1070/1982/786 1072/1984/786 1073/1985/786
f 1074/1986/620 1075/1987/620 1076/1988/620
f 1074/1989/621 1076/1990/621 1077/1991/621
f 1078/1992/787 1077/1991/787 1079/1993/787
f 1078/1992/788 1079/1993/788 1080/1994/788
f 1080/1994/789 1079/1993/789 1081/1995/789
f 1080/1994/790 1081/1995/790 1082/1996/790
f 1083/1997/508 1084/1998/508 1085/1999/508
f 1083/1997/622 1085/1999/622 1086/2000/622
usemtl miyoo_front
f 1087/2001/517 1088/2002/517 1089/2003/517
f 1087/2001/518 1089/2003/518 1090/2004/518
f 1091/2005/791 1092/2006/791 1093/2007/791
f 1091/2005/792 1093/2007/792 1094/2008/792
f 1095/2009/633 1096/2010/633 1097/2011/633
f 1095/2012/514 1097/2013/514 1098/2014/514
usemtl miyoo_shell
f 1076/1990/636 1099/2015/636 1077/1991/636
f 1077/1991/793 1099/2015/793 1100/2016/793
f 1077/1991/794 1100/2016/794 1079/1993/794
f 1082/1996/795 1081/1995/795 1101/2017/795
f 1082/1996/796 1101/2017/796 1102/2018/796
f 1102/2018/797 1101/2017/797 1103/2019/797
f 1102/2018/532 1103/2019/532 1084/1998/532
f 1086/2000/798 1085/1999/798 1093/2007/798
f 1086/2000/799 1093/2007/799 1104/2020/799
f 1105/2021/537 1106/2022/537 1089/2003/537
f 1105/2021/538 1089/2003/538 1107/2023/538
f 1108/2024/800 1107/2023/800 1109/2025/800
f 1108/2024/801 1109/2025/801 1110/2026/801
f 1111/2027/802 1110/2026/802 1112/2028/802
f 1111/2027/729 1112/2028/729 1113/2029/729
f 1114/2030/803 1115/2031/803 1116/2032/803
f 1114/2030/804 1116/2032/804 1075/1987/804
f 1076/1988/805 1075/1987/805 1099/2033/805
f 1099/2015/556 1117/2034/556 1100/2016/556
f 1084/1998/806 1103/2019/806 1085/1999/806
f 1104/2020/807 1093/2007/807 1118/2035/807
f 1104/2020/646 1118/2035/646 1119/2036/646
f 1119/2036/808 1118/2035/808 1120/2037/808
f 1119/2036/809 1120/2037/809 1106/2022/809
f 1106/2022/810 1120/2037/810 1089/2003/810
f 1107/2023/811 1089/2003/811 1121/2038/811
f 1107/2023/812 1121/2038/812 1109/2025/812
f 1110/2026/813 1109/2025/813 1112/2028/813
f 1113/2029/814 1112/2028/814 1122/2039/814
f 1113/2029/815 1122/2039/815 1071/1983/815
f 1071/1983/816 1122/2039/816 1072/1984/816
f 1073/1985/817 1072/1984/817 1123/2040/817
f 1073/1985/657 1123/2040/657 1115/2031/657
f 1115/2031/818 1123/2040/818 1116/2032/818
f 1075/1987/819 1116/2032/819 1124/2041/819
f 1075/1987/820 1124/2041/820 1099/2033/820
f 1099/2033/673 1124/2041/673 1117/2042/673
usemtl miyoo_front
f 1117/2034/821 1125/2043/821 1100/2016/821
f 1100/2016/822 1125/2043/822 1126/2044/822
f 1100/2016/823 1126/2044/823 1079/1993/823
f 1079/1993/824 1126/2044/824 1081/1995/824
f 1081/1995/825 1126/2044/825 1101/2017/825
f 1085/1999/826 1103/2019/826 1094/2008/826
f 1085/1999/827 1094/2008/827 1093/2007/827
f 1072/1984/828 1122/2039/828 1127/2045/828
f 1072/1984/829 1127/2045/829 1123/2040/829
f 1116/2032/830 1123/2040/830 1124/2041/830
f 1117/2042/682 1124/2041/682 1125/2046/682
f 1125/2043/683 1097/2011/683 1126/2044/683
f 1126/2044/684 1097/2011/684 1096/2010/684
f 1126/2044/632 1096/2010/632 1128/2047/632
f 1126/2044/831 1128/2047/831 1129/2048/831
f 1126/2044/832 1129/2048/832 1101/2017/832
f 1101/2017/833 1129/2048/833 1130/2049/833
f 1101/2017/685 1130/2049/685 1103/2019/685
f 1103/2019/579 1130/2049/579 1131/2050/579
f 1103/2019/834 1131/2050/834 1132/2051/834
f 1103/2019/835 1132/2051/835 1094/2008/835
f 1118/2035/836 1093/2007/836 1092/2006/836
f 1118/2035/837 1092/2006/837 1120/2037/837
f 1120/2037/838 1092/2006/838 1133/2052/838
f 1120/2037/839 1133/2052/839 1090/2004/839
f 1120/2037/518 1090/2004/518 1089/2003/518
f 1121/2038/840 1089/2003/840 1088/2002/840
f 1121/2038/690 1088/2002/690 1109/2025/690
f 1109/2025/624 1088/2002/624 1134/2053/624
f 1109/2025/841 1134/2053/841 1112/2028/841
f 1112/2028/842 1134/2053/842 1135/2054/842
f 1112/2028/843 1135/2054/843 1136/2055/843
f 1112/2028/844 1136/2055/844 1122/2039/844
f 1122/2039/845 1136/2055/845 1137/2056/845
f 1122/2039/846 1137/2056/846 1138/2057/846
f 1122/2039/847 1138/2057/847 1127/2045/847
f 1123/2040/848 1127/2045/848 1139/2058/848
f 1123/2040/699 1139/2058/699 1140/2059/699
f 1123/2040/849 1140/2059/849 1124/2041/849
f 1124/2041/850 1140/2059/850 1141/2060/850
f 1124/2041/635 1141/2060/635 1098/2014/635
f 1124/2041/851 1098/2014/851 1125/2046/851
f 1125/2046/597 1098/2014/597 1097/2013/597
usemtl miyoo_shell
f 673/2061/614 1113/2062/614 671/2063/614
f 671/2063/614 1113/2062/614 1071/2064/614
f 671/2065/615 1071/2066/615 669/2067/615
f 669/2067/615 1071/2066/615 1070/2068/615
f 669/2067/616 1070/2068/616 667/2069/616
f 667/2069/616 1070/2068/616 1073/2070/616
f 667/2069/617 1073/2070/617 665/2071/617
f 665/2071/617 1073/2070/617 1115/2072/617
f 665/2071/852 1115/2072/852 663/2073/852
f 663/2073/852 1115/2072/852 1114/2074/852
f 663/2073/704 1114/2074/704 661/2075/704
f 661/2075/704 1114/2074/704 1075/2076/704
f 661/2075/470 1075/2076/470 659/2077/470
f 659/2077/470 1075/2076/470 1074/2078/470
f 659/2077/705 1074/2078/705 657/2079/705
f 657/2079/705 1074/2078/705 1077/2080/705
f 657/2079/706 1077/2080/706 656/2081/706
f 656/2081/706 1077/2080/706 1078/2082/706
f 656/2081/853 1078/2082/853 655/2083/853
f 655/2083/853 1078/2082/853 1080/2084/853
f 655/2083/601 1080/2084/601 653/2085/601
f 653/2085/601 1080/2084/601 1082/2086/601
f 653/2085/478 1082/2086/478 650/2087/478
f 650/2087/478 1082/2086/478 1102/2088/478
f 650/2087/602 1102/2088/602 648/2089/602
f 648/2089/602 1102/2088/602 1084/2090/602
f 648/2089/603 1084/2090/603 649/2091/603
f 649/2091/603 1084/2090/603 1083/2092/603
f 649/2091/495 1083/2092/495 773/2093/495
f 773/2093/495 1083/2092/495 1086/2094/495
f 773/2093/605 1086/2094/605 774/2095/605
f 774/2095/605 1086/2094/605 1104/2096/605
f 774/2095/606 1104/2096/606 775/2097/606
f 775/2097/606 1104/2096/606 1119/2098/606
f 775/2097/854 1119/2098/854 631/2099/854
f 631/2099/854 1119/2098/854 1106/2100/854
f 631/2099/608 1106/2100/608 683/2101/608
f 683/2101/608 1106/2100/608 1105/2102/608
f 683/2101/609 1105/2102/609 681/2103/609
f 681/2103/609 1105/2102/609 1107/2104/609
f 681/2103/450 1107/2104/450 679/2105/450
f 679/2105/450 1107/2104/450 1108/2106/450
f 679/2105/611 1108/2106/611 677/2107/611
f 677/2107/611 1108/2106/611 1110/2108/611
f 677/2107/612 1110/2108/612 675/2109/612
f 675/2109/612 1110/2108/612 1111/2110/612
f 675/2109/708 1111/2110/708 673/2061/708
f 673/2061/708 1111/2110/708 1113/2062/708
usemtl miyoo_front
f 1137/2111/166 1094/2112/166 1138/2113/166
f 1138/2113/166 1094/2112/166 1132/2114/166
f 1138/2113/166 1132/2114/166 1127/2115/166
f 1127/2115/166 1132/2114/166 1131/2116/166
f 1127/2115/166 1131/2116/166 1139/2117/166
f 1139/2117/166 1131/2116/166 1130/2118/166
f 1139/2117/166 1130/2118/166 1140/2119/166
f 1140/2119/166 1130/2118/166 1129/2120/166
f 1140/2119/166 1129/2120/166 1141/2121/166
f 1141/2121/166 1129/2120/166 1128/2122/166
f 1141/2121/166 1128/2122/166 1098/2123/166
f 1098/2123/166 1128/2122/166 1096/2124/166
f 1098/2123/166 1096/2124/166 1095/2125/166
f 1094/2112/166 1137/2111/166 1091/2126/166
f 1091/2126/166 1137/2111/166 1136/2127/166
f 1091/2126/166 1136/2127/166 1092/2128/166
f 1092/2128/166 1136/2127/166 1135/2129/166
f 1092/2128/166 1135/2129/166 1133/2130/166
f 1133/2130/166 1135/2129/166 1134/2131/166
f 1133/2130/166 1134/2131/166 1090/2132/166
f 1090/2132/166 1134/2131/166 1088/2133/166
f 1090/2132/166 1088/2133/166 1087/2134/166
f 1142/2135/855 1143/2136/855 1144/2137/855
f 1144/2137/856 1143/2136/856 1145/2138/856
f 1145/2138/857 1143/2136/857 1146/2139/857
f 1145/2138/858 1146/2139/858 1147/2140/858
usemtl miyoo_shell
f 1145/2138/859 1147/2140/859 1148/2141/859
f 1145/2138/860 1148/2141/860 1149/2142/860
f 1149/2142/861 1148/2141/861 1150/2143/861
f 1149/2142/862 1150/2143/862 814/2144/862
f 814/2144/863 1150/2143/863 815/2145/863
usemtl miyoo_front
f 1144/2146/864 1151/2147/864 1152/2148/864
f 1152/2148/864 1151/2147/864 1153/2149/864
f 1153/2149/865 1151/2147/865 1154/2150/865
f 1154/2150/866 1151/2147/866 1155/2151/866
f 1154/2150/867 1155/2151/867 1156/2152/867
f 1156/2152/867 1155/2151/867 1157/2153/867
usemtl miyoo_shell
f 1156/2152/868 1157/2153/868 1158/2154/868
f 1158/2154/869 1157/2153/869 1159/2155/869
f 1158/2154/870 1159/2155/870 1160/2156/870
f 1160/2156/871 1159/2155/871 1161/2157/871
f 1160/2156/872 1161/2157/872 811/2158/872
f 811/2158/872 1161/2157/872 770/2159/872
f 770/2160/873 1161/2161/873 768/2162/873
f 768/2162/874 1161/2161/874 766/2163/874
usemtl miyoo_front
f 765/2164/166 766/2163/166 763/2165/166
usemtl miyoo_shell
f 759/2166/875 763/2165/875 1149/2167/875
f 759/2166/876 1149/2167/876 760/2168/876
f 760/2168/877 1149/2167/877 814/2169/877
f 1145/2170/878 1149/2167/878 763/2165/878
f 1145/2170/879 763/2165/879 1162/2171/879
f 1162/2171/880 1159/2172/880 1157/2173/880
f 766/2163/881 1161/2161/881 1159/2172/881
usemtl miyoo_front
f 1155/2174/882 1151/2175/882 1145/2170/882
f 1151/2175/883 1144/2176/883 1145/2170/883
f 1145/2170/884 1162/2171/884 1155/2174/884
f 1155/2174/885 1162/2171/885 1157/2173/885
usemtl miyoo_shell
f 1159/2172/886 1162/2171/886 766/2163/886
f 1162/2171/887 763/2165/887 766/2163/887
usemtl miyoo_front
f 1163/2177/888 1152/2178/888 1164/2179/888
f 1164/2179/889 1152/2178/889 1165/2180/889
f 1164/2179/890 1165/2180/890 1166/2181/890
f 1166/2181/891 1165/2180/891 1167/2182/891
f 1166/2181/892 1167/2182/892 1168/2183/892
f 1168/2183/893 1167/2182/893 1169/2184/893
usemtl miyoo_shell
f 1168/2183/894 1169/2184/894 1170/2185/894
f 1170/2185/895 1169/2184/895 1171/2186/895
f 1170/2185/896 1171/2186/896 1172/2187/896
f 1172/2187/897 1171/2186/897 1173/2188/897
f 1172/2187/898 1173/2188/898 817/2189/898
f 817/2189/899 1173/2188/899 818/2190/899
f 819/2191/900 818/2192/900 1173/2193/900
usemtl miyoo_front
f 1167/2194/901 1165/2195/901 1153/2196/901
f 1165/2195/902 1152/2197/902 1153/2196/902
f 1154/2198/903 1156/2199/903 1174/2200/903
f 1154/2198/904 1174/2200/904 1153/2196/904
f 1153/2196/905 1174/2200/905 1167/2194/905
usemtl miyoo_shell
f 1156/2199/906 1158/2201/906 1174/2200/906
usemtl miyoo_front
f 1167/2194/907 1174/2200/907 1169/2202/907
usemtl miyoo_shell
f 1158/2201/908 1160/2203/908 826/2204/908
f 1160/2203/909 811/2205/909 827/2206/909
f 827/2206/910 826/2204/910 1160/2203/910
f 825/2207/911 823/2208/911 1174/2200/911
f 1174/2200/912 823/2208/912 819/2191/912
f 1174/2200/913 819/2191/913 1173/2193/913
f 1174/2200/914 1173/2193/914 1171/2209/914
f 1174/2200/915 1171/2209/915 1169/2202/915
f 825/2207/916 1174/2200/916 826/2204/916
f 826/2204/917 1174/2200/917 1158/2201/917
usemtl miyoo_front
f 1142/2210/918 1163/2211/918 1175/2212/918
f 1175/2212/918 1163/2211/918 1176/2213/918
f 1175/2212/919 1176/2213/919 1177/2214/919
f 1177/2214/920 1176/2213/920 1178/2215/920
f 1177/2214/921 1178/2215/921 1179/2216/921
f 1179/2216/922 1178/2215/922 1180/2217/922
usemtl miyoo_shell
f 1179/2216/923 1180/2217/923 1181/2218/923
f 1181/2218/924 1180/2217/924 1182/2219/924
f 1181/2218/925 1182/2219/925 1183/2220/925
f 1183/2220/926 1182/2219/926 1184/2221/926
f 1183/2220/927 1184/2221/927 803/2222/927
f 803/2222/928 1184/2221/928 798/2223/928
f 796/2224/929 798/2225/929 1184/2226/929
usemtl miyoo_front
f 1178/2227/930 1176/2228/930 1164/2229/930
f 1176/2228/931 1163/2230/931 1164/2229/931
f 1166/2231/932 1168/2232/932 1185/2233/932
f 1166/2231/933 1185/2233/933 1164/2229/933
f 1164/2229/934 1185/2233/934 1178/2227/934
f 1178/2227/935 1185/2233/935 1180/2234/935
usemtl miyoo_shell
f 1170/2235/936 1172/2236/936 621/2237/936
f 1172/2236/937 817/2238/937 816/2239/937
f 816/2239/938 621/2237/938 1172/2236/938
f 619/2240/939 796/2224/939 1184/2226/939
f 619/2240/940 1184/2226/940 1185/2233/940
f 1185/2233/941 1184/2226/941 1182/2241/941
f 1185/2233/942 1182/2241/942 1180/2234/942
f 620/2242/943 619/2240/943 1185/2233/943
f 620/2242/944 1185/2233/944 621/2237/944
f 621/2237/945 1185/2233/945 1168/2232/945
f 621/2237/946 1168/2232/946 1170/2235/946
f 815/2243/947 1150/2244/947 787/2245/947
f 787/2245/948 1150/2244/948 789/2246/948
usemtl miyoo_front
f 790/2247/166 789/2246/166 810/2248/166
usemtl miyoo_shell
f 809/2249/949 810/2248/949 1183/2250/949
f 809/2249/950 1183/2250/950 807/2251/950
f 807/2251/951 1183/2250/951 803/2252/951
f 1181/2253/952 1183/2250/952 810/2248/952
f 1181/2253/953 810/2248/953 1186/2254/953
f 1186/2254/954 1148/2255/954 1147/2256/954
f 789/2246/955 1150/2244/955 1148/2255/955
usemtl miyoo_front
f 1146/2257/956 1143/2258/956 1175/2259/956
f 1143/2258/957 1142/2260/957 1175/2259/957
f 1177/2261/958 1179/2262/958 1186/2254/958
f 1177/2261/959 1186/2254/959 1175/2259/959
f 1175/2259/960 1186/2254/960 1146/2257/960
usemtl miyoo_shell
f 1179/2262/961 1181/2253/961 1186/2254/961
f 1148/2255/962 1186/2254/962 789/2246/962
f 1186/2254/963 810/2248/963 789/2246/963
usemtl miyoo_front
f 1147/2256/964 1146/2257/964 1186/2254/964
f 1144/2263/166 1152/2264/166 1142/2265/166
f 1142/2265/166 1152/2264/166 1163/2266/166
f 1187/2267/855 1188/2268/855 1189/2269/855
f 1189/2269/856 1188/2268/856 1190/2270/856
f 1190/2270/857 1188/2268/857 1191/2271/857
f 1190/2270/858 1191/2271/858 1192/2272/858
usemtl miyoo_shell
f 1190/2270/859 1192/2272/859 1193/2273/859
f 1190/2270/860 1193/2273/860 1194/2274/860
f 1194/2274/965 1193/2273/965 1195/2275/965
f 1194/2274/966 1195/2275/966 746/2276/966
f 746/2276/967 1195/2275/967 747/2277/967
usemtl miyoo_front
f 1196/2278/864 1189/2279/864 1197/2280/864
f 1197/2280/864 1189/2279/864 1198/2281/864
f 1197/2280/865 1198/2281/865 1199/2282/865
f 1199/2282/866 1198/2281/866 1200/2283/866
f 1199/2282/867 1200/2283/867 1201/2284/867
f 1201/2284/867 1200/2283/867 1202/2285/867
usemtl miyoo_shell
f 1201/2284/968 1202/2285/968 1203/2286/968
f 1203/2286/869 1202/2285/869 1204/2287/869
f 1203/2286/969 1204/2287/969 1205/2288/969
f 1205/2288/871 1204/2287/871 1206/2289/871
f 1205/2288/872 1206/2289/872 788/2290/872
f 788/2290/872 1206/2289/872 758/2291/872
f 758/2292/873 1206/2293/873 756/2294/873
f 756/2294/874 1206/2293/874 755/2295/874
f 753/2296/970 755/2295/970 1207/2297/970
f 753/2296/971 1207/2297/971 752/2298/971
f 752/2298/972 1207/2297/972 750/2299/972
f 750/2299/973 1207/2297/973 1194/2300/973
f 750/2299/974 1194/2300/974 749/2301/974
f 749/2301/975 1194/2300/975 746/2302/975
f 1190/2303/976 1194/2300/976 1207/2297/976
f 1207/2297/977 1204/2304/977 1202/2305/977
f 755/2295/881 1206/2293/881 1204/2304/881
usemtl miyoo_front
f 1200/2306/882 1198/2307/882 1190/2303/882
f 1198/2307/883 1189/2308/883 1190/2303/883
f 1190/2303/978 1207/2297/978 1200/2306/978
f 1200/2306/979 1207/2297/979 1202/2305/979
usemtl miyoo_shell
f 1204/2304/980 1207/2297/980 755/2295/980
usemtl miyoo_front
f 1208/2309/981 1196/2310/981 1209/2311/981
f 1209/2311/889 1196/2310/889 1210/2312/889
f 1209/2311/982 1210/2312/982 1211/2313/982
f 1211/2313/983 1210/2312/983 1212/2314/983
f 1211/2313/984 1212/2314/984 1213/2315/984
f 1213/2315/985 1212/2314/985 1214/2316/985
usemtl miyoo_shell
f 1213/2315/986 1214/2316/986 1215/2317/986
f 1215/2317/987 1214/2316/987 1216/2318/987
f 1215/2317/988 1216/2318/988 1217/2319/988
f 1217/2319/989 1216/2318/989 1218/2320/989
f 1217/2319/990 1218/2320/990 800/2321/990
f 800/2321/991 1218/2320/991 801/2322/991
f 802/2323/992 801/2324/992 1218/2325/992
usemtl miyoo_front
f 1210/2326/902 1196/2327/902 1197/2328/902
usemtl miyoo_shell
f 1199/2329/993 1201/2330/993 1210/2326/993
usemtl miyoo_front
f 1199/2329/994 1210/2326/994 1197/2328/994
f 1201/2330/995 1219/2331/995 1210/2326/995
f 1210/2326/996 1219/2331/996 1214/2332/996
usemtl miyoo_shell
f 1210/2326/997 1214/2332/997 1212/2333/997
f 1203/2334/998 1205/2335/998 806/2336/998
f 1205/2335/999 788/2337/999 808/2338/999
f 808/2338/1000 806/2336/1000 1205/2335/1000
f 804/2339/1001 802/2323/1001 1218/2325/1001
f 804/2339/1002 1218/2325/1002 1219/2331/1002
f 1219/2331/1003 1218/2325/1003 1216/2340/1003
f 1219/2331/1004 1216/2340/1004 1214/2332/1004
f 805/2341/1005 804/2339/1005 1219/2331/1005
f 805/2341/1006 1219/2331/1006 806/2336/1006
f 806/2336/1007 1219/2331/1007 1201/2330/1007
f 806/2336/1008 1201/2330/1008 1203/2334/1008
usemtl miyoo_front
f 1187/2342/918 1208/2343/918 1220/2344/918
f 1220/2344/1009 1208/2343/1009 1221/2345/1009
f 1220/2344/1010 1221/2345/1010 1222/2346/1010
f 1222/2346/1011 1221/2345/1011 1223/2347/1011
f 1222/2346/921 1223/2347/921 1224/2348/921
f 1224/2348/922 1223/2347/922 1225/2349/922
usemtl miyoo_shell
f 1224/2348/1012 1225/2349/1012 1226/2350/1012
f 1226/2350/924 1225/2349/924 1227/2351/924
f 1226/2350/1013 1227/2351/1013 1228/2352/1013
f 1228/2352/926 1227/2351/926 1229/2353/926
f 1228/2352/927 1229/2353/927 791/2354/927
f 791/2354/1014 1229/2353/1014 792/2355/1014
f 793/2356/1015 792/2357/1015 1229/2358/1015
usemtl miyoo_front
f 1223/2359/1016 1221/2360/1016 1209/2361/1016
f 1221/2360/931 1208/2362/931 1209/2361/931
f 1211/2363/1017 1213/2364/1017 1230/2365/1017
f 1211/2363/933 1230/2365/933 1209/2361/933
f 1209/2361/934 1230/2365/934 1223/2359/934
f 1223/2359/935 1230/2365/935 1225/2366/935
usemtl miyoo_shell
f 1215/2367/1018 1217/2368/1018 797/2369/1018
f 1217/2368/1019 800/2370/1019 799/2371/1019
f 799/2371/1020 797/2369/1020 1217/2368/1020
f 794/2372/1021 793/2356/1021 1229/2358/1021
f 794/2372/940 1229/2358/940 1230/2365/940
f 1230/2365/941 1229/2358/941 1227/2373/941
f 1230/2365/942 1227/2373/942 1225/2366/942
f 795/2374/1022 794/2372/1022 1230/2365/1022
f 795/2374/944 1230/2365/944 797/2369/944
f 797/2369/945 1230/2365/945 1213/2364/945
f 797/2369/946 1213/2364/946 1215/2367/946
f 747/2375/1023 1195/2376/1023 786/2377/1023
f 786/2377/1024 1195/2376/1024 784/2378/1024
f 780/2379/1025 784/2378/1025 1231/2380/1025
f 780/2379/1026 1231/2380/1026 781/2381/1026
f 781/2381/1027 1231/2380/1027 782/2382/1027
f 782/2382/1028 1231/2380/1028 1228/2383/1028
f 782/2382/1029 1228/2383/1029 783/2384/1029
f 783/2384/951 1228/2383/951 791/2385/951
f 1226/2386/1030 1228/2383/1030 1231/2380/1030
f 1231/2380/1031 1193/2387/1031 1192/2388/1031
f 784/2378/1032 1195/2376/1032 1193/2387/1032
usemtl miyoo_front
f 1191/2389/1033 1188/2390/1033 1220/2391/1033
f 1188/2390/957 1187/2392/957 1220/2391/957
f 1222/2393/1034 1224/2394/1034 1231/2380/1034
f 1222/2393/1035 1231/2380/1035 1220/2391/1035
f 1220/2391/1036 1231/2380/1036 1191/2389/1036
f 1224/2394/1037 1226/2386/1037 1231/2380/1037
usemtl miyoo_shell
f 1193/2387/1038 1231/2380/1038 784/2378/1038
usemtl miyoo_front
f 1192/2388/1039 1191/2389/1039 1231/2380/1039
f 1189/2395/166 1196/2396/166 1187/2397/166
f 1187/2397/166 1196/2396/166 1208/2398/166
usemtl miyoo_shell
f 1232/2399/603 831/2400/603 1233/2401/603
f 1233/2401/603 831/2400/603 832/2402/603
f 1233/2403/602 832/2404/602 1234/2405/602
f 1234/2405/602 832/2404/602 846/2406/602
f 1234/2405/783 846/2406/783 1235/2407/783
f 1235/2407/783 846/2406/783 843/2408/783
f 1235/2407/601 843/2408/601 1236/2409/601
f 1236/2409/601 843/2408/601 841/2410/601
f 1236/2409/600 841/2410/600 1237/2411/600
f 1237/2411/600 841/2410/600 839/2412/600
f 1237/2411/472 839/2412/472 1238/2413/472
f 1238/2413/472 839/2412/472 838/2414/472
f 1238/2413/471 838/2414/471 1239/2415/471
f 1239/2415/471 838/2414/471 722/2416/471
f 1239/2415/1040 722/2416/1040 1240/2417/1040
f 1240/2417/1040 722/2416/1040 728/2418/1040
f 1240/2417/1041 728/2418/1041 1241/2419/1041
f 1241/2419/1041 728/2418/1041 727/2420/1041
f 1241/2419/618 727/2420/618 1242/2421/618
f 1242/2421/618 727/2420/618 729/2422/618
f 1242/2421/617 729/2422/617 1243/2423/617
f 1243/2423/617 729/2422/617 731/2424/617
f 1243/2423/784 731/2424/784 1244/2425/784
f 1244/2425/784 731/2424/784 733/2426/784
f 1244/2425/615 733/2426/615 1245/2427/615
f 1245/2427/615 733/2426/615 699/2428/615
f 1245/2427/614 699/2428/614 1246/2429/614
f 1246/2429/614 699/2428/614 697/2430/614
f 1246/2429/613 697/2430/613 1247/2431/613
f 1247/2431/613 697/2430/613 695/2432/613
f 1247/2431/612 695/2432/612 1248/2433/612
f 1248/2433/612 695/2432/612 693/2434/612
f 1248/2433/1042 693/2434/1042 1249/2435/1042
f 1249/2435/1042 693/2434/1042 687/2436/1042
f 1249/2435/450 687/2436/450 1250/2437/450
f 1250/2437/450 687/2436/450 686/2438/450
f 1250/2437/1043 686/2438/1043 1251/2439/1043
f 1251/2439/1043 686/2438/1043 685/2440/1043
f 1251/2439/1044 685/2440/1044 1252/2441/1044
f 1252/2441/1044 685/2440/1044 837/2442/1044
f 1252/2441/854 837/2442/854 1253/2443/854
f 1253/2443/854 837/2442/854 836/2444/854
f 1253/2443/1045 836/2444/1045 1254/2445/1045
f 1254/2445/1045 836/2444/1045 835/2446/1045
f 1254/2445/605 835/2446/605 1255/2447/605
f 1255/2447/605 835/2446/605 834/2448/605
f 1255/2447/604 834/2448/604 1232/2399/604
f 1232/2399/604 834/2448/604 831/2400/604
usemtl miyoo_front
f 1234/2449/166 1244/2450/166 1233/2451/166
f 1233/2451/166 1244/2450/166 1245/2452/166
f 1233/2451/166 1245/2452/166 1232/2453/166
f 1232/2453/166 1245/2452/166 1246/2454/166
f 1232/2453/166 1246/2454/166 1255/2455/166
f 1255/2455/166 1246/2454/166 1247/2456/166
f 1255/2455/166 1247/2456/166 1254/2457/166
f 1254/2457/166 1247/2456/166 1248/2458/166
f 1254/2457/166 1248/2458/166 1253/2459/166
f 1253/2459/166 1248/2458/166 1249/2460/166
f 1253/2459/166 1249/2460/166 1252/2461/166
f 1252/2461/166 1249/2460/166 1250/2462/166
f 1252/2461/166 1250/2462/166 1251/2463/166
f 1244/2450/166 1234/2449/166 1243/2464/166
f 1243/2464/166 1234/2449/166 1235/2465/166
f 1243/2464/166 1235/2465/166 1242/2466/166
f 1242/2466/166 1235/2465/166 1236/2467/166
f 1242/2466/166 1236/2467/166 1241/2468/166
f 1241/2468/166 1236/2467/166 1237/2469/166
f 1241/2468/166 1237/2469/166 1240/2470/166
f 1240/2470/166 1237/2469/166 1238/2471/166
f 1240/2470/166 1238/2471/166 1239/2472/166
usemtl miyoo_shell
f 334/2473/57 342/2474/57 772/2475/57
f 772/2475/57 342/2474/57 849/2476/57
f 382/2477/57 392/2478/57 824/2479/57
f 824/2479/57 392/2478/57 822/2480/57
f 247/2481/58 269/2482/58 579/2483/58
f 579/2483/58 269/2482/58 580/2484/58
usemtl miyoo_front
f 1256/2485/1046 1257/2486/1046 1258/2487/1046
f 1258/2487/1047 1257/2486/1047 1259/2488/1047
f 1259/2488/1048 1257/2486/1048 1260/2489/1048
f 1259/2488/1049 1260/2489/1049 1261/2490/1049
f 1259/2488/1050 1261/2490/1050 1262/2491/1050
f 1262/2491/1051 1261/2490/1051 1263/2492/1051
usemtl miyoo_shell
f 1262/2491/1052 1263/2492/1052 1264/2493/1052
f 1262/2491/1053 1264/2493/1053 1265/2494/1053
f 1262/2491/1054 1265/2494/1054 1266/2495/1054
f 1262/2491/1055 1266/2495/1055 1267/2496/1055
f 1267/2496/1056 1266/2495/1056 1268/2497/1056
usemtl miyoo_front
f 1269/2498/166 1258/2499/166 1270/2500/166
f 1270/2500/166 1258/2499/166 1271/2501/166
f 1270/2500/166 1271/2501/166 1272/2502/166
f 1269/2498/166 1273/2503/166 1258/2499/166
f 1258/2499/166 1273/2503/166 1256/2504/166
usemtl miyoo_shell
f 1268/2505/267 1274/2506/267 1267/2507/267
f 1267/2507/267 1274/2506/267 1275/2508/267
f 1274/2509/1057 1276/2510/1057 1275/2511/1057
f 1275/2511/1058 1276/2510/1058 1277/2512/1058
f 1277/2512/1059 1276/2510/1059 1278/2513/1059
f 1277/2512/1060 1278/2513/1060 1279/2514/1060
f 1279/2514/1061 1278/2513/1061 1280/2515/1061
f 1279/2514/1062 1280/2515/1062 1281/2516/1062
f 1281/2516/1063 1280/2515/1063 1282/2517/1063
usemtl miyoo_back
f 1281/2516/1064 1282/2517/1064 1283/2518/1064
f 1281/2516/1065 1283/2518/1065 1284/2519/1065
f 1284/2519/1066 1283/2518/1066 1285/2520/1066
f 1284/2519/1067 1285/2520/1067 1286/2521/1067
f 1286/2521/1068 1285/2520/1068 1287/2522/1068
f 1286/2521/1069 1287/2522/1069 1288/2523/1069
f 1288/2523/1070 1287/2522/1070 1289/2524/1070
f 1289/2525/1071 1290/2526/1071 1288/2527/1071
f 1288/2527/1072 1290/2526/1072 1291/2528/1072
f 1288/2527/1071 1291/2528/1071 1292/2529/1071
f 1293/2530/1073 1294/2531/1073 1292/2529/1073
f 1292/2529/1073 1294/2531/1073 1288/2527/1073
f 1294/2532/1074 1293/2530/1074 1295/2533/1074
f 1295/2533/1074 1293/2530/1074 1296/2534/1074
f 1295/2533/1075 1296/2534/1075 1297/2535/1075
f 1297/2535/1075 1296/2534/1075 1298/2536/1075
f 1297/2535/1076 1298/2536/1076 1299/2537/1076
f 1299/2537/1076 1298/2536/1076 1300/2538/1076
usemtl miyoo_shell
f 1299/2537/1077 1300/2538/1077 1301/2539/1077
f 1301/2539/1077 1300/2538/1077 1302/2540/1077
f 1301/2539/1078 1302/2540/1078 1303/2541/1078
f 1303/2541/1078 1302/2540/1078 1304/2542/1078
f 1303/2541/1079 1304/2542/1079 1305/2543/1079
f 1305/2543/1079 1304/2542/1079 1306/2544/1079
f 1306/2545/58 1307/2546/58 1305/2547/58
f 1305/2547/58 1307/2546/58 1308/2548/58
f 1308/2549/1080 1307/2546/1080 1309/2550/1080
f 1309/2550/1080 1307/2546/1080 1310/2551/1080
f 1309/2550/1081 1310/2551/1081 1311/2552/1081
f 1311/2552/1081 1310/2551/1081 1312/2553/1081
f 1311/2552/1082 1312/2553/1082 1313/2554/1082
f 1313/2554/1082 1312/2553/1082 1314/2555/1082
usemtl miyoo_front
f 1313/2554/1083 1314/2555/1083 1315/2556/1083
f 1315/2556/1083 1314/2555/1083 1316/2557/1083
f 1315/2556/1084 1316/2557/1084 1317/2558/1084
f 1317/2558/1084 1316/2557/1084 1318/2559/1084
f 1317/2558/234 1318/2559/234 1271/2560/234
f 1271/2560/234 1318/2559/234 1272/2561/234
usemtl miyoo_shell
f 1309/2562/57 1271/2563/57 1308/2564/57
f 1308/2564/57 1271/2563/57 1258/2565/57
f 1308/2564/57 1258/2565/57 1267/2566/57
f 1267/2566/57 1258/2565/57 1262/2567/57
f 1262/2567/57 1258/2565/57 1259/2568/57
f 1309/2562/57 1311/2569/57 1271/2563/57
f 1271/2563/57 1311/2569/57 1313/2570/57
f 1271/2563/57 1313/2570/57 1315/2571/57
f 1315/2571/57 1317/2572/57 1271/2563/57
f 1308/2564/57 1267/2566/57 1305/2573/57
f 1305/2573/57 1267/2566/57 1275/2574/57
f 1305/2573/57 1275/2574/57 1294/2575/57
f 1294/2575/57 1275/2574/57 1288/2576/57
f 1288/2576/57 1275/2574/57 1277/2577/57
f 1288/2576/57 1277/2577/57 1279/2578/57
f 1279/2578/57 1281/2579/57 1288/2576/57
f 1288/2576/57 1281/2579/57 1284/2580/57
f 1288/2576/57 1284/2580/57 1286/2581/57
f 1295/2582/57 1297/2583/57 1294/2575/57
f 1294/2575/57 1297/2583/57 1299/2584/57
f 1294/2575/57 1299/2584/57 1301/2585/57
f 1301/2585/57 1303/2586/57 1294/2575/57
f 1294/2575/57 1303/2586/57 1305/2573/57
f 1319/2587/267 1320/2588/267 1321/2589/267
f 1321/2589/267 1320/2588/267 1322/2590/267
usemtl miyoo_back
f 1320/2591/413 1323/2592/413 1322/2593/413
f 1322/2593/413 1323/2592/413 1324/2594/413
usemtl miyoo_shell
f 1323/2595/58 1325/2596/58 1324/2597/58
f 1324/2597/58 1325/2596/58 1326/2598/58
usemtl miyoo_front
f 1325/2599/166 1319/2600/166 1326/2601/166
f 1326/2601/166 1319/2600/166 1321/2602/166
usemtl miyoo_shell
f 1326/2603/57 1321/2604/57 1324/2605/57
f 1324/2605/57 1321/2604/57 1322/2606/57
f 1327/2607/1085 1328/2608/1085 1329/2609/1085
f 1329/2609/1085 1328/2608/1085 1330/2610/1085
f 1329/2611/1086 1330/2612/1086 1331/2613/1086
f 1331/2613/1086 1330/2612/1086 1332/2614/1086
f 1331/2613/1081 1332/2614/1081 1333/2615/1081
f 1333/2615/1081 1332/2614/1081 1334/2616/1081
f 1333/2615/1087 1334/2616/1087 1335/2617/1087
f 1335/2617/1087 1334/2616/1087 1336/2618/1087
usemtl miyoo_front
f 1335/2617/1088 1336/2618/1088 1337/2619/1088
f 1337/2619/1088 1336/2618/1088 1338/2620/1088
f 1337/2619/1084 1338/2620/1084 1339/2621/1084
f 1339/2621/1084 1338/2620/1084 1340/2622/1084
f 1339/2621/1089 1340/2622/1089 1341/2623/1089
f 1341/2623/1089 1340/2622/1089 1342/2624/1089
f 1341/2623/1090 1342/2624/1090 1343/2625/1090
f 1343/2625/1090 1342/2624/1090 1344/2626/1090
f 1343/2625/330 1344/2626/330 1345/2627/330
f 1345/2627/330 1344/2626/330 1346/2628/330
f 1345/2627/1091 1346/2628/1091 1347/2629/1091
f 1347/2629/1091 1346/2628/1091 1348/2630/1091
usemtl miyoo_shell
f 1347/2629/1092 1348/2630/1092 1349/2631/1092
f 1349/2631/1092 1348/2630/1092 1350/2632/1092
f 1349/2631/1093 1350/2632/1093 1351/2633/1093
f 1351/2633/1093 1350/2632/1093 1352/2634/1093
f 1351/2633/1094 1352/2634/1094 1353/2635/1094
f 1353/2635/1094 1352/2634/1094 1354/2636/1094
f 1353/2635/1095 1354/2636/1095 1355/2637/1095
f 1355/2637/1095 1354/2636/1095 1356/2638/1095
f 1355/2637/1096 1356/2638/1096 1357/2639/1096
f 1357/2639/1096 1356/2638/1096 1358/2640/1096
f 1357/2639/1097 1358/2640/1097 1359/2641/1097
f 1359/2641/1097 1358/2640/1097 1360/2642/1097
usemtl miyoo_back
f 1359/2641/1098 1360/2642/1098 1361/2643/1098
f 1361/2643/1098 1360/2642/1098 1362/2644/1098
f 1361/2643/1099 1362/2644/1099 1363/2645/1099
f 1363/2645/1099 1362/2644/1099 1364/2646/1099
f 1363/2645/1100 1364/2646/1100 1365/2647/1100
f 1365/2647/1100 1364/2646/1100 1366/2648/1100
f 1365/2647/1101 1366/2648/1101 1367/2649/1101
f 1367/2649/1101 1366/2648/1101 1368/2650/1101
f 1367/2649/1102 1368/2650/1102 1369/2651/1102
f 1369/2651/1102 1368/2650/1102 1370/2652/1102
f 1369/2651/1103 1370/2652/1103 1371/2653/1103
f 1371/2653/1103 1370/2652/1103 1372/2654/1103
usemtl miyoo_shell
f 1371/2653/1104 1372/2654/1104 1373/2655/1104
f 1373/2655/1104 1372/2654/1104 1374/2656/1104
f 1373/2655/1105 1374/2656/1105 1327/2607/1105
f 1327/2607/1105 1374/2656/1105 1328/2608/1105
f 1331/2657/57 1351/2658/57 1329/2659/57
f 1329/2659/57 1351/2658/57 1353/2660/57
f 1329/2659/57 1353/2660/57 1327/2661/57
f 1327/2661/57 1353/2660/57 1355/2662/57
f 1327/2661/57 1355/2662/57 1373/2663/57
f 1373/2663/57 1355/2662/57 1357/2664/57
f 1373/2663/57 1357/2664/57 1371/2665/57
f 1371/2665/57 1357/2664/57 1359/2666/57
f 1371/2665/57 1359/2666/57 1369/2667/57
f 1369/2667/57 1359/2666/57 1361/2668/57
f 1369/2667/57 1361/2668/57 1367/2669/57
f 1367/2669/57 1361/2668/57 1363/2670/57
f 1367/2669/57 1363/2670/57 1365/2671/57
f 1351/2658/57 1331/2657/57 1349/2672/57
f 1349/2672/57 1331/2657/57 1333/2673/57
f 1349/2672/57 1333/2673/57 1347/2674/57
f 1347/2674/57 1333/2673/57 1335/2675/57
f 1347/2674/57 1335/2675/57 1345/2676/57
f 1345/2676/57 1335/2675/57 1337/2677/57
f 1345/2676/57 1337/2677/57 1343/2678/57
f 1343/2678/57 1337/2677/57 1339/2679/57
f 1343/2678/57 1339/2679/57 1341/2680/57
f 1270/2681/57 1272/2682/57 1375/2683/57
f 1375/2683/57 1272/2682/57 1318/2684/57
f 1375/2683/57 1318/2684/57 1319/2685/57
f 1319/2685/57 1318/2684/57 1316/2686/57
f 1319/2685/57 1316/2686/57 1314/2687/57
f 1314/2687/57 1312/2688/57 1319/2685/57
f 1319/2685/57 1312/2688/57 1310/2689/57
f 1319/2685/57 1310/2689/57 1307/2690/57
f 1307/2690/57 1306/2691/57 1319/2685/57
f 1319/2685/57 1306/2691/57 1320/2692/57
f 1320/2692/57 1306/2691/57 1304/2693/57
f 1320/2692/57 1304/2693/57 1302/2694/57
f 1302/2694/57 1300/2695/57 1320/2692/57
f 1320/2692/57 1300/2695/57 1298/2696/57
f 1320/2692/57 1298/2696/57 1296/2697/57
f 1320/2692/57 1296/2697/57 1376/2698/57
f 1376/2698/57 1296/2697/57 1293/2699/57
f 1376/2698/57 1293/2699/57 1292/2700/57
f 1320/2692/57 1376/2698/57 1323/2701/57
f 1323/2701/57 1376/2698/57 1377/2702/57
f 1323/2701/57 1377/2702/57 1366/2703/57
f 1366/2703/57 1377/2702/57 1368/2704/57
f 1368/2704/57 1377/2702/57 1370/2705/57
f 1370/2705/57 1377/2702/57 1372/2706/57
f 1372/2706/57 1377/2702/57 1374/2707/57
f 1374/2707/57 1377/2702/57 1328/2708/57
f 1328/2708/57 1377/2702/57 1330/2709/57
f 1330/2709/57 1377/2702/57 1378/2710/57
f 1330/2709/57 1378/2710/57 1332/2711/57
f 1332/2711/57 1378/2710/57 1334/2712/57
f 1334/2712/57 1378/2710/57 1336/2713/57
f 1336/2713/57 1378/2710/57 1338/2714/57
f 1338/2714/57 1378/2710/57 1340/2715/57
f 1340/2715/57 1378/2710/57 1342/2716/57
f 1342/2716/57 1378/2710/57 1344/2717/57
f 1344/2717/57 1378/2710/57 1375/2683/57
f 1344/2717/57 1375/2683/57 1325/2718/57
f 1325/2718/57 1375/2683/57 1319/2685/57
f 1366/2703/57 1364/2719/57 1323/2701/57
f 1323/2701/57 1364/2719/57 1362/2720/57
f 1323/2701/57 1362/2720/57 1360/2721/57
f 1360/2721/57 1358/2722/57 1323/2701/57
f 1323/2701/57 1358/2722/57 1356/2723/57
f 1323/2701/57 1356/2723/57 1325/2718/57
f 1325/2718/57 1356/2723/57 1354/2724/57
f 1325/2718/57 1354/2724/57 1352/2725/57
f 1352/2725/57 1350/2726/57 1325/2718/57
f 1325/2718/57 1350/2726/57 1348/2727/57
f 1325/2718/57 1348/2727/57 1346/2728/57
f 1346/2728/57 1344/2717/57 1325/2718/57
usemtl miyoo_front
f 1379/2729/166 1380/2730/166 1381/2731/166
f 1381/2731/166 1380/2730/166 1382/2732/166
usemtl miyoo_shell
f 1383/2733/1106 1384/2734/1106 1385/2735/1106
f 1385/2735/1106 1384/2734/1106 1386/2736/1106
f 1385/2735/1107 1386/2736/1107 1387/2737/1107
f 1387/2737/1107 1386/2736/1107 1388/2738/1107
f 1387/2737/1108 1388/2738/1108 1389/2739/1108
f 1389/2739/1108 1388/2738/1108 1390/2740/1108
usemtl miyoo_front
f 1389/2739/1109 1390/2740/1109 1391/2741/1109
f 1391/2741/1109 1390/2740/1109 1392/2742/1109
f 1391/2741/1110 1392/2742/1110 1393/2743/1110
f 1393/2743/1110 1392/2742/1110 1394/2744/1110
f 1393/2743/1111 1394/2744/1111 1381/2745/1111
f 1381/2745/1111 1394/2744/1111 1379/2746/1111
usemtl miyoo_back
f 1395/2747/1112 1396/2748/1112 1397/2749/1112
f 1397/2749/1112 1396/2748/1112 1398/2750/1112
f 1397/2749/1113 1398/2750/1113 1399/2751/1113
f 1399/2751/1113 1398/2750/1113 1400/2752/1113
f 1399/2751/1114 1400/2752/1114 1401/2753/1114
f 1401/2753/1114 1400/2752/1114 1402/2754/1114
usemtl miyoo_shell
f 1401/2753/1115 1402/2754/1115 1403/2755/1115
f 1403/2755/1115 1402/2754/1115 1404/2756/1115
f 1403/2755/1116 1404/2756/1116 1405/2757/1116
f 1405/2757/1116 1404/2756/1116 1406/2758/1116
f 1405/2757/1117 1406/2758/1117 1383/2759/1117
f 1383/2759/1117 1406/2758/1117 1384/2760/1117
usemtl miyoo_back
f 1407/2761/413 1396/2762/413 1408/2763/413
f 1408/2763/413 1396/2762/413 1395/2764/413
usemtl miyoo_shell
f 1409/2765/1118 1410/2766/1118 1411/2767/1118
f 1411/2767/1118 1410/2766/1118 1412/2768/1118
f 1411/2767/1119 1412/2768/1119 1413/2769/1119
f 1413/2769/1119 1412/2768/1119 1414/2770/1119
f 1413/2769/1120 1414/2770/1120 1415/2771/1120
f 1415/2771/1120 1414/2770/1120 1416/2772/1120
usemtl miyoo_back
f 1415/2771/1121 1416/2772/1121 1417/2773/1121
f 1417/2773/1121 1416/2772/1121 1418/2774/1121
f 1417/2773/1122 1418/2774/1122 1419/2775/1122
f 1419/2775/1122 1418/2774/1122 1420/2776/1122
f 1419/2775/1123 1420/2776/1123 1408/2777/1123
f 1408/2777/1123 1420/2776/1123 1407/2778/1123
usemtl miyoo_front
f 1382/2779/1124 1380/2780/1124 1421/2781/1124
f 1421/2781/1124 1380/2780/1124 1422/2782/1124
f 1421/2781/1125 1422/2782/1125 1423/2783/1125
f 1423/2783/1125 1422/2782/1125 1424/2784/1125
f 1423/2783/1126 1424/2784/1126 1425/2785/1126
f 1425/2785/1126 1424/2784/1126 1426/2786/1126
usemtl miyoo_shell
f 1425/2785/1127 1426/2786/1127 1427/2787/1127
f 1427/2787/1127 1426/2786/1127 1428/2788/1127
f 1427/2787/1128 1428/2788/1128 1429/2789/1128
f 1429/2789/1128 1428/2788/1128 1430/2790/1128
f 1429/2789/1129 1430/2790/1129 1409/2791/1129
f 1409/2791/1129 1430/2790/1129 1410/2792/1129
f 1421/2793/30 1423/2794/30 1382/2795/30
f 1382/2795/30 1423/2794/30 1425/2796/30
f 1382/2795/30 1425/2796/30 1427/2797/30
f 1382/2795/30 1427/2797/30 1385/2798/30
f 1385/2798/30 1427/2797/30 1429/2799/30
f 1385/2798/30 1429/2799/30 1383/2800/30
f 1383/2800/30 1429/2799/30 1409/2801/30
f 1383/2800/30 1409/2801/30 1405/2802/30
f 1405/2802/30 1409/2801/30 1411/2803/30
f 1405/2802/30 1411/2803/30 1403/2804/30
f 1403/2804/30 1411/2803/30 1395/2805/30
f 1403/2804/30 1395/2805/30 1401/2806/30
f 1401/2806/30 1395/2805/30 1399/2807/30
f 1399/2807/30 1395/2805/30 1397/2808/30
f 1411/2803/30 1413/2809/30 1395/2805/30
f 1395/2805/30 1413/2809/30 1408/2810/30
f 1408/2810/30 1413/2809/30 1415/2811/30
f 1408/2810/30 1415/2811/30 1417/2812/30
f 1417/2812/30 1419/2813/30 1408/2810/30
f 1385/2798/30 1387/2814/30 1382/2795/30
f 1382/2795/30 1387/2814/30 1381/2815/30
f 1381/2815/30 1387/2814/30 1389/2816/30
f 1381/2815/30 1389/2816/30 1391/2817/30
f 1391/2817/30 1393/2818/30 1381/2815/30
usemtl miyoo_back
f 1431/2819/413 1432/2820/413 1433/2821/413
f 1433/2821/413 1432/2820/413 1434/2822/413
usemtl miyoo_front
f 1435/2823/1130 1436/2824/1130 1437/2825/1130
f 1437/2825/1130 1436/2824/1130 1438/2826/1130
f 1437/2825/1131 1438/2826/1131 1439/2827/1131
f 1439/2827/1131 1438/2826/1131 1440/2828/1131
f 1439/2827/1132 1440/2828/1132 1441/2829/1132
f 1441/2829/1132 1440/2828/1132 1442/2830/1132
usemtl miyoo_shell
f 1441/2829/1133 1442/2830/1133 1443/2831/1133
f 1443/2831/1133 1442/2830/1133 1444/2832/1133
f 1443/2831/1134 1444/2832/1134 1445/2833/1134
f 1445/2833/1134 1444/2832/1134 1446/2834/1134
f 1445/2833/1135 1446/2834/1135 1447/2835/1135
f 1447/2835/1135 1446/2834/1135 1448/2836/1135
f 1447/2835/1136 1448/2836/1136 1449/2837/1136
f 1449/2837/1136 1448/2836/1136 1450/2838/1136
f 1449/2837/1137 1450/2838/1137 1451/2839/1137
f 1451/2839/1137 1450/2838/1137 1452/2840/1137
f 1451/2839/1138 1452/2840/1138 1453/2841/1138
f 1453/2841/1138 1452/2840/1138 1454/2842/1138
usemtl miyoo_back
f 1453/2841/1139 1454/2842/1139 1455/2843/1139
f 1455/2843/1139 1454/2842/1139 1456/2844/1139
f 1455/2843/1140 1456/2844/1140 1457/2845/1140
f 1457/2845/1140 1456/2844/1140 1458/2846/1140
f 1457/2845/1141 1458/2846/1141 1433/2847/1141
f 1433/2847/1141 1458/2846/1141 1431/2848/1141
usemtl miyoo_front
f 1459/2849/166 1436/2850/166 1460/2851/166
f 1460/2851/166 1436/2850/166 1435/2852/166
usemtl miyoo_back
f 1434/2853/1142 1432/2854/1142 1461/2855/1142
f 1461/2855/1142 1432/2854/1142 1462/2856/1142
f 1461/2855/1143 1462/2856/1143 1463/2857/1143
f 1463/2857/1143 1462/2856/1143 1464/2858/1143
f 1463/2857/1144 1464/2858/1144 1465/2859/1144
f 1465/2859/1144 1464/2858/1144 1466/2860/1144
usemtl miyoo_shell
f 1465/2859/1145 1466/2860/1145 1467/2861/1145
f 1467/2861/1145 1466/2860/1145 1468/2862/1145
f 1467/2861/1146 1468/2862/1146 1469/2863/1146
f 1469/2863/1146 1468/2862/1146 1470/2864/1146
f 1469/2863/1147 1470/2864/1147 1471/2865/1147
f 1471/2865/1147 1470/2864/1147 1472/2866/1147
f 1471/2865/1148 1472/2866/1148 1473/2867/1148
f 1473/2867/1148 1472/2866/1148 1474/2868/1148
f 1473/2867/1149 1474/2868/1149 1475/2869/1149
f 1475/2869/1149 1474/2868/1149 1476/2870/1149
f 1475/2869/1150 1476/2870/1150 1477/2871/1150
f 1477/2871/1150 1476/2870/1150 1478/2872/1150
usemtl miyoo_front
f 1477/2871/1151 1478/2872/1151 1479/2873/1151
f 1479/2873/1151 1478/2872/1151 1480/2874/1151
f 1479/2873/258 1480/2874/258 1481/2875/258
f 1481/2875/258 1480/2874/258 1482/2876/258
f 1481/2875/1152 1482/2876/1152 1460/2877/1152
f 1460/2877/1152 1482/2876/1152 1459/2878/1152
usemtl miyoo_shell
f 1461/2879/267 1463/2880/267 1434/2881/267
f 1434/2881/267 1463/2880/267 1465/2882/267
f 1434/2881/267 1465/2882/267 1467/2883/267
f 1469/2884/267 1449/2885/267 1467/2883/267
f 1467/2883/267 1449/2885/267 1451/2886/267
f 1467/2883/267 1451/2886/267 1434/2881/267
f 1434/2881/267 1451/2886/267 1453/2887/267
f 1434/2881/267 1453/2887/267 1433/2888/267
f 1433/2888/267 1453/2887/267 1455/2889/267
f 1433/2888/267 1455/2889/267 1457/2890/267
f 1449/2885/267 1469/2884/267 1447/2891/267
f 1447/2891/267 1469/2884/267 1471/2892/267
f 1447/2891/267 1471/2892/267 1473/2893/267
f 1447/2891/267 1473/2893/267 1445/2894/267
f 1445/2894/267 1473/2893/267 1475/2895/267
f 1445/2894/267 1475/2895/267 1443/2896/267
f 1443/2896/267 1475/2895/267 1460/2897/267
f 1443/2896/267 1460/2897/267 1441/2898/267
f 1441/2898/267 1460/2897/267 1435/2899/267
f 1441/2898/267 1435/2899/267 1439/2900/267
f 1439/2900/267 1435/2899/267 1437/2901/267
f 1475/2895/267 1477/2902/267 1460/2897/267
f 1460/2897/267 1477/2902/267 1479/2903/267
f 1460/2897/267 1479/2903/267 1481/2904/267
usemtl miyoo_back
f 1483/2905/1153 240/2906/1153 239/2907/1153
f 1483/2905/1154 239/2907/1154 238/2908/1154
f 1483/2905/1155 238/2908/1155 237/2909/1155
f 1484/2910/1156 1485/2911/1156 1486/2912/1156
f 1486/2912/1157 1485/2911/1157 1487/2913/1157
f 1488/2914/1158 1489/2915/1158 1490/2916/1158
f 1488/2914/1159 1490/2916/1159 1491/2917/1159
f 1491/2917/1160 1490/2916/1160 1492/2918/1160
f 1492/2918/1161 1490/2916/1161 1493/2919/1161
usemtl miyoo_shell
f 228/2920/1162 1493/2919/1162 234/2921/1162
usemtl miyoo_back
f 1486/2912/1163 1494/2922/1163 1484/2910/1163
f 1493/2919/1164 1490/2916/1164 1495/2923/1164
f 1493/2919/1165 1495/2923/1165 234/2921/1165
f 234/2921/1166 1495/2923/1166 236/2924/1166
usemtl miyoo_shell
f 1484/2910/1167 1494/2922/1167 1496/2925/1167
f 1496/2925/1168 1497/2926/1168 1498/2927/1168
f 1496/2925/1169 1498/2927/1169 1499/2928/1169
f 1499/2928/1170 1500/2929/1170 1501/2930/1170
f 1497/2926/1171 1502/2931/1171 1498/2927/1171
f 1499/2928/1172 1490/2916/1172 1489/2915/1172
usemtl miyoo_back
f 1496/2925/1173 1489/2915/1173 1484/2910/1173
f 1495/2923/1174 1483/2905/1174 237/2909/1174
f 237/2909/1175 236/2924/1175 1495/2923/1175
usemtl miyoo_shell
f 1501/2930/1176 1495/2923/1176 1490/2916/1176
f 1501/2930/1177 1490/2916/1177 1499/2928/1177
f 1499/2928/1178 1489/2915/1178 1496/2925/1178
f 1503/2932/1179 1502/2933/1179 1497/2934/1179
f 1503/2932/1180 1497/2934/1180 1496/2935/1180
f 1503/2932/1181 1496/2935/1181 1504/2936/1181
f 1504/2936/1182 1496/2935/1182 1494/2937/1182
f 1505/2938/1183 1506/2939/1183 1507/2940/1183
usemtl miyoo_back
f 1507/2940/1184 1506/2939/1184 1508/2941/1184
f 1508/2941/1185 1506/2939/1185 1509/2942/1185
f 1509/2942/1186 1506/2939/1186 1510/2943/1186
f 1487/2944/1187 1511/2945/1187 1486/2946/1187
f 1486/2946/1188 1511/2945/1188 1504/2936/1188
f 1494/2937/1189 1486/2946/1189 1504/2936/1189
f 1509/2942/1190 1512/2947/1190 1513/2948/1190
f 1509/2942/1191 1513/2948/1191 1508/2941/1191
usemtl miyoo_shell
f 1505/2938/1192 1514/2949/1192 1506/2939/1192
f 1506/2939/1193 1514/2949/1193 1515/2950/1193
f 1515/2950/1194 1514/2949/1194 1516/2951/1194
usemtl miyoo_back
f 1504/2936/1195 1511/2945/1195 1510/2943/1195
usemtl miyoo_shell
f 1517/2952/1196 1503/2932/1196 1504/2936/1196
f 1517/2952/1197 1504/2936/1197 1518/2953/1197
usemtl miyoo_back
f 1506/2939/1198 1518/2953/1198 1510/2943/1198
f 1510/2943/1199 1518/2953/1199 1504/2936/1199
usemtl miyoo_shell
f 1515/2950/1200 1517/2952/1200 1518/2953/1200
f 1515/2950/1201 1518/2953/1201 1506/2939/1201
usemtl miyoo_back
f 1512/2954/1202 1519/2955/1202 1513/2956/1202
f 1513/2956/1202 1519/2955/1202 1520/2957/1202
f 1513/2956/1075 1520/2957/1075 1508/2958/1075
f 1508/2958/1075 1520/2957/1075 1521/2959/1075
f 1508/2958/1203 1521/2959/1203 1507/2960/1203
f 1507/2960/1203 1521/2959/1203 1522/2961/1203
usemtl miyoo_shell
f 1507/2960/1204 1522/2961/1204 1505/2962/1204
f 1505/2962/1204 1522/2961/1204 1523/2963/1204
f 1505/2962/1205 1523/2963/1205 1514/2964/1205
f 1514/2964/1205 1523/2963/1205 1524/2965/1205
f 1514/2964/1206 1524/2965/1206 1516/2966/1206
f 1516/2966/1206 1524/2965/1206 1525/2967/1206
usemtl miyoo_back
f 1526/2968/1207 1527/2969/1207 1528/2970/1207
f 1528/2970/1208 1527/2969/1208 1529/2971/1208
f 1529/2971/1209 1527/2969/1209 1530/2972/1209
f 1529/2971/1210 1530/2972/1210 1531/2973/1210
f 1531/2973/1211 1530/2972/1211 1532/2974/1211
f 1532/2974/1212 1530/2972/1212 1533/2975/1212
f 1532/2974/1213 1533/2975/1213 1534/2976/1213
f 1534/2976/1214 1533/2975/1214 1519/2977/1214
f 1519/2977/1215 1533/2975/1215 1520/2978/1215
f 1520/2978/1216 1533/2975/1216 1521/2979/1216
f 1521/2979/1217 1533/2975/1217 1522/2980/1217
usemtl miyoo_shell
f 1522/2980/1218 1533/2975/1218 1535/2981/1218
f 1522/2980/1219 1535/2981/1219 1523/2982/1219
f 1523/2982/1220 1535/2981/1220 1524/2983/1220
f 1524/2983/1221 1535/2981/1221 1525/2984/1221
usemtl miyoo_back
f 1527/2969/1222 1536/2985/1222 1530/2972/1222
f 1530/2972/1223 1537/2986/1223 1533/2975/1223
usemtl miyoo_shell
f 1536/2985/58 1538/2987/58 1539/2988/58
f 1536/2985/1224 1539/2988/1224 1530/2972/1224
f 1530/2972/1225 1539/2988/1225 1540/2989/1225
f 1530/2972/1226 1540/2989/1226 1537/2986/1226
f 1537/2986/1227 1540/2989/1227 1541/2990/1227
f 1533/2975/1228 1537/2986/1228 1535/2981/1228
f 1537/2986/1229 1541/2990/1229 1542/2991/1229
f 1537/2986/1230 1542/2991/1230 1535/2981/1230
f 1543/2992/58 1544/2993/58 1539/2988/58
f 1539/2988/1231 1544/2993/1231 1545/2994/1231
f 1539/2988/1232 1545/2994/1232 1540/2989/1232
f 1541/2990/1233 1540/2989/1233 1546/2995/1233
f 1541/2990/1234 1546/2995/1234 1542/2991/1234
usemtl miyoo_back
f 1526/2996/1235 1547/2997/1235 1527/2998/1235
f 1527/2998/1235 1547/2997/1235 1548/2999/1235
f 1527/2998/1236 1548/2999/1236 1536/3000/1236
f 1536/3000/1236 1548/2999/1236 1549/3001/1236
f 1536/3000/1237 1549/3001/1237 1538/3002/1237
f 1538/3002/1237 1549/3001/1237 1550/3003/1237
usemtl miyoo_shell
f 1538/3002/1238 1550/3003/1238 1539/3004/1238
f 1539/3004/1238 1550/3003/1238 1551/3005/1238
f 1539/3004/1137 1551/3005/1137 1543/3006/1137
f 1543/3006/1137 1551/3005/1137 1552/3007/1137
f 1543/3006/1239 1552/3007/1239 1544/3008/1239
f 1544/3008/1239 1552/3007/1239 1553/3009/1239
usemtl miyoo_back
f 1554/3010/1240 1555/3011/1240 1556/3012/1240
f 1556/3012/1241 1555/3011/1241 1557/3013/1241
f 1558/3014/1242 1557/3013/1242 1559/3015/1242
f 1558/3014/1243 1559/3015/1243 1560/3016/1243
f 1560/3016/1244 1559/3015/1244 1561/3017/1244
f 1547/3018/1245 1561/3017/1245 1548/3019/1245
f 1548/3019/1246 1561/3017/1246 1549/3020/1246
f 1550/3021/1247 1549/3020/1247 1562/3022/1247
usemtl miyoo_shell
f 1550/3021/1248 1562/3022/1248 1551/3023/1248
f 1551/3023/1249 1562/3022/1249 1552/3024/1249
f 1552/3024/1250 1562/3022/1250 1553/3025/1250
usemtl miyoo_back
f 1555/3011/1251 1563/3026/1251 1557/3013/1251
f 1557/3013/1252 1564/3027/1252 1559/3015/1252
f 1561/3017/1253 1559/3015/1253 1565/3028/1253
f 1561/3017/1254 1565/3028/1254 1549/3020/1254
f 1563/3026/1255 1566/3029/1255 1557/3013/1255
f 1557/3013/1256 1566/3029/1256 1564/3027/1256
f 1559/3015/1257 1564/3027/1257 1565/3028/1257
usemtl miyoo_shell
f 1565/3028/1258 1564/3027/1258 1567/3030/1258
f 1549/3020/1259 1565/3028/1259 1562/3022/1259
f 1568/3031/30 1569/3032/30 1566/3029/30
f 1566/3029/1260 1569/3032/1260 1570/3033/1260
f 1566/3029/1261 1570/3033/1261 1564/3027/1261
f 1564/3027/1262 1570/3033/1262 1571/3034/1262
f 1564/3027/1263 1571/3034/1263 1567/3030/1263
f 1565/3028/1264 1567/3030/1264 1572/3035/1264
f 1565/3028/1265 1572/3035/1265 1562/3022/1265
f 1569/3032/1266 1573/3036/1266 1570/3033/1266
usemtl miyoo_back
f 1554/3037/1267 1574/3038/1267 1555/3039/1267
f 1555/3039/1267 1574/3038/1267 1575/3040/1267
f 1555/3039/1268 1575/3040/1268 1563/3041/1268
f 1563/3041/1268 1575/3040/1268 1576/3042/1268
f 1563/3041/1269 1576/3042/1269 1566/3043/1269
f 1566/3043/1269 1576/3042/1269 1577/3044/1269
usemtl miyoo_shell
f 1566/3043/1270 1577/3044/1270 1568/3045/1270
f 1568/3045/1270 1577/3044/1270 1578/3046/1270
f 1568/3045/1271 1578/3046/1271 1569/3047/1271
f 1569/3047/1271 1578/3046/1271 1579/3048/1271
f 1569/3047/1272 1579/3048/1272 1573/3049/1272
f 1573/3049/1272 1579/3048/1272 1580/3050/1272
usemtl miyoo_back
f 1581/3051/1273 1582/3052/1273 1583/3053/1273
f 1584/3054/1274 1583/3053/1274 1585/3055/1274
f 1584/3054/1275 1585/3055/1275 1586/3056/1275
f 1586/3056/1276 1585/3055/1276 1587/3057/1276
f 1586/3056/1277 1587/3057/1277 1574/3058/1277
f 1574/3058/1278 1587/3057/1278 1575/3059/1278
f 1575/3059/1279 1587/3057/1279 1576/3060/1279
f 1576/3060/1280 1587/3057/1280 1577/3061/1280
usemtl miyoo_shell
f 1577/3061/1281 1587/3057/1281 1578/3062/1281
f 1578/3062/1282 1587/3057/1282 1588/3063/1282
f 1588/3063/1283 1587/3057/1283 1589/3064/1283
f 1590/3065/1284 1591/3066/1284 1592/3067/1284
f 1592/3067/1285 1591/3066/1285 1593/3068/1285
f 1593/3068/1286 1589/3064/1286 1585/3055/1286
f 1585/3055/1287 1589/3064/1287 1587/3057/1287
usemtl miyoo_back
f 1582/3052/1288 1594/3069/1288 1583/3053/1288
usemtl miyoo_shell
f 1594/3069/1289 1595/3070/1289 1583/3053/1289
usemtl miyoo_back
f 1583/3053/1290 1595/3070/1290 1593/3068/1290
usemtl miyoo_shell
f 1593/3068/1291 1595/3070/1291 1592/3067/1291
f 1588/3063/1292 1580/3071/1292 1579/3072/1292
f 1579/3072/1293 1578/3062/1293 1588/3063/1293
f 1593/3068/1294 1591/3066/1294 1589/3064/1294
usemtl miyoo_back
f 1585/3055/1295 1583/3053/1295 1593/3068/1295
f 1596/3073/1296 1597/3074/1296 1598/3075/1296
f 1596/3073/1297 1598/3075/1297 1599/3076/1297
f 1599/3076/1298 1598/3075/1298 1600/3077/1298
usemtl miyoo_shell
f 1600/3077/1299 1598/3075/1299 1601/3078/1299
usemtl miyoo_back
f 1581/3079/1300 1602/3080/1300 1582/3081/1300
f 1582/3081/1301 1602/3080/1301 1594/3082/1301
usemtl miyoo_shell
f 1603/3083/1302 1604/3084/1302 1598/3075/1302
usemtl miyoo_back
f 1605/3085/1303 1606/3086/1303 1607/3087/1303
f 1607/3087/1304 1606/3086/1304 1608/3088/1304
f 1608/3088/1305 1606/3086/1305 1609/3089/1305
usemtl miyoo_shell
f 1608/3088/267 1609/3089/267 1610/3090/267
f 1611/3091/1306 1612/3092/1306 1597/3074/1306
f 1613/3093/1307 1590/3094/1307 1592/3095/1307
f 1613/3093/1308 1592/3095/1308 1595/3096/1308
f 1613/3093/1309 1595/3096/1309 1594/3082/1309
usemtl miyoo_back
f 1606/3086/1310 1614/3097/1310 1609/3089/1310
f 1609/3089/1311 1614/3097/1311 1597/3074/1311
f 1597/3074/1312 1612/3092/1312 1609/3089/1312
f 1614/3097/1313 1598/3075/1313 1597/3074/1313
usemtl miyoo_shell
f 1614/3097/1314 1615/3098/1314 1598/3075/1314
f 1598/3075/1315 1615/3098/1315 1603/3083/1315
usemtl miyoo_back
f 1598/3075/1316 1604/3084/1316 1601/3078/1316
usemtl miyoo_shell
f 1603/3083/1317 1616/3099/1317 1604/3084/1317
f 1604/3084/1318 1616/3099/1318 1594/3082/1318
usemtl miyoo_back
f 1604/3084/1319 1617/3100/1319 1601/3078/1319
usemtl miyoo_shell
f 1616/3099/1320 1613/3093/1320 1594/3082/1320
usemtl miyoo_back
f 1602/3080/1321 1617/3100/1321 1604/3084/1321
f 1602/3080/1322 1604/3084/1322 1594/3082/1322
usemtl miyoo_shell
f 1618/3101/1323 1611/3102/1323 1619/3103/1323
f 1619/3103/1324 1611/3102/1324 1597/3104/1324
f 1619/3103/1325 1597/3104/1325 1617/3105/1325
usemtl miyoo_back
f 1617/3105/1326 1597/3104/1326 1596/3106/1326
f 1617/3105/1327 1596/3106/1327 1601/3107/1327
f 1601/3107/1328 1596/3106/1328 1599/3108/1328
f 1601/3107/1329 1599/3108/1329 1600/3109/1329
f 1617/3105/1330 1602/3110/1330 1619/3103/1330
f 1619/3103/1331 1602/3110/1331 1581/3111/1331
f 1581/3111/1332 1583/3112/1332 1618/3101/1332
f 1618/3101/1333 1583/3112/1333 1620/3113/1333
f 1621/3114/1334 1620/3113/1334 1584/3115/1334
f 1621/3114/1335 1584/3115/1335 1586/3116/1335
f 1621/3114/1336 1586/3116/1336 1622/3117/1336
f 1622/3117/1337 1586/3116/1337 1574/3118/1337
f 1622/3117/1338 1574/3118/1338 1623/3119/1338
f 1583/3112/1339 1584/3115/1339 1620/3113/1339
f 1581/3111/1340 1618/3101/1340 1619/3103/1340
f 1554/3120/413 17/3121/413 1574/3122/413
f 1574/3122/413 17/3121/413 16/3123/413
f 1574/3122/413 16/3123/413 15/3124/413
f 1556/3125/413 1547/3126/413 1554/3120/413
f 1554/3120/413 1547/3126/413 1526/3127/413
f 1554/3120/413 1526/3127/413 1519/3128/413
f 1519/3128/413 1526/3127/413 1534/3129/413
f 1534/3129/413 1526/3127/413 1532/3130/413
f 1532/3130/413 1526/3127/413 1531/3131/413
f 1531/3131/413 1526/3127/413 1529/3132/413
f 1529/3132/413 1526/3127/413 1528/3133/413
f 1556/3125/413 1557/3134/413 1547/3126/413
f 1547/3126/413 1557/3134/413 1558/3135/413
f 1547/3126/413 1558/3135/413 1560/3136/413
f 1560/3136/413 1561/3137/413 1547/3126/413
f 1512/3138/413 225/3139/413 1519/3128/413
f 1519/3128/413 225/3139/413 224/3140/413
f 1519/3128/413 224/3140/413 216/3141/413
f 233/3142/413 227/3143/413 1512/3138/413
f 1512/3138/413 227/3143/413 226/3144/413
f 1512/3138/413 226/3144/413 225/3139/413
f 216/3141/413 192/3145/413 1519/3128/413
f 1519/3128/413 192/3145/413 157/3146/413
f 1519/3128/413 157/3146/413 135/3147/413
f 157/3146/413 192/3145/413 165/3148/413
f 165/3148/413 192/3145/413 191/3149/413
f 165/3148/413 191/3149/413 166/3150/413
f 166/3150/413 191/3149/413 190/3151/413
f 166/3150/413 190/3151/413 167/3152/413
f 167/3152/413 190/3151/413 189/3153/413
f 167/3152/413 189/3153/413 168/3154/413
f 168/3154/413 189/3153/413 188/3155/413
f 168/3154/413 188/3155/413 173/3156/413
f 173/3156/413 188/3155/413 1624/3157/413
f 134/3158/413 100/3159/413 135/3147/413
f 135/3147/413 100/3159/413 1554/3120/413
f 135/3147/413 1554/3120/413 1519/3128/413
f 100/3159/413 134/3158/413 108/3160/413
f 108/3160/413 134/3158/413 133/3161/413
f 108/3160/413 133/3161/413 109/3162/413
f 109/3162/413 133/3161/413 132/3163/413
f 109/3162/413 132/3163/413 110/3164/413
f 110/3164/413 132/3163/413 131/3165/413
f 110/3164/413 131/3165/413 111/3166/413
f 111/3166/413 131/3165/413 1625/3167/413
f 111/3166/413 1625/3167/413 116/3168/413
f 100/3159/413 78/3169/413 1554/3120/413
f 1554/3120/413 78/3169/413 33/3170/413
f 1554/3120/413 33/3170/413 19/3171/413
f 33/3170/413 78/3169/413 47/3172/413
f 47/3172/413 78/3169/413 77/3173/413
f 47/3172/413 77/3173/413 48/3174/413
f 48/3174/413 77/3173/413 76/3175/413
f 48/3174/413 76/3175/413 49/3176/413
f 49/3176/413 76/3175/413 75/3177/413
f 49/3176/413 75/3177/413 50/3178/413
f 50/3178/413 75/3177/413 74/3179/413
f 50/3178/413 74/3179/413 59/3180/413
f 59/3180/413 74/3179/413 1626/3181/413
f 19/3171/413 18/3182/413 1554/3120/413
f 1554/3120/413 18/3182/413 17/3121/413
f 15/3124/413 1623/3183/413 1574/3122/413
usemtl miyoo_shell
f 235/3184/1341 1627/3185/1341 208/3186/1341
f 208/3186/1342 1627/3185/1342 1628/3187/1342
f 208/3186/1343 1628/3187/1343 209/3188/1343
f 209/3188/1344 1628/3187/1344 1629/3189/1344
f 1629/3189/1345 1628/3187/1345 1630/3190/1345
f 1630/3190/1346 1628/3187/1346 1631/3191/1346
usemtl miyoo_back
f 1509/3192/1347 231/3193/1347 1512/3194/1347
f 1512/3194/1348 231/3193/1348 232/3195/1348
f 1512/3194/1349 232/3195/1349 233/3196/1349
f 1509/3192/1350 1510/3197/1350 231/3193/1350
f 231/3193/1351 1510/3197/1351 230/3198/1351
f 230/3198/1352 1511/3199/1352 1487/3200/1352
f 1632/3201/1353 1487/3200/1353 1485/3202/1353
f 1632/3201/1354 1485/3202/1354 1484/3203/1354
f 1510/3197/1355 1511/3199/1355 230/3198/1355
f 1489/3204/1356 1492/3205/1356 1484/3203/1356
f 1484/3203/1357 1492/3205/1357 1493/3206/1357
usemtl miyoo_shell
f 1484/3203/1358 1493/3206/1358 1632/3201/1358
f 1632/3201/1359 1493/3206/1359 228/3207/1359
f 1632/3201/1360 228/3207/1360 229/3208/1360
usemtl miyoo_back
f 1488/3209/1361 1491/3210/1361 1489/3204/1361
f 1489/3204/1362 1491/3210/1362 1492/3205/1362
f 1632/3201/1363 229/3208/1363 1487/3200/1363
f 1487/3200/1364 229/3208/1364 230/3198/1364
usemtl miyoo_shell
f 55/3211/1365 87/3212/1365 54/3213/1365
f 54/3213/1366 87/3212/1366 88/3214/1366
f 54/3213/1367 88/3214/1367 1633/3215/1367
f 1633/3215/1368 88/3214/1368 200/3216/1368
f 200/3216/1369 88/3214/1369 199/3217/1369
f 199/3217/1369 88/3214/1369 145/3218/1369
f 199/3217/1370 145/3218/1370 169/3219/1370
f 87/3212/1365 55/3211/1365 1634/3220/1365
f 1634/3220/1371 55/3211/1371 56/3221/1371
f 1634/3220/1372 56/3221/1372 1635/3222/1372
usemtl miyoo_back
f 1635/3222/1373 56/3221/1373 57/3223/1373
f 1635/3222/1373 57/3223/1373 1636/3224/1373
f 1636/3224/1374 57/3223/1374 58/3225/1374
f 1636/3224/1374 58/3225/1374 1637/3226/1374
f 1637/3226/1375 58/3225/1375 59/3227/1375
f 1637/3226/1376 59/3227/1376 1626/3228/1376
usemtl miyoo_shell
f 145/3218/1369 88/3214/1369 144/3229/1369
f 144/3229/1377 88/3214/1377 112/3230/1377
f 144/3229/1378 112/3230/1378 1638/3231/1378
f 1638/3231/1379 112/3230/1379 113/3232/1379
f 1638/3231/1380 113/3232/1380 1639/3233/1380
usemtl miyoo_back
f 1639/3233/1381 113/3232/1381 114/3234/1381
f 1639/3233/1382 114/3234/1382 1640/3235/1382
f 1640/3235/1383 114/3234/1383 115/3236/1383
f 1640/3235/1384 115/3236/1384 1641/3237/1384
f 1641/3237/1385 115/3236/1385 116/3238/1385
f 1641/3237/1386 116/3238/1386 1625/3239/1386
usemtl miyoo_shell
f 199/3217/1370 169/3219/1370 1642/3240/1370
f 1642/3240/1387 169/3219/1387 170/3241/1387
f 1642/3240/1387 170/3241/1387 1643/3242/1387
usemtl miyoo_back
f 1643/3242/1388 170/3241/1388 171/3243/1388
f 1643/3242/1388 171/3243/1388 1644/3244/1388
f 1644/3244/1389 171/3243/1389 172/3245/1389
f 1644/3244/1389 172/3245/1389 1645/3246/1389
f 1645/3246/1386 172/3245/1386 1624/3247/1386
f 1624/3247/1386 172/3245/1386 173/3248/1386
usemtl miyoo_shell
f 54/3213/1390 1633/3215/1390 1646/3249/1390
f 1646/3249/1391 1633/3215/1391 1647/3250/1391
f 1646/3249/1392 1647/3250/1392 1648/3251/1392
f 1648/3251/1393 1647/3250/1393 1649/3252/1393
f 1648/3251/1394 1649/3252/1394 1650/3253/1394
f 1646/3249/1395 51/3254/1395 54/3213/1395
f 1633/3255/1396 200/3256/1396 1651/3257/1396
f 1651/3257/1397 200/3256/1397 209/3258/1397
f 1651/3257/1398 209/3258/1398 1652/3259/1398
f 1652/3259/1399 209/3258/1399 1629/3260/1399
f 1652/3259/1400 1629/3260/1400 1630/3261/1400
f 1630/3261/1401 1631/3262/1401 1652/3259/1401
f 1649/3263/1402 1647/3264/1402 1651/3257/1402
f 1651/3257/1403 1647/3264/1403 1633/3255/1403
f 51/3265/1404 1646/3266/1404 52/3267/1404
f 52/3267/1405 1646/3266/1405 1648/3268/1405
f 52/3267/1406 1648/3268/1406 1653/3269/1406
f 1653/3269/1407 1648/3268/1407 1650/3270/1407
f 1653/3269/1408 1654/3271/1408 52/3267/1408
f 52/3267/1409 1654/3271/1409 1655/3272/1409
f 1655/3272/1410 1654/3271/1410 1656/3273/1410
f 1656/3273/1411 1654/3271/1411 1657/3274/1411
f 1658/3275/1412 53/3276/1412 1659/3277/1412
f 1659/3277/1413 53/3276/1413 1660/3278/1413
f 1660/3278/1414 53/3276/1414 52/3279/1414
f 1660/3278/1415 52/3279/1415 1655/3280/1415
f 1655/3280/1416 1656/3281/1416 1660/3278/1416
f 1660/3278/1417 1656/3281/1417 1657/3282/1417
f 14/3283/267 1611/3284/267 13/3285/267
f 13/3285/267 1611/3284/267 1618/3286/267
f 13/3285/267 1618/3286/267 1620/3287/267
f 14/3283/267 53/3288/267 1611/3284/267
f 1611/3284/267 53/3288/267 1612/3289/267
f 1612/3289/267 53/3288/267 1658/3290/267
f 1612/3289/267 1658/3290/267 1609/3291/267
f 1609/3291/267 1658/3290/267 1610/3292/267
f 1610/3292/267 1658/3290/267 1608/3293/267
f 1608/3293/267 1658/3290/267 1607/3294/267
f 1607/3294/267 1658/3290/267 1605/3295/267
f 1620/3287/267 1621/3296/267 13/3285/267
f 13/3285/267 1621/3296/267 1622/3297/267
f 13/3285/267 1622/3297/267 1623/3298/267
f 1623/3298/267 15/3299/267 13/3285/267
f 187/3300/267 199/3301/267 186/3302/267
f 186/3302/267 199/3301/267 1642/3303/267
f 186/3302/267 1642/3303/267 1643/3304/267
f 1643/3304/267 1644/3305/267 186/3302/267
f 186/3302/267 1644/3305/267 1645/3306/267
f 186/3302/267 1645/3306/267 1624/3307/267
f 1624/3307/267 188/3308/267 186/3302/267
f 130/3309/267 144/3310/267 129/3311/267
f 129/3311/267 144/3310/267 1638/3312/267
f 129/3311/267 1638/3312/267 1639/3313/267
f 1639/3313/267 1640/3314/267 129/3311/267
f 129/3311/267 1640/3314/267 1641/3315/267
f 129/3311/267 1641/3315/267 1625/3316/267
f 1625/3316/267 131/3317/267 129/3311/267
f 73/3318/267 87/3319/267 72/3320/267
f 72/3320/267 87/3319/267 1634/3321/267
f 72/3320/267 1634/3321/267 1635/3322/267
f 1635/3322/267 1636/3323/267 72/3320/267
f 72/3320/267 1636/3323/267 1637/3324/267
f 72/3320/267 1637/3324/267 1626/3325/267
f 1626/3325/267 74/3326/267 72/3320/267
f 1661/3327/1418 1662/3328/1418 1663/3329/1418
f 1661/3327/1419 1663/3329/1419 1664/3330/1419
f 1664/3330/1420 1663/3329/1420 1665/3331/1420
f 1664/3330/1421 1665/3331/1421 1666/3332/1421
f 1667/3333/1422 1666/3332/1422 1668/3334/1422
usemtl miyoo_back
f 1669/3335/1423 1670/3336/1423 1671/3337/1423
f 1672/3338/1424 1673/3339/1424 1670/3336/1424
usemtl miyoo_shell
f 1670/3336/1425 1673/3339/1425 1674/3340/1425
usemtl miyoo_back
f 1670/3336/1426 1674/3340/1426 1671/3341/1426
f 1675/3342/1427 1676/3343/1427 1672/3338/1427
f 1672/3338/1428 1676/3343/1428 1673/3339/1428
usemtl miyoo_shell
f 1673/3339/1429 1677/3344/1429 1674/3340/1429
usemtl miyoo_back
f 1674/3340/1430 1677/3344/1430 1671/3345/1430
f 1676/3343/1431 1678/3346/1431 1673/3339/1431
f 1677/3344/1432 1673/3339/1432 1671/3347/1432
f 1678/3346/1433 1671/3348/1433 1673/3339/1433
f 1679/3349/1434 1680/3350/1434 1681/3351/1434
f 1681/3351/1435 1680/3350/1435 1682/3352/1435
f 1681/3351/1436 1682/3352/1436 1671/3353/1436
f 1680/3350/1437 1679/3349/1437 1683/3354/1437
f 1683/3354/1438 1679/3349/1438 1684/3355/1438
f 1683/3354/1439 1684/3355/1439 1685/3356/1439
usemtl miyoo_shell
f 1686/3357/1440 1687/3358/1440 1688/3359/1440
f 1688/3359/1441 1687/3358/1441 1689/3360/1441
f 1689/3360/1442 1690/3361/1442 1691/3362/1442
usemtl miyoo_back
f 1691/3362/413 1690/3361/413 1692/3363/413
usemtl miyoo_shell
f 1689/3360/1443 1687/3358/1443 1690/3361/1443
f 1687/3358/1444 1693/3364/1444 1690/3361/1444
f 1693/3364/1445 1378/3365/1445 1690/3361/1445
f 1686/3357/1446 1688/3359/1446 1685/3356/1446
usemtl miyoo_back
f 1694/3366/413 1661/3327/413 1691/3362/413
usemtl miyoo_shell
f 1691/3362/1447 1661/3327/1447 1664/3330/1447
f 1691/3362/1448 1664/3330/1448 1689/3360/1448
f 1689/3360/1449 1664/3330/1449 1695/3367/1449
usemtl miyoo_back
f 1669/3335/1450 1671/3368/1450 1696/3369/1450
f 1696/3369/1451 1671/3370/1451 1697/3371/1451
f 1697/3371/1452 1671/3372/1452 1698/3373/1452
f 1698/3373/1453 1671/3374/1453 1682/3352/1453
f 1699/3375/1454 1667/3333/1454 1668/3334/1454
f 1699/3375/1455 1668/3334/1455 1675/3342/1455
usemtl miyoo_shell
f 1695/3367/1456 1664/3330/1456 1666/3332/1456
f 1695/3367/1457 1666/3332/1457 1667/3333/1457
usemtl miyoo_back
f 1699/3375/1458 1675/3342/1458 1672/3338/1458
f 1688/3359/1459 1699/3375/1459 1683/3354/1459
usemtl miyoo_shell
f 1688/3359/1460 1689/3360/1460 1695/3367/1460
usemtl miyoo_back
f 1695/3367/1461 1667/3333/1461 1688/3359/1461
f 1688/3359/1462 1667/3333/1462 1699/3375/1462
f 1685/3356/1463 1688/3359/1463 1683/3354/1463
f 1680/3350/1464 1698/3373/1464 1682/3352/1464
f 1683/3354/1465 1699/3375/1465 1672/3338/1465
f 1683/3354/1466 1672/3338/1466 1680/3350/1466
f 1680/3350/1467 1672/3338/1467 1670/3336/1467
f 1680/3350/1468 1670/3336/1468 1696/3369/1468
usemtl miyoo_shell
f 1696/3369/1469 1670/3336/1469 1669/3335/1469
usemtl miyoo_back
f 1680/3350/1470 1697/3371/1470 1698/3373/1470
f 1697/3371/1471 1680/3350/1471 1696/3369/1471
f 1483/3376/1472 1700/3377/1472 240/3378/1472
f 240/3378/1473 1700/3377/1473 1627/3379/1473
f 240/3378/1473 1627/3379/1473 235/3380/1473
f 1700/3377/1474 1483/3376/1474 1701/3381/1474
f 1701/3381/1475 1483/3376/1475 1495/3382/1475
usemtl miyoo_shell
f 1701/3381/1476 1495/3382/1476 1501/3383/1476
f 1701/3381/1477 1501/3383/1477 1702/3384/1477
f 1702/3384/1478 1501/3383/1478 1500/3385/1478
f 1702/3384/1479 1500/3385/1479 1703/3386/1479
f 1703/3386/1480 1500/3385/1480 1499/3387/1480
f 1703/3386/1481 1499/3387/1481 1498/3388/1481
f 1502/3389/1482 1704/3390/1482 1498/3388/1482
f 1498/3388/1483 1704/3390/1483 1703/3386/1483
usemtl miyoo_back
f 1627/3379/1484 1700/3377/1484 1628/3391/1484
f 1628/3391/1485 1700/3377/1485 1705/3392/1485
f 1628/3391/1486 1705/3392/1486 1631/3393/1486
f 1631/3393/1487 1705/3392/1487 1652/3394/1487
f 1652/3394/1488 1705/3392/1488 1651/3395/1488
f 1651/3395/1489 1705/3392/1489 1706/3396/1489
f 1651/3395/1490 1706/3396/1490 1649/3397/1490
usemtl miyoo_shell
f 1375/3398/1491 1707/3399/1491 1708/3400/1491
f 1708/3400/1492 1707/3399/1492 1709/3401/1492
f 1708/3400/1493 1709/3401/1493 1710/3402/1493
f 1710/3402/1494 1709/3401/1494 1711/3403/1494
f 1710/3402/1495 1711/3403/1495 1712/3404/1495
f 1712/3404/1496 1711/3403/1496 1713/3405/1496
f 1712/3404/1497 1713/3405/1497 1714/3406/1497
f 1714/3406/1498 1713/3405/1498 1715/3407/1498
f 1714/3406/1499 1715/3407/1499 1716/3408/1499
f 1716/3408/1500 1715/3407/1500 1717/3409/1500
f 1716/3408/1501 1717/3409/1501 1704/3410/1501
f 1704/3410/1501 1717/3409/1501 1703/3411/1501
f 1703/3411/1502 1717/3409/1502 1718/3412/1502
f 1703/3411/1503 1718/3412/1503 1702/3413/1503
f 1702/3413/1504 1718/3412/1504 1719/3414/1504
f 1702/3413/1505 1719/3414/1505 1701/3415/1505
usemtl miyoo_back
f 1701/3415/1506 1719/3414/1506 1720/3416/1506
f 1701/3415/1506 1720/3416/1506 1700/3417/1506
f 1700/3417/1507 1720/3416/1507 1721/3418/1507
f 1700/3417/1508 1721/3418/1508 1705/3419/1508
f 1705/3419/1509 1721/3418/1509 1722/3420/1509
f 1705/3419/1509 1722/3420/1509 1706/3421/1509
usemtl miyoo_shell
f 1707/3399/1510 1723/3422/1510 1709/3401/1510
f 1709/3401/1511 1723/3422/1511 1724/3423/1511
f 1709/3401/1512 1724/3423/1512 1711/3403/1512
f 1711/3403/1512 1724/3423/1512 1725/3424/1512
f 1711/3403/1513 1725/3424/1513 1713/3405/1513
f 1713/3405/1514 1725/3424/1514 1726/3425/1514
f 1713/3405/1515 1726/3425/1515 1715/3407/1515
f 1715/3407/1516 1726/3425/1516 1727/3426/1516
f 1715/3407/1517 1727/3426/1517 1717/3409/1517
f 1717/3409/1518 1727/3426/1518 1718/3412/1518
f 1723/3422/1519 1728/3427/1519 1724/3423/1519
f 1724/3423/1520 1728/3427/1520 1729/3428/1520
f 1724/3423/1521 1729/3428/1521 1725/3424/1521
f 1725/3424/1522 1729/3428/1522 1730/3429/1522
f 1725/3424/1523 1730/3429/1523 1726/3425/1523
f 1726/3425/1523 1730/3429/1523 1731/3430/1523
f 1726/3425/1524 1731/3430/1524 1727/3426/1524
f 1727/3426/1525 1731/3430/1525 1732/3431/1525
f 1727/3426/1526 1732/3431/1526 1718/3412/1526
f 1718/3412/1527 1732/3431/1527 1719/3414/1527
usemtl miyoo_back
f 1728/3427/1528 1733/3432/1528 1729/3428/1528
f 1729/3428/1528 1733/3432/1528 1734/3433/1528
f 1729/3428/1529 1734/3433/1529 1730/3429/1529
f 1730/3429/1529 1734/3433/1529 1735/3434/1529
f 1730/3429/1530 1735/3434/1530 1731/3430/1530
f 1731/3430/1530 1735/3434/1530 1736/3435/1530
f 1731/3430/1531 1736/3435/1531 1732/3431/1531
f 1732/3431/1532 1736/3435/1532 1737/3436/1532
f 1732/3431/1533 1737/3436/1533 1719/3414/1533
f 1719/3414/1534 1737/3436/1534 1720/3416/1534
f 1733/3432/1535 1738/3437/1535 1734/3433/1535
f 1734/3433/1536 1738/3437/1536 1739/3438/1536
f 1734/3433/1537 1739/3438/1537 1735/3434/1537
f 1735/3434/1538 1739/3438/1538 1740/3439/1538
f 1735/3434/1539 1740/3439/1539 1736/3435/1539
f 1736/3435/1539 1740/3439/1539 1741/3440/1539
f 1736/3435/1540 1741/3440/1540 1737/3436/1540
f 1737/3436/1541 1741/3440/1541 1742/3441/1541
f 1737/3436/1542 1742/3441/1542 1720/3416/1542
f 1720/3416/1543 1742/3441/1543 1721/3418/1543
f 1738/3437/1544 1743/3442/1544 1739/3438/1544
f 1739/3438/1544 1743/3442/1544 1744/3443/1544
f 1739/3438/1545 1744/3443/1545 1740/3439/1545
f 1740/3439/1546 1744/3443/1546 1745/3444/1546
f 1740/3439/1547 1745/3444/1547 1741/3440/1547
f 1741/3440/1547 1745/3444/1547 1746/3445/1547
f 1741/3440/1548 1746/3445/1548 1742/3441/1548
f 1742/3441/1548 1746/3445/1548 1747/3446/1548
f 1742/3441/1549 1747/3446/1549 1721/3418/1549
f 1721/3418/1550 1747/3446/1550 1722/3420/1550
usemtl miyoo_shell
f 1378/3447/1551 1693/3448/1551 1375/3449/1551
f 1375/3449/1552 1693/3448/1552 1707/3450/1552
f 1707/3450/1553 1693/3448/1553 1687/3451/1553
f 1707/3450/1554 1687/3451/1554 1723/3452/1554
f 1723/3452/1555 1687/3451/1555 1686/3453/1555
f 1723/3452/1556 1686/3453/1556 1728/3454/1556
f 1728/3454/1557 1686/3453/1557 1685/3455/1557
usemtl miyoo_back
f 1728/3454/1558 1685/3455/1558 1684/3456/1558
f 1728/3454/1559 1684/3456/1559 1733/3457/1559
f 1733/3457/1560 1684/3456/1560 1679/3458/1560
f 1733/3457/1561 1679/3458/1561 1738/3459/1561
f 1738/3459/1562 1679/3458/1562 1681/3460/1562
f 1738/3459/1563 1681/3460/1563 1743/3461/1563
f 1743/3461/1564 1681/3460/1564 1671/3462/1564
f 1658/3463/1565 1659/3464/1565 1605/3465/1565
f 1605/3465/1566 1659/3464/1566 1676/3466/1566
f 1605/3465/1567 1676/3466/1567 1675/3467/1567
f 1659/3464/1568 1660/3468/1568 1676/3466/1568
f 1676/3466/1569 1660/3468/1569 1657/3469/1569
f 1676/3466/1570 1657/3469/1570 1678/3470/1570
f 1678/3470/1571 1657/3469/1571 1654/3471/1571
f 1678/3470/1572 1654/3471/1572 1653/3472/1572
f 1650/3473/1573 1671/3474/1573 1653/3472/1573
f 1653/3472/1574 1671/3474/1574 1678/3470/1574
f 1605/3465/1575 1675/3467/1575 1606/3475/1575
f 1606/3475/1576 1675/3467/1576 1668/3476/1576
f 1606/3475/1577 1668/3476/1577 1614/3477/1577
usemtl miyoo_shell
f 1614/3477/1578 1668/3476/1578 1666/3478/1578
f 1614/3477/1579 1666/3478/1579 1615/3479/1579
f 1615/3479/1580 1666/3478/1580 1603/3480/1580
f 1603/3480/1581 1666/3478/1581 1665/3481/1581
f 1603/3480/1582 1665/3481/1582 1616/3482/1582
f 1616/3482/1583 1665/3481/1583 1663/3483/1583
f 1616/3482/1584 1663/3483/1584 1613/3484/1584
f 1613/3484/1585 1663/3483/1585 1590/3485/1585
f 1590/3485/1586 1663/3483/1586 1662/3486/1586
f 1431/3487/267 1573/3488/267 1432/3489/267
f 1432/3489/267 1573/3488/267 1580/3490/267
f 1432/3489/267 1580/3490/267 1462/3491/267
f 1462/3491/267 1580/3490/267 1464/3492/267
f 1464/3492/267 1580/3490/267 1588/3493/267
f 1464/3492/267 1588/3493/267 1466/3494/267
f 1466/3494/267 1588/3493/267 1748/3495/267
f 1466/3494/267 1748/3495/267 1468/3496/267
f 1468/3496/267 1748/3495/267 1470/3497/267
f 1470/3497/267 1748/3495/267 1472/3498/267
f 1472/3498/267 1748/3495/267 1474/3499/267
f 1474/3499/267 1748/3495/267 1476/3500/267
f 1476/3500/267 1748/3495/267 1478/3501/267
f 1478/3501/267 1748/3495/267 1480/3502/267
f 1480/3502/267 1748/3495/267 1482/3503/267
f 1482/3503/267 1748/3495/267 1459/3504/267
f 1459/3504/267 1748/3495/267 1749/3505/267
f 1459/3504/267 1749/3505/267 1436/3506/267
f 1436/3506/267 1749/3505/267 1438/3507/267
f 1438/3507/267 1749/3505/267 1440/3508/267
f 1440/3508/267 1749/3505/267 1442/3509/267
f 1442/3509/267 1749/3505/267 1444/3510/267
f 1444/3510/267 1749/3505/267 1446/3511/267
f 1446/3511/267 1749/3505/267 1448/3512/267
f 1448/3512/267 1749/3505/267 1450/3513/267
f 1450/3513/267 1749/3505/267 1452/3514/267
f 1452/3514/267 1749/3505/267 1573/3488/267
f 1452/3514/267 1573/3488/267 1454/3515/267
f 1454/3515/267 1573/3488/267 1456/3516/267
f 1456/3516/267 1573/3488/267 1458/3517/267
f 1458/3517/267 1573/3488/267 1431/3487/267
f 1748/3495/267 1588/3493/267 1662/3518/267
f 1662/3518/267 1588/3493/267 1589/3519/267
f 1662/3518/267 1589/3519/267 1591/3520/267
f 1591/3520/267 1590/3521/267 1662/3518/267
f 1748/3522/1587 1662/3523/1587 1750/3524/1587
f 1750/3524/1587 1662/3523/1587 1661/3525/1587
f 1750/3524/1588 1661/3525/1588 1751/3526/1588
f 1751/3526/1588 1661/3525/1588 1694/3527/1588
f 1751/3526/1589 1694/3527/1589 1752/3528/1589
f 1752/3528/1589 1694/3527/1589 1691/3529/1589
f 1752/3528/1590 1691/3529/1590 1753/3530/1590
f 1753/3530/1590 1691/3529/1590 1692/3531/1590
f 1753/3530/1591 1692/3531/1591 1754/3532/1591
f 1754/3532/1591 1692/3531/1591 1690/3533/1591
f 1754/3532/1043 1690/3533/1043 1377/3534/1043
f 1377/3534/1043 1690/3533/1043 1378/3535/1043
f 1257/3536/1592 1256/3537/1592 1708/3538/1592
f 1708/3538/1593 1256/3537/1593 1273/3539/1593
f 1708/3538/1594 1273/3539/1594 1375/3540/1594
f 1375/3540/1595 1273/3539/1595 1269/3541/1595
f 1375/3540/1596 1269/3541/1596 1270/3542/1596
f 1710/3543/854 1755/3544/854 1708/3538/854
f 1708/3538/854 1755/3544/854 1756/3545/854
f 1708/3538/1597 1756/3545/1597 1268/3546/1597
f 1268/3546/1597 1756/3545/1597 1274/3547/1597
f 1274/3547/1598 1756/3545/1598 1276/3548/1598
f 1276/3548/1599 1756/3545/1599 1278/3549/1599
f 1278/3549/1600 1756/3545/1600 1280/3550/1600
f 1280/3550/1601 1756/3545/1601 1282/3551/1601
f 1282/3551/1602 1756/3545/1602 1283/3552/1602
f 1283/3552/1603 1756/3545/1603 1285/3553/1603
f 1285/3553/1604 1756/3545/1604 1287/3554/1604
f 1287/3554/1605 1756/3545/1605 1289/3555/1605
f 1289/3555/1606 1756/3545/1606 1290/3556/1606
f 1290/3556/1607 1756/3545/1607 1376/3557/1607
f 1290/3556/1608 1376/3557/1608 1291/3558/1608
f 1291/3558/1596 1376/3557/1596 1292/3559/1596
f 1755/3544/1045 1710/3543/1045 1757/3560/1045
f 1757/3560/1045 1710/3543/1045 1712/3561/1045
f 1757/3560/605 1712/3561/605 1758/3562/605
f 1758/3562/605 1712/3561/605 1714/3563/605
f 1758/3562/604 1714/3563/604 1759/3564/604
f 1759/3564/604 1714/3563/604 1716/3565/604
f 1759/3564/603 1716/3565/603 1760/3566/603
f 1760/3566/603 1716/3565/603 1704/3567/603
f 1268/3546/1609 1266/3568/1609 1708/3538/1609
f 1708/3538/1610 1266/3568/1610 1265/3569/1610
f 1708/3538/1611 1265/3569/1611 1264/3570/1611
f 1264/3570/1612 1263/3571/1612 1708/3538/1612
f 1708/3538/1613 1263/3571/1613 1261/3572/1613
f 1708/3538/1614 1261/3572/1614 1260/3573/1614
f 1260/3573/1615 1257/3536/1615 1708/3538/1615
f 1525/3574/58 1761/3575/58 1516/3576/58
f 1516/3576/58 1761/3575/58 1760/3577/58
f 1516/3576/58 1760/3577/58 1515/3578/58
f 1515/3578/58 1760/3577/58 1704/3579/58
f 1515/3578/58 1704/3579/58 1517/3580/58
f 1517/3580/58 1704/3579/58 1503/3581/58
f 1503/3581/58 1704/3579/58 1502/3582/58
f 1762/3583/1616 1763/3584/1616 1764/3585/1616
f 1764/3585/1616 1763/3584/1616 1765/3586/1616
f 1764/3585/1134 1765/3586/1134 1766/3587/1134
f 1766/3587/1134 1765/3586/1134 1767/3588/1134
f 1766/3587/1617 1767/3588/1617 1768/3589/1617
f 1768/3589/1617 1767/3588/1617 1769/3590/1617
usemtl miyoo_front
f 1768/3589/1618 1769/3590/1618 1770/3591/1618
f 1770/3591/1618 1769/3590/1618 1771/3592/1618
f 1770/3591/1619 1771/3592/1619 1772/3593/1619
f 1772/3593/1619 1771/3592/1619 1773/3594/1619
f 1772/3593/1620 1773/3594/1620 589/3595/1620
f 589/3595/1620 1773/3594/1620 587/3596/1620
f 634/3597/1621 1774/3598/1621 638/3599/1621
f 638/3599/1622 1774/3598/1622 1775/3600/1622
f 638/3599/1623 1775/3600/1623 642/3601/1623
f 642/3601/630 1775/3600/630 643/3602/630
f 645/3603/1624 643/3602/1624 1776/3604/1624
f 645/3603/1625 1776/3604/1625 646/3605/1625
f 646/3605/1626 1776/3604/1626 589/3606/1626
f 589/3606/1627 1776/3604/1627 1772/3607/1627
f 1772/3607/1628 1776/3604/1628 1777/3608/1628
f 1772/3607/1629 1777/3608/1629 1770/3609/1629
f 1770/3609/674 1777/3608/674 1768/3610/674
usemtl miyoo_shell
f 1768/3610/1630 1777/3608/1630 1778/3611/1630
f 1768/3610/1631 1778/3611/1631 1766/3612/1631
f 1766/3612/1632 1778/3611/1632 1764/3613/1632
f 1764/3613/1633 1778/3611/1633 1762/3614/1633
usemtl miyoo_front
f 1774/3598/1634 1779/3615/1634 1775/3600/1634
f 643/3602/1635 1775/3600/1635 1776/3604/1635
f 1776/3604/1636 1775/3600/1636 1777/3608/1636
f 1779/3615/1637 1780/3616/1637 1775/3600/1637
f 1775/3600/1638 1781/3617/1638 1777/3608/1638
usemtl miyoo_shell
f 1775/3600/1639 1780/3616/1639 1782/3618/1639
f 1775/3600/1640 1782/3618/1640 1781/3617/1640
f 1783/3619/30 1784/3620/30 1780/3616/30
f 1780/3616/1641 1784/3620/1641 1785/3621/1641
f 1780/3616/1642 1785/3621/1642 1782/3618/1642
f 1777/3608/1643 1781/3617/1643 1786/3622/1643
f 1777/3608/1644 1786/3622/1644 1778/3611/1644
f 1784/3620/1645 1761/3623/1645 1785/3621/1645
f 1781/3617/1646 1782/3618/1646 1787/3624/1646
f 1781/3617/1647 1787/3624/1647 1786/3622/1647
usemtl miyoo_front
f 634/3625/1089 633/3626/1089 1774/3627/1089
f 1774/3627/1089 633/3626/1089 1788/3628/1089
f 1774/3627/1648 1788/3628/1648 1779/3629/1648
f 1779/3629/1648 1788/3628/1648 1789/3630/1648
f 1779/3629/1649 1789/3630/1649 1780/3631/1649
f 1780/3631/1649 1789/3630/1649 1790/3632/1649
usemtl miyoo_shell
f 1780/3631/1650 1790/3632/1650 1783/3633/1650
f 1783/3633/1650 1790/3632/1650 1791/3634/1650
f 1783/3633/1651 1791/3634/1651 1784/3635/1651
f 1784/3635/1651 1791/3634/1651 1792/3636/1651
f 1784/3635/1652 1792/3636/1652 1761/3637/1652
f 1761/3637/1652 1792/3636/1652 1760/3638/1652
usemtl miyoo_front
f 618/3639/1653 1793/3640/1653 622/3641/1653
f 622/3641/1654 1793/3640/1654 1794/3642/1654
f 622/3641/839 1794/3642/839 627/3643/839
f 633/3644/1655 632/3645/1655 1788/3646/1655
f 1788/3646/1656 632/3645/1656 1795/3647/1656
f 1788/3646/1657 1795/3647/1657 1789/3648/1657
f 1789/3648/1658 1795/3647/1658 1790/3649/1658
usemtl miyoo_shell
f 1790/3649/1659 1795/3647/1659 1791/3650/1659
f 1791/3650/1660 1795/3647/1660 1759/3651/1660
f 1791/3650/1661 1759/3651/1661 1792/3652/1661
f 1792/3652/1662 1759/3651/1662 1760/3653/1662
usemtl miyoo_front
f 1793/3640/1663 1796/3654/1663 1794/3642/1663
f 628/3655/1664 627/3643/1664 1797/3656/1664
f 628/3655/1665 1797/3656/1665 630/3657/1665
f 632/3645/1666 630/3657/1666 1795/3647/1666
f 1796/3654/1667 1798/3658/1667 1794/3642/1667
f 627/3643/1668 1794/3642/1668 1799/3659/1668
f 627/3643/1669 1799/3659/1669 1797/3656/1669
f 630/3657/1670 1797/3656/1670 1800/3660/1670
f 630/3657/1671 1800/3660/1671 1795/3647/1671
usemtl miyoo_shell
f 1798/3658/1672 1801/3661/1672 1794/3642/1672
f 1794/3642/1673 1801/3661/1673 1756/3662/1673
f 1794/3642/1674 1756/3662/1674 1799/3659/1674
f 1801/3661/1675 1802/3663/1675 1756/3662/1675
f 1799/3659/1676 1756/3662/1676 1755/3664/1676
f 1799/3659/1677 1755/3664/1677 1797/3656/1677
f 1797/3656/1678 1755/3664/1678 1757/3665/1678
f 1797/3656/1679 1757/3665/1679 1800/3660/1679
f 1795/3647/1680 1800/3660/1680 1759/3651/1680
f 1802/3663/1681 1376/3666/1681 1756/3662/1681
f 1800/3660/1682 1757/3665/1682 1758/3667/1682
f 1800/3660/1683 1758/3667/1683 1759/3651/1683
usemtl miyoo_front
f 618/3668/1684 615/3669/1684 1793/3670/1684
f 1793/3670/1684 615/3669/1684 1803/3671/1684
f 1793/3670/1685 1803/3671/1685 1796/3672/1685
f 1796/3672/1685 1803/3671/1685 1804/3673/1685
f 1796/3672/1686 1804/3673/1686 1798/3674/1686
f 1798/3674/1686 1804/3673/1686 1805/3675/1686
usemtl miyoo_shell
f 1798/3674/1687 1805/3675/1687 1801/3676/1687
f 1801/3676/1687 1805/3675/1687 1806/3677/1687
f 1801/3676/1688 1806/3677/1688 1802/3678/1688
f 1802/3678/1688 1806/3677/1688 1807/3679/1688
f 1802/3678/1689 1807/3679/1689 1376/3680/1689
f 1376/3680/1689 1807/3679/1689 1377/3681/1689
usemtl miyoo_front
f 606/3682/1690 1808/3683/1690 610/3684/1690
f 610/3684/1691 1808/3683/1691 611/3685/1691
f 611/3685/1692 1808/3683/1692 1809/3686/1692
f 611/3685/1693 1809/3686/1693 612/3687/1693
f 612/3687/1694 1809/3686/1694 613/3688/1694
usemtl miyoo_shell
f 613/3688/1695 1809/3686/1695 1803/3689/1695
usemtl miyoo_front
f 613/3688/1696 1803/3689/1696 614/3690/1696
f 614/3690/1697 1803/3689/1697 615/3691/1697
f 1803/3689/1698 1810/3692/1698 1804/3693/1698
f 1804/3693/1699 1810/3692/1699 1805/3694/1699
usemtl miyoo_shell
f 1805/3694/1700 1810/3692/1700 1806/3695/1700
f 1806/3695/1701 1810/3692/1701 1754/3696/1701
f 1806/3695/1702 1754/3696/1702 1807/3697/1702
f 1807/3697/1703 1754/3696/1703 1377/3698/1703
f 1808/3683/57 1811/3699/57 1812/3700/57
usemtl miyoo_front
f 1808/3683/1704 1812/3700/1704 1809/3686/1704
f 1809/3686/1705 1812/3700/1705 1813/3701/1705
f 1809/3686/1706 1813/3701/1706 1803/3689/1706
f 1803/3689/1707 1813/3701/1707 1810/3692/1707
usemtl miyoo_shell
f 1814/3702/57 1815/3703/57 1812/3700/57
f 1812/3700/1708 1815/3703/1708 1750/3704/1708
f 1812/3700/1709 1750/3704/1709 1813/3701/1709
f 1813/3701/1710 1750/3704/1710 1751/3705/1710
f 1813/3701/1711 1751/3705/1711 1752/3706/1711
f 1813/3701/1712 1752/3706/1712 1810/3692/1712
f 1810/3692/1713 1752/3706/1713 1753/3707/1713
f 1810/3692/1714 1753/3707/1714 1754/3696/1714
f 1815/3703/1715 1748/3708/1715 1750/3704/1715
usemtl miyoo_front
f 606/3709/1716 602/3710/1716 1808/3711/1716
f 1808/3711/1716 602/3710/1716 1816/3712/1716
f 1808/3711/1717 1816/3712/1717 1811/3713/1717
f 1811/3713/1717 1816/3712/1717 1817/3714/1717
f 1811/3713/1718 1817/3714/1718 1812/3715/1718
f 1812/3715/1718 1817/3714/1718 1818/3716/1718
usemtl miyoo_shell
f 1812/3715/1719 1818/3716/1719 1814/3717/1719
f 1814/3717/1719 1818/3716/1719 1819/3718/1719
f 1814/3717/1720 1819/3718/1720 1815/3719/1720
f 1815/3719/1720 1819/3718/1720 1820/3720/1720
f 1815/3719/1721 1820/3720/1721 1748/3721/1721
f 1748/3721/1721 1820/3720/1721 1749/3722/1721
usemtl miyoo_front
f 587/3723/1722 1773/3724/1722 592/3725/1722
f 592/3725/1723 1773/3724/1723 597/3726/1723
f 597/3726/1724 1773/3724/1724 1821/3727/1724
f 597/3726/1725 1821/3727/1725 598/3728/1725
f 598/3728/1726 1821/3727/1726 600/3729/1726
f 601/3730/1727 600/3729/1727 1816/3731/1727
f 601/3730/1728 1816/3731/1728 602/3732/1728
f 1816/3731/1729 1822/3733/1729 1817/3734/1729
usemtl miyoo_shell
f 1817/3734/1730 1822/3733/1730 1819/3735/1730
f 1817/3734/30 1819/3735/30 1818/3736/30
f 1819/3735/1731 1823/3737/1731 1820/3738/1731
f 1820/3738/1732 1823/3737/1732 1749/3739/1732
f 1773/3724/267 1771/3740/267 1769/3741/267
usemtl miyoo_front
f 1773/3724/1733 1769/3741/1733 1821/3727/1733
f 600/3729/1734 1821/3727/1734 1822/3733/1734
f 600/3729/1735 1822/3733/1735 1816/3731/1735
f 1821/3727/1736 1824/3742/1736 1822/3733/1736
usemtl miyoo_shell
f 1821/3727/1737 1769/3741/1737 1824/3742/1737
f 1822/3733/1738 1824/3742/1738 1825/3743/1738
f 1822/3733/1739 1825/3743/1739 1819/3735/1739
f 1767/3744/267 1765/3745/267 1769/3741/267
f 1769/3741/1740 1765/3745/1740 1826/3746/1740
f 1769/3741/1741 1826/3746/1741 1824/3742/1741
f 1824/3742/1742 1826/3746/1742 1827/3747/1742
f 1819/3735/1743 1825/3743/1743 1823/3737/1743
f 1765/3745/1744 1763/3748/1744 1826/3746/1744
f 1824/3742/803 1827/3747/803 1828/3749/803
f 1824/3742/1745 1828/3749/1745 1825/3743/1745
f 1763/3750/598 1553/3751/598 1826/3752/598
f 1826/3752/598 1553/3751/598 1562/3753/598
f 1826/3752/704 1562/3753/704 1827/3754/704
f 1827/3754/704 1562/3753/704 1572/3755/704
f 1827/3754/852 1572/3755/852 1828/3756/852
f 1828/3756/852 1572/3755/852 1567/3757/852
f 1828/3756/1746 1567/3757/1746 1825/3758/1746
f 1825/3758/1746 1567/3757/1746 1571/3759/1746
f 1825/3758/1747 1571/3759/1747 1823/3760/1747
f 1823/3760/1747 1571/3759/1747 1570/3761/1747
f 1823/3760/1748 1570/3761/1748 1749/3762/1748
f 1749/3762/1748 1570/3761/1748 1573/3763/1748
f 1422/3764/30 1380/3765/30 1762/3766/30
f 1762/3766/30 1380/3765/30 1379/3767/30
f 1762/3766/30 1379/3767/30 1763/3768/30
f 1763/3768/30 1379/3767/30 1394/3769/30
f 1763/3768/30 1394/3769/30 1392/3770/30
f 1392/3770/30 1390/3771/30 1763/3768/30
f 1763/3768/30 1390/3771/30 1388/3772/30
f 1763/3768/30 1388/3772/30 1386/3773/30
f 1386/3773/30 1384/3774/30 1763/3768/30
f 1763/3768/30 1384/3774/30 1406/3775/30
f 1763/3768/30 1406/3775/30 1404/3776/30
f 1763/3768/30 1404/3776/30 1553/3777/30
f 1553/3777/30 1404/3776/30 1402/3778/30
f 1553/3777/30 1402/3778/30 1400/3779/30
f 1400/3779/30 1398/3780/30 1553/3777/30
f 1553/3777/30 1398/3780/30 1544/3781/30
f 1544/3781/30 1398/3780/30 1396/3782/30
f 1544/3781/30 1396/3782/30 1407/3783/30
f 1407/3783/30 1420/3784/30 1544/3781/30
f 1544/3781/30 1420/3784/30 1418/3785/30
f 1544/3781/30 1418/3785/30 1416/3786/30
f 1416/3786/30 1414/3787/30 1544/3781/30
f 1544/3781/30 1414/3787/30 1762/3766/30
f 1762/3766/30 1414/3787/30 1412/3788/30
f 1762/3766/30 1412/3788/30 1410/3789/30
f 1410/3789/30 1430/3790/30 1762/3766/30
f 1762/3766/30 1430/3790/30 1428/3791/30
f 1762/3766/30 1428/3791/30 1426/3792/30
f 1426/3792/30 1424/3793/30 1762/3766/30
f 1762/3766/30 1424/3793/30 1422/3764/30
usemtl miyoo_front
f 1829/3794/1749 1830/3795/1749 1831/3796/1749
f 1831/3796/1749 1830/3795/1749 1832/3797/1749
f 1831/3796/1750 1832/3797/1750 1833/3798/1750
f 1833/3798/1750 1832/3797/1750 1834/3799/1750
f 1833/3798/1751 1834/3799/1751 1835/3800/1751
f 1835/3800/1751 1834/3799/1751 1836/3801/1751
usemtl miyoo_shell
f 1835/3800/1752 1836/3801/1752 1837/3802/1752
f 1837/3802/1752 1836/3801/1752 1838/3803/1752
f 1837/3802/1753 1838/3803/1753 1839/3804/1753
f 1839/3804/1753 1838/3803/1753 1840/3805/1753
f 1839/3804/1754 1840/3805/1754 605/3806/1754
f 605/3806/1754 1840/3805/1754 604/3807/1754
usemtl miyoo_front
f 1841/3808/1755 1842/3809/1755 1843/3810/1755
f 1830/3811/1756 1844/3812/1756 1832/3813/1756
f 1832/3813/1757 1844/3812/1757 1834/3814/1757
f 1834/3814/1758 1844/3812/1758 603/3815/1758
f 1834/3814/1759 603/3815/1759 1836/3816/1759
usemtl miyoo_shell
f 1836/3816/1760 603/3815/1760 1838/3817/1760
f 1838/3817/1761 603/3815/1761 1840/3818/1761
f 1840/3818/1762 603/3815/1762 604/3819/1762
usemtl miyoo_front
f 1842/3809/1763 1845/3820/1763 1843/3810/1763
f 1845/3820/1764 1846/3821/1764 1843/3810/1764
f 1844/3812/1765 1847/3822/1765 603/3815/1765
usemtl miyoo_shell
f 1846/3821/1766 1848/3823/1766 1843/3810/1766
usemtl miyoo_front
f 1849/3824/1767 1850/3825/1767 596/3826/1767
f 1849/3824/1768 596/3826/1768 1847/3822/1768
usemtl miyoo_shell
f 1848/3823/1769 1851/3827/1769 1843/3810/1769
usemtl miyoo_front
f 1843/3810/1770 1851/3827/1770 594/3828/1770
f 1843/3810/1771 594/3828/1771 1850/3825/1771
f 1850/3825/1772 594/3828/1772 593/3829/1772
f 1850/3825/1773 593/3829/1773 596/3826/1773
f 1847/3822/1768 596/3826/1768 599/3830/1768
f 1847/3822/1774 599/3830/1774 603/3815/1774
usemtl miyoo_shell
f 1851/3827/1775 595/3831/1775 594/3828/1775
f 684/3832/1776 1852/3833/1776 688/3834/1776
f 605/3835/1777 607/3836/1777 1839/3837/1777
f 1839/3837/1778 607/3836/1778 1837/3838/1778
usemtl miyoo_front
f 1837/3838/1779 607/3836/1779 1853/3839/1779
usemtl miyoo_shell
f 1837/3838/1780 1853/3839/1780 1835/3840/1780
usemtl miyoo_front
f 1835/3840/1781 1853/3839/1781 1833/3841/1781
f 1833/3841/1782 1853/3839/1782 1831/3842/1782
f 1831/3842/1783 1853/3839/1783 1829/3843/1783
usemtl miyoo_shell
f 1852/3833/1784 1854/3844/1784 688/3834/1784
f 1854/3844/1785 1855/3845/1785 688/3834/1785
usemtl miyoo_front
f 609/3846/1786 689/3847/1786 1856/3848/1786
f 609/3846/1787 1856/3848/1787 608/3849/1787
f 608/3849/1788 1856/3848/1788 1857/3850/1788
f 608/3849/1789 1857/3850/1789 607/3836/1789
f 607/3836/1790 1857/3850/1790 1853/3839/1790
f 1855/3845/1791 1858/3851/1791 688/3834/1791
f 689/3847/1792 688/3834/1792 1859/3852/1792
f 689/3847/1793 1859/3852/1793 1856/3848/1793
f 1858/3851/1794 1860/3853/1794 688/3834/1794
f 688/3834/1795 1860/3853/1795 1861/3854/1795
f 688/3834/1796 1861/3854/1796 1859/3852/1796
f 1860/3853/1797 1862/3855/1797 1861/3854/1797
f 1841/3856/1798 1863/3857/1798 1842/3858/1798
f 1842/3858/1798 1863/3857/1798 1864/3859/1798
f 1842/3858/1799 1864/3859/1799 1845/3860/1799
f 1845/3860/1799 1864/3859/1799 1865/3861/1799
f 1845/3860/1800 1865/3861/1800 1846/3862/1800
f 1846/3862/1800 1865/3861/1800 1866/3863/1800
usemtl miyoo_shell
f 1846/3862/1801 1866/3863/1801 1848/3864/1801
f 1848/3864/1801 1866/3863/1801 1867/3865/1801
f 1848/3864/1802 1867/3865/1802 1851/3866/1802
f 1851/3866/1802 1867/3865/1802 1868/3867/1802
f 1851/3866/1803 1868/3867/1803 595/3868/1803
f 595/3868/1803 1868/3867/1803 588/3869/1803
f 684/3870/1804 654/3871/1804 1852/3872/1804
f 1852/3872/1804 654/3871/1804 1869/3873/1804
f 1852/3872/1805 1869/3873/1805 1854/3874/1805
f 1854/3874/1805 1869/3873/1805 1870/3875/1805
f 1854/3874/1806 1870/3875/1806 1855/3876/1806
f 1855/3876/1806 1870/3875/1806 1871/3877/1806
usemtl miyoo_front
f 1855/3876/1807 1871/3877/1807 1858/3878/1807
f 1858/3878/1807 1871/3877/1807 1872/3879/1807
f 1858/3878/1808 1872/3879/1808 1860/3880/1808
f 1860/3880/1808 1872/3879/1808 1873/3881/1808
f 1860/3880/1809 1873/3881/1809 1862/3882/1809
f 1862/3882/1809 1873/3881/1809 1874/3883/1809
f 1875/3884/1810 1876/3885/1810 1877/3886/1810
f 1863/3887/1811 1878/3888/1811 1864/3889/1811
f 1864/3889/1812 1878/3888/1812 590/3890/1812
f 1864/3889/1813 590/3890/1813 1865/3891/1813
f 1865/3891/1814 590/3890/1814 1866/3892/1814
usemtl miyoo_shell
f 1866/3892/1815 590/3890/1815 1867/3893/1815
f 1867/3893/1816 590/3890/1816 1868/3894/1816
f 1868/3894/1817 590/3890/1817 588/3895/1817
usemtl miyoo_front
f 1876/3885/1818 1879/3896/1818 1877/3886/1818
f 1878/3888/1819 1880/3897/1819 590/3890/1819
f 1879/3896/1820 1881/3898/1820 1877/3886/1820
usemtl miyoo_shell
f 1881/3898/1821 1882/3899/1821 1877/3886/1821
usemtl miyoo_front
f 1877/3886/1822 1882/3899/1822 640/3900/1822
f 1877/3886/1823 640/3900/1823 1883/3901/1823
f 1883/3901/1824 640/3900/1824 639/3902/1824
f 1883/3901/1825 639/3902/1825 1884/3903/1825
f 1880/3897/1826 1884/3903/1826 591/3904/1826
f 1880/3897/1827 591/3904/1827 590/3890/1827
usemtl miyoo_shell
f 1882/3899/1828 1885/3905/1828 640/3900/1828
usemtl miyoo_front
f 1884/3903/1825 639/3902/1825 644/3906/1825
f 1884/3903/1829 644/3906/1829 591/3904/1829
usemtl miyoo_shell
f 1885/3905/1830 641/3907/1830 640/3900/1830
f 635/3908/1831 1886/3909/1831 636/3910/1831
f 654/3911/1832 652/3912/1832 1869/3913/1832
f 1869/3913/1833 652/3912/1833 1870/3914/1833
f 1870/3914/1834 652/3912/1834 1871/3915/1834
usemtl miyoo_front
f 1871/3915/1835 652/3912/1835 1887/3916/1835
f 1871/3915/1836 1887/3916/1836 1872/3917/1836
f 1872/3917/1837 1887/3916/1837 1873/3918/1837
f 1873/3918/1838 1887/3916/1838 1874/3919/1838
usemtl miyoo_shell
f 1886/3909/1839 1888/3920/1839 636/3910/1839
usemtl miyoo_front
f 647/3921/1840 637/3922/1840 1889/3923/1840
f 647/3921/1841 1889/3923/1841 651/3924/1841
usemtl miyoo_shell
f 1888/3920/1842 1890/3925/1842 636/3910/1842
usemtl miyoo_front
f 636/3910/1843 1890/3925/1843 1891/3926/1843
f 636/3910/1844 1891/3926/1844 637/3922/1844
f 1890/3925/1845 1892/3927/1845 1891/3926/1845
f 637/3922/1846 1891/3926/1846 1893/3928/1846
f 637/3922/1847 1893/3928/1847 1889/3923/1847
f 651/3924/1848 1889/3923/1848 1894/3929/1848
f 651/3924/1849 1894/3929/1849 652/3912/1849
f 652/3912/1850 1894/3929/1850 1887/3916/1850
f 1892/3927/1851 1895/3930/1851 1891/3926/1851
f 1895/3930/1852 1896/3931/1852 1891/3926/1852
f 1875/3932/1853 1896/3933/1853 1876/3934/1853
f 1876/3934/1853 1896/3933/1853 1895/3935/1853
f 1876/3934/1854 1895/3935/1854 1879/3936/1854
f 1879/3936/1854 1895/3935/1854 1892/3937/1854
f 1879/3936/1855 1892/3937/1855 1881/3938/1855
f 1881/3938/1855 1892/3937/1855 1890/3939/1855
usemtl miyoo_shell
f 1881/3938/1856 1890/3939/1856 1882/3940/1856
f 1882/3940/1856 1890/3939/1856 1888/3941/1856
f 1882/3940/1857 1888/3941/1857 1885/3942/1857
f 1885/3942/1857 1888/3941/1857 1886/3943/1857
f 1885/3942/1858 1886/3943/1858 641/3944/1858
f 641/3944/1858 1886/3943/1858 635/3945/1858
usemtl miyoo_front
usemtl miyoo_screen
f 1829/3946/166 1875/3947/166 1830/3948/166
usemtl miyoo_front
f 1830/3948/166 1875/3947/166 1841/3949/166
f 1830/3948/166 1841/3949/166 1844/3950/166
f 1844/3950/166 1841/3949/166 1847/3951/166
f 1847/3951/166 1841/3949/166 1849/3952/166
f 1849/3952/166 1841/3949/166 1850/3953/166
f 1850/3953/166 1841/3949/166 1843/3954/166
f 1853/3955/166 1862/3956/166 1829/3946/166
f 1829/3946/166 1862/3956/166 1896/3957/166
usemtl miyoo_screen
f 1829/3946/166 1896/3957/166 1875/3947/166
usemtl miyoo_front
f 1853/3955/166 1857/3958/166 1862/3956/166
f 1862/3956/166 1857/3958/166 1856/3959/166
f 1862/3956/166 1856/3959/166 1859/3960/166
f 1859/3960/166 1861/3961/166 1862/3956/166
f 1862/3956/166 1874/3962/166 1896/3957/166
f 1896/3957/166 1874/3962/166 1891/3963/166
f 1891/3963/166 1874/3962/166 1893/3964/166
f 1893/3964/166 1874/3962/166 1889/3965/166
f 1889/3965/166 1874/3962/166 1894/3966/166
f 1894/3966/166 1874/3962/166 1887/3967/166
f 1841/3949/166 1875/3947/166 1863/3968/166
f 1863/3968/166 1875/3947/166 1877/3969/166
f 1863/3968/166 1877/3969/166 1883/3970/166
f 1883/3970/166 1884/3971/166 1863/3968/166
f 1863/3968/166 1884/3971/166 1880/3972/166
f 1863/3968/166 1880/3972/166 1878/3973/166
usemtl miyoo_back
f 1743/3974/413 1671/3975/413 1706/3976/413
f 1706/3976/413 1671/3975/413 1650/3977/413
f 1706/3976/413 1650/3977/413 1649/3978/413
f 1706/3976/413 1722/3979/413 1743/3974/413
f 1743/3974/413 1722/3979/413 1747/3980/413
f 1743/3974/413 1747/3980/413 1746/3981/413
f 1746/3981/413 1745/3982/413 1743/3974/413
f 1743/3974/413 1745/3982/413 1744/3983/413
usemtl miyoo_shell
f 1761/3984/1859 1525/3985/1859 1785/3986/1859
f 1785/3986/1859 1525/3985/1859 1535/3987/1859
f 1785/3986/1860 1535/3987/1860 1782/3988/1860
f 1782/3988/1860 1535/3987/1860 1542/3989/1860
f 1782/3988/1861 1542/3989/1861 1787/3990/1861
f 1787/3990/1861 1542/3989/1861 1546/3991/1861
f 1787/3990/1862 1546/3991/1862 1786/3992/1862
f 1786/3992/1862 1546/3991/1862 1540/3993/1862
f 1786/3992/706 1540/3993/706 1778/3994/706
f 1778/3994/706 1540/3993/706 1545/3995/706
f 1778/3994/1863 1545/3995/1863 1762/3996/1863
f 1762/3996/1863 1545/3995/1863 1544/3997/1863
